timestamp,open,high,low,close,volume,cum_buy_volume,cum_ticks,cum_dollar_value
2026-05-25 09:23:01.459217802+05:30,391.9500000000001,398.25,389.7000000000001,393.1,30836.0,15040.0,669,12168598.049999995
2026-05-25 09:31:06.336293684+05:30,393.4500000000001,393.9,387.9500000000001,388.9,13103.0,5490.0,257,5122334.949999999
2026-05-25 09:39:08.110405664+05:30,388.9500000000001,397.4,388.9500000000001,395.1,10007.0,5225.0,205,3951772.099999998
2026-05-25 09:47:08.337680696+05:30,395.35,395.75,393.1,394.0,5066.0,2711.0,137,1997010.2999999998
2026-05-25 09:55:11.125056215+05:30,393.8,395.3,391.2000000000001,391.3,5414.0,2206.0,130,2132775.249999999
2026-05-25 10:03:19.642289978+05:30,391.4500000000001,393.35,387.8,389.6,5737.0,2180.0,116,2234004.199999999
2026-05-25 10:11:21.930264140+05:30,389.75,394.15,389.55,393.1,4347.0,2050.0,105,1704192.75
2026-05-25 10:19:27.605665390+05:30,393.1,393.35,387.1,387.4,3978.0,1493.0,99,1553819.8500000006
2026-05-25 10:27:33.810184459+05:30,387.4500000000001,388.9500000000001,385.6,387.25,6588.0,2925.0,104,2550556.4499999997
2026-05-25 10:35:38.908985074+05:30,386.75,387.4,380.65,380.7000000000001,3727.0,1509.0,90,1432771.65
2026-05-25 10:43:44.367680424+05:30,380.55,383.65,380.55,382.35,4136.0,2237.0,85,1581973.55
2026-05-25 10:51:44.413557972+05:30,382.85,383.05,380.4,381.35,4184.0,1901.0,100,1595573.7
2026-05-25 10:59:48.824469652+05:30,381.15,382.4500000000001,379.35,380.75,3081.0,1576.0,68,1173575.0
2026-05-25 11:07:56.818289537+05:30,380.4500000000001,384.25,380.2000000000001,382.25,4706.0,2494.0,94,1799629.0
2026-05-25 11:16:03.775138681+05:30,382.05,385.3,381.2000000000001,384.75,4694.0,2617.0,85,1798019.5999999994
2026-05-25 11:24:05.821784199+05:30,384.4500000000001,384.6,381.5,381.75,3412.0,1290.0,83,1307835.8499999994
2026-05-25 11:32:06.697285736+05:30,381.75,383.1,379.1,382.9,3148.0,1646.0,78,1198846.3500000003
2026-05-25 11:40:20.738172864+05:30,383.15,384.65,382.4,383.6,3854.0,2330.0,86,1478440.45
2026-05-25 11:48:23.945150073+05:30,383.35,384.0,380.65,382.55,3516.0,1581.0,86,1342703.7999999996
2026-05-25 11:56:26.466157017+05:30,382.0,383.55,379.4500000000001,383.5,2940.0,1601.0,77,1120831.8
2026-05-25 12:04:32.423547935+05:30,383.5,385.3,382.5,384.35,2824.0,1462.0,72,1084269.4999999998
2026-05-25 12:12:32.838263648+05:30,384.15,385.9500000000001,383.7000000000001,383.7000000000001,2599.0,923.0,74,999833.8000000004
2026-05-25 12:20:39.005399027+05:30,383.6,385.0,383.4,383.4,3589.0,1902.0,72,1378720.0499999998
2026-05-25 12:28:47.887543908+05:30,383.4,383.6,381.0,381.0,3113.0,1579.0,79,1191319.35
2026-05-25 12:37:02.269609228+05:30,381.05,381.15,377.35,377.6,3651.0,1314.0,69,1383159.9500000002
2026-05-25 12:45:06.485645245+05:30,377.6,380.85,377.15,378.15,2694.0,1348.0,77,1019846.2000000002
2026-05-25 12:53:10.683569860+05:30,378.0,378.15,376.25,376.5,2645.0,965.0,72,997471.3
2026-05-25 13:01:31.057533519+05:30,376.4,378.25,375.3,378.0,4175.0,2872.0,84,1574465.7500000002
2026-05-25 13:09:45.685455822+05:30,378.55,380.85,377.75,378.05,3369.0,2146.0,72,1277706.2000000004
2026-05-25 13:17:58.138397460+05:30,378.05,379.9,377.3,378.85,3220.0,1880.0,71,1218481.0999999999
2026-05-25 13:26:05.307545690+05:30,378.6,379.65,377.5,379.15,3096.0,1510.0,72,1171981.5
2026-05-25 13:34:09.585666144+05:30,379.4,383.25,379.4,382.4,3651.0,2229.0,78,1395174.9000000001
2026-05-25 13:42:15.600257759+05:30,383.0,386.85,382.4500000000001,385.7000000000001,3838.0,2097.0,98,1477253.9999999998
2026-05-25 13:50:28.045415743+05:30,385.8,388.2000000000001,384.6,388.2000000000001,4323.0,3081.0,94,1670937.8000000003
2026-05-25 13:58:35.781409843+05:30,387.85,389.35,386.3,387.55,3025.0,1304.0,84,1173482.5
2026-05-25 14:06:38.327012295+05:30,387.9500000000001,389.0,386.35,386.35,3512.0,1924.0,91,1361055.7499999998
2026-05-25 14:14:38.368740421+05:30,385.85,387.1,384.55,386.8,4147.0,2333.0,83,1599539.4000000004
2026-05-25 14:22:52.932925513+05:30,386.9,391.9,386.85,389.7000000000001,4435.0,2281.0,119,1727638.4999999998
2026-05-25 14:30:53.692079995+05:30,390.0,394.05,389.6,392.6,3832.0,2050.0,98,1502933.0500000003
2026-05-25 14:39:00.426406944+05:30,392.4,393.4500000000001,387.4500000000001,388.7000000000001,5089.0,2464.0,116,1980916.95
2026-05-25 14:47:02.105937963+05:30,387.85,394.25,387.85,393.9500000000001,6725.0,2826.0,123,2625984.5500000007
2026-05-25 14:55:02.727354070+05:30,393.85,397.15,392.65,397.15,6957.0,3688.0,133,2744292.8000000003
2026-05-25 15:03:04.118271494+05:30,396.75,409.5,395.0,409.05,6583.0,3630.0,141,2649171.5499999993
2026-05-25 15:11:04.844450609+05:30,409.0,410.3,403.75,404.35,8993.0,3964.0,185,3666886.7
2026-05-25 15:19:04.924203007+05:30,404.4,406.15,398.9,401.25,9091.0,4843.0,204,3660007.100000001
2026-05-25 15:27:06.011855257+05:30,401.2000000000001,404.25,395.35,396.6,14129.0,7473.0,336,5651406.800000002
2026-05-26 09:15:00.000085488+05:30,396.35,406.85,390.9,406.85,18682.0,10565.0,404,7389653.700000006
2026-05-26 09:23:04.276493793+05:30,406.9,408.5,397.2000000000001,398.15,28072.0,15005.0,614,11338046.149999991
2026-05-26 09:31:05.308905503+05:30,398.4,398.65,389.4500000000001,392.4,9687.0,4462.0,227,3810424.700000001
2026-05-26 09:39:11.855323395+05:30,392.4500000000001,395.6,389.2000000000001,391.75,7810.0,3669.0,191,3063839.8500000006
2026-05-26 09:47:25.952886265+05:30,391.9500000000001,396.7000000000001,391.6,396.15,6021.0,3745.0,150,2372469.2499999995
2026-05-26 09:55:26.289045174+05:30,395.7000000000001,396.75,391.1,392.4,5584.0,2220.0,131,2195734.600000001
2026-05-26 10:03:27.740724891+05:30,392.75,397.5,392.75,397.3,4991.0,3298.0,116,1968662.1500000004
2026-05-26 10:11:30.368250535+05:30,397.5,398.15,396.4500000000001,396.4500000000001,4344.0,1711.0,82,1725802.7000000002
2026-05-26 10:19:34.133596814+05:30,396.25,398.4,394.75,396.15,4058.0,2024.0,102,1610711.0000000002
2026-05-26 10:27:40.238094387+05:30,395.9,402.0,395.9,401.4500000000001,5869.0,2439.0,107,2339212.4
2026-05-26 10:35:45.965390836+05:30,401.85,404.75,400.85,404.75,5003.0,2187.0,99,2014497.65
2026-05-26 10:43:47.511032899+05:30,404.9500000000001,411.1,404.65,411.1,4413.0,2598.0,97,1801720.15
2026-05-26 10:51:52.344760503+05:30,411.15,412.5,408.3,411.0,4683.0,1986.0,89,1921555.4000000004
2026-05-26 10:59:58.780232047+05:30,411.05,416.05,410.9500000000001,415.85,4254.0,3210.0,83,1758671.75
2026-05-26 11:08:11.231828662+05:30,414.55,420.35,414.5,419.65,6091.0,2197.0,95,2543091.7
2026-05-26 11:16:25.631658047+05:30,419.5,421.05,417.3,418.0,2484.0,1293.0,76,1041253.3500000002
2026-05-26 11:24:35.364376366+05:30,418.55,418.85,414.55,414.6,4601.0,1597.0,87,1914431.8500000003
2026-05-26 11:32:47.992111104+05:30,414.8,416.25,410.35,412.5,3680.0,2027.0,93,1521232.4999999995
2026-05-26 11:41:20.662889410+05:30,412.6,414.9,412.4,414.05,3900.0,2536.0,97,1614339.6000000003
2026-05-26 11:49:20.723490634+05:30,414.15,416.8,413.35,416.8,3708.0,2295.0,88,1539231.7500000005
2026-05-26 11:57:21.172577005+05:30,416.65,417.65,414.35,414.35,1762.0,801.0,47,732827.35
2026-05-26 12:05:22.224496335+05:30,414.0,418.4500000000001,414.0,417.9500000000001,3753.0,1572.0,80,1564266.4499999997
2026-05-26 12:13:28.152376627+05:30,417.9,418.75,415.35,417.1,4334.0,1424.0,82,1807617.250000001
2026-05-26 12:21:33.899806075+05:30,417.55,417.55,415.05,415.2000000000001,3620.0,2115.0,88,1506296.999999999
2026-05-26 12:29:39.335116473+05:30,415.25,420.6,414.65,419.4500000000001,3003.0,1791.0,70,1255716.7499999995
2026-05-26 12:38:12.347805732+05:30,419.65,419.85,415.9500000000001,416.75,4070.0,1787.0,79,1702759.7500000002
2026-05-26 12:46:28.305062093+05:30,416.75,420.1,416.1,420.1,5397.0,2896.0,82,2260947.6000000006
2026-05-26 12:54:29.370118772+05:30,419.55,420.75,417.7000000000001,418.5,2580.0,1196.0,52,1080922.2
2026-05-26 13:02:36.383524474+05:30,418.05,420.75,418.05,419.75,2834.0,1496.0,71,1189431.7500000005
2026-05-26 13:10:38.922849113+05:30,419.65,420.3,416.75,416.75,6351.0,1875.0,84,2662061.9000000004
2026-05-26 13:18:38.937341617+05:30,416.4500000000001,416.4500000000001,409.4,409.4,3875.0,1266.0,67,1600153.7999999998
2026-05-26 13:26:56.962584878+05:30,408.7000000000001,409.0,405.7000000000001,406.05,3999.0,2659.0,72,1628460.5999999996
2026-05-26 13:34:59.767968358+05:30,406.3,407.25,405.6,406.2000000000001,3402.0,1637.0,83,1382640.0999999996
2026-05-26 13:43:01.392355780+05:30,406.4500000000001,407.4,405.2000000000001,406.85,3192.0,1751.0,84,1297616.3
2026-05-26 13:51:01.736174285+05:30,407.0,409.9,405.2000000000001,409.9,2944.0,1717.0,86,1197047.9499999997
2026-05-26 13:59:08.910905994+05:30,409.75,410.0,405.85,406.75,4421.0,1807.0,96,1802396.4000000004
2026-05-26 14:07:09.991472474+05:30,405.9,409.05,404.7000000000001,408.55,3280.0,1564.0,92,1332526.5499999996
2026-05-26 14:15:14.128209585+05:30,408.35,410.15,405.75,406.85,5096.0,1754.0,89,2078395.3999999997
2026-05-26 14:23:21.602397908+05:30,407.1,409.0,406.25,408.4,3381.0,1771.0,83,1377850.1
2026-05-26 14:31:25.542629318+05:30,408.3,411.35,407.1,410.65,5124.0,3115.0,104,2097901.95
2026-05-26 14:39:32.635922288+05:30,410.55,412.05,408.0,408.4,5320.0,2662.0,113,2182489.7499999995
2026-05-26 14:47:35.450383522+05:30,408.4,417.9500000000001,408.35,416.9500000000001,5286.0,3034.0,110,2191035.65
2026-05-26 14:55:35.493012274+05:30,417.05,418.0,413.8,414.2000000000001,5595.0,2907.0,117,2325729.9
2026-05-26 15:03:36.347302824+05:30,413.85,414.4,409.5,409.5,5919.0,2785.0,141,2442113.7000000007
2026-05-26 15:11:36.478761302+05:30,409.25,410.8,406.9500000000001,408.1,6660.0,3787.0,161,2722687.4499999997
2026-05-26 15:19:39.871232859+05:30,408.0,409.25,405.2000000000001,409.15,8919.0,5542.0,180,3634070.149999999
2026-05-26 15:27:42.426909999+05:30,408.9500000000001,411.35,403.35,407.25,15801.0,6757.0,320,6432754.800000004
2026-05-27 09:15:00.000640902+05:30,407.1,407.1,397.5,400.75,16152.0,9102.0,370,6497461.100000001
2026-05-27 09:23:00.239962285+05:30,400.55,403.4500000000001,394.1,397.75,28656.0,14790.0,637,11418463.75
2026-05-27 09:31:00.891687196+05:30,398.1,398.4,393.9,395.75,9616.0,4953.0,240,3810798.0500000003
2026-05-27 09:39:24.669129298+05:30,395.5,397.85,393.0,393.9,7403.0,3946.0,175,2926400.949999999
2026-05-27 09:47:25.611240861+05:30,393.75,400.75,392.4,400.05,6642.0,3659.0,152,2632739.6
2026-05-27 09:55:26.119817798+05:30,399.9500000000001,399.9500000000001,394.4,396.55,5961.0,2859.0,135,2363521.1
2026-05-27 10:03:30.005234739+05:30,396.2000000000001,396.65,392.4500000000001,392.4500000000001,4159.0,1892.0,105,1641714.5500000003
2026-05-27 10:11:30.546187064+05:30,392.55,393.1,386.35,386.35,6619.0,2374.0,127,2581316.55
2026-05-27 10:19:41.601052412+05:30,386.7000000000001,388.5,384.9500000000001,387.75,4769.0,2501.0,103,1845043.2000000002
2026-05-27 10:27:54.360399271+05:30,387.8,387.9500000000001,385.35,386.25,3249.0,1594.0,94,1256655.2
2026-05-27 10:36:00.293171371+05:30,386.4,387.65,384.4,384.85,3633.0,1219.0,112,1401018.1499999994
2026-05-27 10:44:03.838450408+05:30,385.0,387.2000000000001,384.2000000000001,384.2000000000001,3650.0,2228.0,75,1407462.35
2026-05-27 10:52:05.241766649+05:30,384.25,384.9,381.9,383.2000000000001,3652.0,1867.0,99,1400031.2000000004
2026-05-27 11:00:12.644725559+05:30,383.0,383.0,379.0,381.65,4166.0,1616.0,93,1585485.65
2026-05-27 11:08:12.666126413+05:30,381.55,383.9500000000001,381.0,383.35,3820.0,2220.0,78,1461338.9000000004
2026-05-27 11:16:18.690408464+05:30,382.9500000000001,384.4,381.5,381.5,4881.0,1580.0,84,1868179.4000000001
2026-05-27 11:24:19.433811986+05:30,381.65,382.0,379.05,380.4,4347.0,2582.0,81,1654373.4000000004
2026-05-27 11:32:19.609059176+05:30,380.75,389.4,380.55,389.4,5472.0,3200.0,88,2101641.6000000006
2026-05-27 11:40:24.813130641+05:30,389.3,390.15,385.05,385.65,3014.0,1385.0,76,1168987.3000000003
2026-05-27 11:48:25.083036232+05:30,385.9500000000001,390.3,384.85,390.3,4610.0,2461.0,92,1783566.4500000002
2026-05-27 11:56:32.002578921+05:30,390.65,394.2000000000001,389.55,394.2000000000001,2682.0,1288.0,71,1051820.5999999999
2026-05-27 12:04:34.659840749+05:30,393.4,394.3,391.55,392.65,3648.0,1392.0,73,1433308.7000000004
2026-05-27 12:12:35.540406498+05:30,392.35,393.35,390.3,390.3,3525.0,1889.0,69,1382387.1500000001
2026-05-27 12:20:44.897627961+05:30,390.05,391.2000000000001,388.85,389.9,3221.0,1530.0,74,1256266.0
2026-05-27 12:28:54.721063349+05:30,389.6,389.6,386.75,388.6,3511.0,1660.0,64,1363794.55
2026-05-27 12:36:56.085154029+05:30,388.15,394.3,388.15,393.65,3185.0,2196.0,72,1245664.4
2026-05-27 12:44:57.471131891+05:30,393.75,393.75,391.6,392.65,2712.0,1050.0,71,1064178.55
2026-05-27 12:53:01.609419501+05:30,392.55,395.75,392.4500000000001,395.4,3185.0,1777.0,86,1255877.2
2026-05-27 13:01:08.884197344+05:30,395.3,395.55,393.05,393.1,3071.0,1256.0,65,1210866.2000000004
2026-05-27 13:09:09.293321278+05:30,392.55,394.5,390.6,390.6,4999.0,1984.0,83,1961851.4500000002
2026-05-27 13:17:35.766768198+05:30,390.25,392.4500000000001,389.3,390.1,3054.0,1601.0,70,1193694.5
2026-05-27 13:25:41.230740303+05:30,389.9500000000001,393.1,389.5,392.9,3369.0,1685.0,78,1317602.7500000007
2026-05-27 13:33:43.800830675+05:30,392.9,393.8,391.85,391.85,3218.0,1241.0,86,1263359.8999999997
2026-05-27 13:42:03.163794631+05:30,391.7000000000001,393.25,389.1,392.35,3378.0,1864.0,79,1321155.3000000003
2026-05-27 13:50:03.892252811+05:30,392.5,393.6,390.3,391.25,3903.0,1883.0,92,1531334.4
2026-05-27 13:58:05.417344429+05:30,391.25,391.4,383.1,383.25,3384.0,1200.0,82,1309764.3
2026-05-27 14:06:05.718215065+05:30,383.0,383.3,380.55,381.25,3653.0,1776.0,99,1394608.05
2026-05-27 14:14:14.605693860+05:30,381.4,385.4,381.4,383.65,4980.0,2349.0,107,1912555.5000000002
2026-05-27 14:22:18.030895500+05:30,383.65,386.8,383.35,384.15,3781.0,2166.0,97,1454941.5999999996
2026-05-27 14:30:18.534607440+05:30,384.3,389.9,384.2000000000001,387.4500000000001,4084.0,1766.0,108,1582624.8000000003
2026-05-27 14:38:20.395866306+05:30,387.55,389.9,385.35,389.9,5462.0,2794.0,118,2115528.900000001
2026-05-27 14:46:33.261108543+05:30,389.9,394.65,389.65,392.4500000000001,6467.0,3733.0,119,2538967.7500000005
2026-05-27 14:54:34.338506664+05:30,392.15,395.3,390.3,390.3,8608.0,3419.0,133,3381566.1000000006
2026-05-27 15:02:39.656402836+05:30,390.2000000000001,394.65,389.6,394.65,6526.0,3083.0,138,2560389.9500000007
2026-05-27 15:10:43.874430003+05:30,394.9,396.4500000000001,390.65,391.2000000000001,7924.0,3852.0,162,3121072.0500000017
2026-05-27 15:18:43.892137052+05:30,391.55,396.7000000000001,390.4,396.6,8566.0,4502.0,201,3365174.949999999
2026-05-27 15:26:46.509257521+05:30,396.4,402.9,393.8,402.5,12383.0,6795.0,303,4930846.100000001
2026-05-28 09:15:00.000002209+05:30,402.65,406.2000000000001,398.2000000000001,403.2000000000001,19789.0,11228.0,447,7955417.300000002
2026-05-28 09:23:00.882958181+05:30,403.15,407.7000000000001,398.85,406.9500000000001,41992.0,23615.0,833,16919336.549999986
2026-05-28 09:31:01.574911681+05:30,406.5,407.15,401.85,402.55,14764.0,7356.0,288,5961867.1499999985
2026-05-28 09:39:02.691000849+05:30,401.9500000000001,409.9,401.4,409.9,11394.0,6527.0,243,4632573.350000001
2026-05-28 09:47:04.397833498+05:30,409.4,410.35,406.6,409.15,8789.0,4481.0,194,3591347.449999999
2026-05-28 09:55:05.361612835+05:30,409.75,415.3,409.15,413.9,8771.0,4239.0,161,3604602.8999999976
2026-05-28 10:03:05.445852531+05:30,413.8,418.55,413.25,417.9,9833.0,6563.0,175,4097474.349999999
2026-05-28 10:11:08.345925515+05:30,418.05,426.7000000000001,418.05,423.3,7139.0,4205.0,139,3018433.7500000005
2026-05-28 10:19:12.326105718+05:30,423.3,425.9500000000001,421.25,425.0,6621.0,3888.0,135,2804316.3499999996
2026-05-28 10:27:12.641280897+05:30,425.15,425.9500000000001,423.35,423.75,5438.0,2871.0,133,2309244.5500000003
2026-05-28 10:35:15.777805144+05:30,423.9500000000001,426.85,423.9500000000001,425.05,4622.0,2534.0,110,1966203.55
2026-05-28 10:43:15.950034907+05:30,425.05,425.5,421.4,421.4,4488.0,2074.0,106,1902067.1500000004
2026-05-28 10:51:19.470286354+05:30,420.9,421.0,413.85,414.55,5368.0,2326.0,117,2238677.1499999994
2026-05-28 10:59:25.857903647+05:30,414.85,416.9500000000001,408.7000000000001,409.1,5053.0,1964.0,130,2084472.05
2026-05-28 11:07:29.089135323+05:30,408.9,414.2000000000001,407.15,414.2000000000001,5010.0,2570.0,96,2054232.3499999999
2026-05-28 11:15:40.347551221+05:30,414.4500000000001,416.2000000000001,412.55,415.9500000000001,5364.0,2849.0,111,2223812.9499999997
2026-05-28 11:23:48.855315858+05:30,416.2000000000001,420.15,416.15,420.15,5907.0,2996.0,102,2466231.9500000007
2026-05-28 11:31:50.205953423+05:30,420.25,423.1,420.0,421.2000000000001,4598.0,2138.0,116,1936068.3500000006
2026-05-28 11:39:52.623121518+05:30,421.65,423.15,419.2000000000001,420.9,5040.0,2827.0,115,2123910.499999999
2026-05-28 11:48:12.696992378+05:30,421.15,422.1,419.4,420.85,3737.0,2560.0,74,1573546.15
2026-05-28 11:56:13.898379134+05:30,420.9500000000001,420.9500000000001,418.1,420.1,4101.0,1962.0,97,1720856.3000000003
2026-05-28 12:04:18.976195295+05:30,420.75,422.5,420.1,420.4500000000001,2708.0,1655.0,85,1139952.8500000003
2026-05-28 12:12:19.221147138+05:30,420.6,422.75,419.9,422.3,5263.0,2306.0,92,2219363.05
2026-05-28 12:20:19.974333227+05:30,422.55,422.55,416.15,419.4,5136.0,2346.0,93,2150467.25
2026-05-28 12:28:21.009555602+05:30,419.4,422.8,418.85,421.75,4176.0,2503.0,111,1758586.2000000002
2026-05-28 12:36:24.007458710+05:30,421.25,425.75,421.0,423.2000000000001,5120.0,2108.0,100,2169338.400000001
2026-05-28 12:44:31.801885863+05:30,423.05,423.05,416.4500000000001,417.25,4752.0,2270.0,99,1990335.55
2026-05-28 12:52:33.297944047+05:30,417.35,418.55,413.65,415.0,4558.0,2338.0,106,1897792.5500000005
2026-05-28 13:00:34.944526072+05:30,415.2000000000001,416.05,410.8,413.55,4377.0,2071.0,112,1808447.1000000006
2026-05-28 13:08:35.136551836+05:30,413.6,415.0,412.2000000000001,412.55,5772.0,3028.0,99,2387177.3999999994
2026-05-28 13:16:44.465012423+05:30,411.9500000000001,414.35,411.2000000000001,414.1,3906.0,1800.0,110,1611792.4000000001
2026-05-28 13:24:53.959450700+05:30,414.05,415.7000000000001,411.55,414.75,4685.0,2324.0,99,1938563.8000000005
2026-05-28 13:32:54.142515100+05:30,414.2000000000001,417.3,414.2000000000001,414.65,4947.0,1611.0,100,2058367.5000000005
2026-05-28 13:40:59.686781915+05:30,414.7000000000001,416.1,412.1,412.1,4774.0,2649.0,119,1975243.9000000006
2026-05-28 13:49:00.005707978+05:30,412.15,414.8,410.8,410.8,3892.0,1938.0,108,1605835.5499999998
2026-05-28 13:57:00.863470065+05:30,411.35,413.85,410.05,412.0,4933.0,2648.0,122,2033175.7499999998
2026-05-28 14:05:07.809647560+05:30,412.0,414.9500000000001,411.1,414.15,6345.0,3532.0,124,2622774.8999999985
2026-05-28 14:13:14.538394776+05:30,414.05,418.9,413.25,417.05,6079.0,2821.0,131,2534687.7000000007
2026-05-28 14:21:14.653704646+05:30,417.3,418.3,411.3,411.3,5620.0,1919.0,122,2333392.05
2026-05-28 14:29:18.244600257+05:30,411.1,418.75,410.55,418.65,6877.0,4232.0,126,2852796.200000001
2026-05-28 14:37:26.813428216+05:30,418.9500000000001,419.2000000000001,410.9,410.9,6630.0,2376.0,133,2750975.5999999996
2026-05-28 14:45:29.530570092+05:30,410.9,411.3,407.3,409.0,5621.0,2241.0,127,2302137.95
2026-05-28 14:53:30.287295169+05:30,408.7000000000001,410.1,404.65,404.9500000000001,6053.0,2623.0,162,2467974.6
2026-05-28 15:01:32.436517182+05:30,405.0,407.0,403.7000000000001,404.15,9905.0,4546.0,199,4012802.2500000005
2026-05-28 15:09:34.778160282+05:30,404.25,407.4,398.85,399.55,8556.0,3231.0,197,3447388.7500000005
2026-05-28 15:17:35.212454692+05:30,399.05,405.05,397.05,402.1,11286.0,6205.0,260,4532643.8500000015
2026-05-28 15:25:35.991173961+05:30,402.25,409.9,401.0,409.4500000000001,18913.0,9963.0,370,7647026.6
2026-05-29 09:15:00.001348945+05:30,409.65,410.4,398.35,401.65,26743.0,12577.0,625,10744002.249999994
2026-05-29 09:23:02.269701965+05:30,402.2000000000001,405.75,396.75,400.2000000000001,35275.0,19099.0,793,14158327.250000007
2026-05-29 09:31:02.676678671+05:30,400.25,401.25,395.15,395.4,11936.0,4861.0,303,4749855.250000004
2026-05-29 09:39:05.794639924+05:30,395.4,398.2000000000001,392.65,392.65,9011.0,3969.0,216,3562794.2000000007
2026-05-29 09:47:06.469340138+05:30,392.9500000000001,394.9,388.4,391.6,9677.0,4492.0,214,3789632.6499999994
2026-05-29 09:55:10.777017527+05:30,391.35,391.8,388.35,390.5,6879.0,3497.0,177,2684151.2999999993
2026-05-29 10:03:10.885635427+05:30,390.85,393.75,390.05,392.85,7338.0,4065.0,144,2879521.1999999997
2026-05-29 10:11:12.792098375+05:30,392.6,394.35,389.8,390.1,6301.0,3065.0,148,2473915.0500000007
2026-05-29 10:19:14.451474274+05:30,389.9,393.15,387.9,392.05,5580.0,2377.0,134,2175826.5500000003
2026-05-29 10:27:15.249874925+05:30,391.9,401.1,391.85,401.1,5963.0,4718.0,133,2363240.0500000003
2026-05-29 10:35:17.542025732+05:30,401.55,401.55,399.25,400.6,4076.0,1856.0,116,1631939.1999999995
2026-05-29 10:43:17.837075510+05:30,400.9,402.55,399.9500000000001,402.4500000000001,4580.0,1992.0,134,1837588.5999999999
2026-05-29 10:51:21.000251877+05:30,402.25,405.75,400.5,402.9,5511.0,2561.0,122,2217714.7
2026-05-29 10:59:32.301837158+05:30,402.85,404.35,399.5,399.5,5835.0,2470.0,106,2348784.65
2026-05-29 11:07:34.809961521+05:30,399.55,399.55,395.65,395.75,3890.0,1446.0,106,1546602.7000000007
2026-05-29 11:15:38.379076657+05:30,396.0,396.1,393.0,393.7000000000001,4637.0,2008.0,99,1830225.9
2026-05-29 11:23:39.732878744+05:30,393.2000000000001,396.2000000000001,392.7000000000001,393.75,3683.0,2134.0,92,1452658.9500000002
2026-05-29 11:31:44.310321213+05:30,393.4,395.35,391.15,391.85,4655.0,1287.0,102,1834155.1499999994
2026-05-29 11:39:56.969396116+05:30,391.75,395.1,391.4500000000001,394.5,4409.0,2319.0,95,1733049.549999999
2026-05-29 11:47:59.394155737+05:30,394.4500000000001,394.65,389.35,389.4,4503.0,1701.0,96,1767722.8
2026-05-29 11:55:59.578923101+05:30,389.7000000000001,392.05,388.5,388.5,3923.0,2130.0,90,1532942.2999999998
2026-05-29 12:04:08.802779074+05:30,388.65,389.35,386.7000000000001,388.65,2943.0,1276.0,84,1141990.65
2026-05-29 12:12:08.981646563+05:30,389.05,389.3,385.75,385.75,5012.0,2782.0,97,1945910.3499999996
2026-05-29 12:20:15.606183816+05:30,386.1,386.4,383.6,386.0,4504.0,2659.0,108,1735188.7
2026-05-29 12:28:16.565830957+05:30,385.4500000000001,385.4500000000001,381.2000000000001,383.5,3626.0,1761.0,92,1390789.899999999
2026-05-29 12:36:17.181371950+05:30,383.9500000000001,384.55,382.4500000000001,383.55,4408.0,1627.0,86,1689899.7499999998
2026-05-29 12:44:35.143811518+05:30,383.4500000000001,385.7000000000001,382.3,385.1,5504.0,2472.0,95,2112049.5
2026-05-29 12:52:36.039577178+05:30,384.7000000000001,386.35,383.4500000000001,384.6,3297.0,1374.0,102,1269010.5999999999
2026-05-29 13:00:59.448022+05:30,385.1,387.05,382.35,386.9,3136.0,1668.0,99,1205166.8999999997
2026-05-29 13:09:03.167738304+05:30,386.8,388.4,386.05,387.15,3499.0,1643.0,100,1353676.7000000002
2026-05-29 13:17:03.669235260+05:30,386.4500000000001,391.9500000000001,386.4500000000001,391.9500000000001,4232.0,2899.0,99,1644869.6499999994
2026-05-29 13:25:24.894099149+05:30,392.05,392.35,389.85,390.75,4788.0,1831.0,109,1873029.3499999999
2026-05-29 13:33:32.316577700+05:30,390.8,391.8,387.4500000000001,388.7000000000001,4946.0,2237.0,108,1930330.3499999996
2026-05-29 13:41:36.058566481+05:30,388.4500000000001,389.3,385.2000000000001,389.25,6066.0,2956.0,117,2347108.3000000007
2026-05-29 13:49:48.928676058+05:30,389.4500000000001,390.4,387.6,388.6,5227.0,2711.0,114,2033742.0
2026-05-29 13:57:56.207516198+05:30,388.8,388.8,383.6,384.75,6354.0,2571.0,113,2451318.5499999984
2026-05-29 14:05:58.548958034+05:30,384.15,386.2000000000001,383.0,384.4,5612.0,2855.0,104,2159188.9
2026-05-29 14:13:59.654610805+05:30,384.1,390.55,384.05,390.5,5751.0,3333.0,113,2224010.05
2026-05-29 14:22:04.565921456+05:30,391.05,394.4,390.9500000000001,394.3,5837.0,3179.0,119,2291120.3000000003
2026-05-29 14:30:10.437139858+05:30,394.05,396.85,393.55,396.25,5018.0,2446.0,126,1983734.8500000008
2026-05-29 14:38:19.477870593+05:30,396.3,401.9,396.25,401.7000000000001,5023.0,2504.0,135,2007020.5500000003
2026-05-29 14:46:27.651265401+05:30,402.1,403.35,397.9,400.0,7116.0,3705.0,145,2854398.4
2026-05-29 14:54:28.031887743+05:30,400.6,403.9500000000001,399.35,401.8,7494.0,3523.0,160,3008185.549999999
2026-05-29 15:02:28.343840482+05:30,401.6,402.7000000000001,399.05,399.05,7493.0,3420.0,185,3006267.600000002
2026-05-29 15:10:28.884417884+05:30,399.35,403.25,397.25,398.1,10903.0,5339.0,215,4370085.699999999
2026-05-29 15:18:35.952211031+05:30,397.4,397.5,393.4500000000001,393.75,11493.0,5845.0,286,4546095.2
2026-05-29 15:26:36.857770743+05:30,393.75,400.9,393.75,395.05,20137.0,9994.0,408,8009691.300000001
2026-06-01 09:15:00.000587436+05:30,395.2000000000001,403.25,393.35,397.85,29303.0,14176.0,602,11690362.050000006
2026-06-01 09:23:00.956794440+05:30,398.2000000000001,410.25,396.6,401.25,38906.0,19942.0,898,15729951.550000003
2026-06-01 09:31:03.727815705+05:30,401.75,401.75,395.55,398.75,16667.0,8606.0,333,6645795.900000001
2026-06-01 09:39:05.409648760+05:30,397.9500000000001,401.3,394.3,396.9500000000001,11889.0,5814.0,229,4732084.9
2026-06-01 09:47:09.028014229+05:30,397.0,401.2000000000001,395.9,399.25,10560.0,5567.0,223,4207831.1499999985
2026-06-01 09:55:13.260175647+05:30,399.2000000000001,399.65,390.8,391.2000000000001,9460.0,4739.0,193,3738601.8999999994
2026-06-01 10:03:21.754568593+05:30,390.55,397.2000000000001,390.05,395.75,7019.0,3930.0,146,2762917.4499999997
2026-06-01 10:11:22.367136877+05:30,395.6,398.6,394.65,394.8,11838.0,4014.0,158,4694783.249999998
2026-06-01 10:19:29.073309933+05:30,394.15,399.7000000000001,392.9500000000001,398.4,6883.0,4083.0,161,2729295.9999999995
2026-06-01 10:27:35.240984750+05:30,398.55,401.8,397.1,397.35,6150.0,2881.0,147,2456600.000000002
2026-06-01 10:35:35.943518677+05:30,397.05,399.85,394.05,398.8,4955.0,2384.0,127,1967093.3500000008
2026-06-01 10:43:36.610212242+05:30,398.85,402.4,397.9500000000001,401.9,5229.0,2475.0,141,2091194.9500000002
2026-06-01 10:51:42.947777729+05:30,401.75,401.75,395.35,395.5,5680.0,2516.0,123,2258266.350000001
2026-06-01 10:59:45.755728859+05:30,395.25,395.25,385.4,386.35,4245.0,1534.0,111,1654211.4500000002
2026-06-01 11:07:51.554120057+05:30,386.3,389.7000000000001,386.3,386.9,4860.0,2399.0,112,1884379.4500000004
2026-06-01 11:16:01.875445341+05:30,386.5,392.9500000000001,385.75,392.8,4439.0,2532.0,124,1726886.7999999998
2026-06-01 11:24:04.773628641+05:30,393.1,393.35,388.4,388.75,4576.0,1749.0,117,1787968.5
2026-06-01 11:32:05.255991275+05:30,389.05,391.9,386.65,386.8,4181.0,2468.0,107,1628508.5499999996
2026-06-01 11:40:07.781137750+05:30,386.7000000000001,386.9,382.55,386.1,6532.0,3717.0,119,2515556.1999999997
2026-06-01 11:48:15.244652292+05:30,385.9500000000001,386.7000000000001,382.1,382.6,5374.0,1850.0,108,2065597.5999999999
2026-06-01 11:56:16.755165536+05:30,382.6,384.85,382.0,384.2000000000001,5088.0,2486.0,105,1951330.4999999995
2026-06-01 12:04:17.147431309+05:30,384.5,384.8,382.05,384.75,4927.0,1158.0,97,1891075.6000000006
2026-06-01 12:12:23.415659082+05:30,384.6,386.75,383.75,386.55,5938.0,3082.0,108,2289788.650000001
2026-06-01 12:20:31.585608324+05:30,387.15,391.0,386.35,389.9500000000001,5125.0,2460.0,117,1993570.449999999
2026-06-01 12:28:31.970996245+05:30,390.0,391.9500000000001,389.15,389.15,5422.0,2990.0,109,2119193.2500000005
2026-06-01 12:36:32.440809890+05:30,389.3,391.2000000000001,387.25,387.75,5997.0,3601.0,101,2338850.15
2026-06-01 12:44:33.948782422+05:30,388.0,390.4,383.65,385.65,4319.0,2260.0,109,1670633.850000001
2026-06-01 12:52:40.269185708+05:30,386.5,390.4500000000001,384.4,389.4,5186.0,3060.0,101,2009165.5499999998
2026-06-01 13:00:41.247968921+05:30,389.4500000000001,393.15,388.3,392.75,5436.0,2349.0,106,2128522.8500000006
2026-06-01 13:08:43.394739900+05:30,392.5,395.6,391.25,395.35,4579.0,2996.0,109,1801666.8999999997
2026-06-01 13:16:44.165275209+05:30,395.3,396.05,393.4500000000001,394.9,5250.0,2402.0,109,2071301.9999999998
2026-06-01 13:24:51.970358874+05:30,395.25,396.7000000000001,393.0,393.0,5991.0,3050.0,126,2369182.5499999993
2026-06-01 13:32:56.536616247+05:30,392.75,395.05,391.6,395.05,4246.0,1840.0,101,1669676.1499999997
2026-06-01 13:41:01.784656455+05:30,395.25,396.75,390.4500000000001,390.4500000000001,5571.0,2660.0,138,2195618.1500000004
2026-06-01 13:49:02.205747380+05:30,390.9,391.3,387.55,389.4500000000001,5127.0,3220.0,110,1996359.0
2026-06-01 13:57:05.124315342+05:30,389.85,393.1,389.35,392.9,4486.0,2222.0,116,1757050.3
2026-06-01 14:05:06.688226017+05:30,392.9,394.9500000000001,392.35,394.1,6091.0,2981.0,133,2396858.4
2026-06-01 14:13:06.749911559+05:30,393.85,398.4500000000001,393.6,395.4,5645.0,2598.0,127,2235308.35
2026-06-01 14:21:11.505849529+05:30,395.5,396.65,389.8,390.85,8079.0,3732.0,143,3178926.3000000003
2026-06-01 14:29:12.462022221+05:30,390.65,391.35,385.75,386.9500000000001,8493.0,3409.0,155,3297523.5999999987
2026-06-01 14:37:14.798914245+05:30,386.7000000000001,389.05,383.5,384.85,6168.0,2447.0,133,2381845.55
2026-06-01 14:45:15.245817774+05:30,385.0,390.1,384.9500000000001,387.9,7612.0,3893.0,157,2948615.0999999996
2026-06-01 14:53:17.130647324+05:30,388.2000000000001,393.15,387.7000000000001,392.65,8572.0,5253.0,177,3345547.1499999994
2026-06-01 15:01:18.728033057+05:30,392.9500000000001,395.25,387.7000000000001,394.9,8476.0,4949.0,170,3313420.450000001
2026-06-01 15:09:19.275745109+05:30,395.0,395.8,388.9,392.4500000000001,11272.0,5747.0,244,4421463.850000001
2026-06-01 15:17:24.297969692+05:30,393.15,399.2000000000001,391.05,399.05,11427.0,5719.0,296,4498306.550000001
2026-06-01 15:25:24.577803473+05:30,399.2000000000001,406.2000000000001,398.8,399.35,20309.0,10767.0,425,8171408.500000001
2026-06-02 09:15:00.000183709+05:30,399.35,401.1,380.5,380.5,34394.0,16081.0,695,13442692.950000003
2026-06-02 09:23:00.454949382+05:30,380.55,388.3,379.7000000000001,384.0,33138.0,16705.0,725,12691907.450000012
2026-06-02 09:31:01.452585448+05:30,383.6,389.5,380.8,388.8,11361.0,5767.0,270,4367998.2
2026-06-02 09:39:02.326862448+05:30,388.75,392.2000000000001,385.75,386.35,8414.0,3608.0,187,3276600.25
2026-06-02 09:47:04.728357178+05:30,386.2000000000001,388.65,381.65,382.15,8129.0,3599.0,184,3129247.05
2026-06-02 09:55:06.270830904+05:30,382.4500000000001,388.9500000000001,381.6,388.9500000000001,6642.0,3692.0,154,2565280.000000001
2026-06-02 10:03:07.965670790+05:30,388.75,388.9,382.05,382.25,5136.0,2235.0,128,1982700.1499999997
2026-06-02 10:11:12.042053982+05:30,382.6,387.9,382.6,382.85,4888.0,2384.0,127,1883722.950000001
2026-06-02 10:19:15.950668345+05:30,382.85,383.0,379.5,379.75,5732.0,2599.0,128,2186791.8000000003
2026-06-02 10:27:31.124184577+05:30,379.8,383.7000000000001,379.35,382.05,3747.0,1860.0,104,1430934.5999999996
2026-06-02 10:35:32.794210464+05:30,382.25,383.6,378.4,378.55,5930.0,2893.0,126,2262738.750000001
2026-06-02 10:43:40.677140653+05:30,378.35,379.85,376.0,376.4500000000001,5348.0,2598.0,115,2023160.55
2026-06-02 10:51:41.616869895+05:30,376.6,378.1,375.85,375.9,4188.0,1875.0,91,1578014.95
2026-06-02 10:59:45.728513617+05:30,375.6,376.2000000000001,373.3,374.3,4501.0,1958.0,103,1686551.0
2026-06-02 11:07:53.808977173+05:30,374.1,374.1,371.75,372.75,3262.0,1554.0,90,1217537.4499999997
2026-06-02 11:16:21.633389516+05:30,372.6,372.9,370.25,371.6,3700.0,1747.0,92,1374790.0500000003
2026-06-02 11:24:24.550021969+05:30,371.75,373.7000000000001,370.3,372.85,4407.0,1822.0,99,1640282.3000000007
2026-06-02 11:32:26.249118138+05:30,372.7000000000001,374.55,371.55,372.9500000000001,4428.0,1947.0,107,1651468.9999999988
2026-06-02 11:40:26.545283064+05:30,373.05,377.55,373.05,376.25,4500.0,2214.0,86,1692462.0499999998
2026-06-02 11:48:34.141256085+05:30,376.55,380.55,376.3,378.4500000000001,4945.0,2994.0,98,1869430.4999999998
2026-06-02 11:56:36.814012393+05:30,378.3,381.25,377.8,380.85,4404.0,2515.0,76,1671153.1
2026-06-02 12:04:39.545598986+05:30,380.4500000000001,382.25,379.1,379.9,5408.0,2704.0,92,2060577.3999999997
2026-06-02 12:12:39.585411001+05:30,379.75,380.15,378.2000000000001,378.2000000000001,4016.0,1379.0,74,1523004.5
2026-06-02 12:20:40.737291543+05:30,378.05,378.9,374.65,376.5,4644.0,3219.0,88,1746198.7000000007
2026-06-02 12:28:53.452166231+05:30,376.6,377.35,373.1,376.7000000000001,3174.0,1525.0,77,1191080.3000000003
2026-06-02 12:37:04.736250009+05:30,376.3,376.85,370.9500000000001,370.9500000000001,4161.0,1687.0,80,1561058.0
2026-06-02 12:45:09.644527371+05:30,371.1,371.9,369.4,369.7000000000001,3474.0,1889.0,88,1287615.0
2026-06-02 12:53:11.881112096+05:30,370.0,372.05,368.85,371.4500000000001,6586.0,2969.0,93,2439737.5500000007
2026-06-02 13:01:14.337666219+05:30,371.55,374.9500000000001,370.7000000000001,374.35,2595.0,1214.0,71,967150.1500000003
2026-06-02 13:09:14.985655724+05:30,374.4500000000001,377.9,374.4,377.9,3817.0,2491.0,71,1435402.1500000001
2026-06-02 13:17:17.294315050+05:30,377.15,378.35,375.8,376.0,4092.0,2035.0,97,1542392.8500000003
2026-06-02 13:25:23.556339318+05:30,375.85,378.3,375.0,377.85,4891.0,1926.0,91,1841306.6000000003
2026-06-02 13:33:40.892243817+05:30,377.85,380.1,375.6,378.9,4296.0,2175.0,89,1623456.7000000004
2026-06-02 13:41:41.299797292+05:30,379.5,382.85,379.15,382.85,3938.0,2353.0,85,1499808.3000000005
2026-06-02 13:49:43.114859068+05:30,382.5,384.15,380.8,382.2000000000001,4196.0,1872.0,107,1605774.2499999998
2026-06-02 13:57:45.094289443+05:30,381.5,383.9500000000001,379.4500000000001,379.75,4063.0,1875.0,102,1550686.800000001
2026-06-02 14:05:49.519843280+05:30,379.7000000000001,381.4,378.65,381.0,3107.0,1792.0,97,1180839.1500000001
2026-06-02 14:13:52.063972002+05:30,381.0,382.25,378.7000000000001,379.9500000000001,4666.0,2328.0,93,1776570.0999999992
2026-06-02 14:22:02.901913330+05:30,379.75,380.85,375.25,375.9500000000001,3904.0,2004.0,110,1474632.9999999993
2026-06-02 14:30:08.079698413+05:30,375.8,379.9,373.8,379.4500000000001,6021.0,3182.0,134,2270070.5999999996
2026-06-02 14:38:09.507755238+05:30,379.3,379.35,374.65,377.6,5046.0,2540.0,112,1903462.1
2026-06-02 14:46:27.259711723+05:30,377.5,379.2000000000001,375.4500000000001,376.9500000000001,4851.0,2573.0,130,1831487.2999999998
2026-06-02 14:54:31.765505907+05:30,376.9500000000001,377.35,370.1,370.9500000000001,7000.0,3255.0,139,2620093.45
2026-06-02 15:02:32.407105830+05:30,371.25,372.35,366.9500000000001,366.9500000000001,6705.0,3054.0,165,2483108.2
2026-06-02 15:10:35.926592299+05:30,366.9500000000001,369.15,365.9,367.6,10261.0,5402.0,205,3773077.750000002
2026-06-02 15:18:37.092915375+05:30,367.65,369.4500000000001,364.9,368.6,9610.0,4791.0,202,3526174.6500000022
2026-06-02 15:26:37.929015673+05:30,368.25,368.3,357.15000000000003,357.40000000000003,13898.0,5846.0,342,5037756.600000002
2026-06-03 09:15:00.001540755+05:30,357.15000000000003,361.15,356.05,360.25,20667.0,10857.0,454,7417295.550000001
2026-06-03 09:23:01.193604790+05:30,360.55,363.25,352.1,362.85,28795.0,13554.0,625,10274145.499999996
2026-06-03 09:31:02.464695887+05:30,363.05,363.2000000000001,359.95000000000005,362.7000000000001,11348.0,5397.0,233,4098211.850000001
2026-06-03 09:39:02.480300897+05:30,362.85,365.0,360.65,362.4500000000001,9134.0,4961.0,179,3313787.4999999977
2026-06-03 09:47:04.303870142+05:30,362.05,362.3,355.90000000000003,357.40000000000003,9662.0,3497.0,186,3462713.6000000015
2026-06-03 09:55:07.469801153+05:30,357.5,359.1,355.70000000000005,359.05,5076.0,2392.0,125,1812965.4500000004
2026-06-03 10:03:08.334335956+05:30,358.6,359.40000000000003,355.90000000000003,357.3,4774.0,1758.0,120,1707172.100000001
2026-06-03 10:11:09.848549046+05:30,357.25,359.65000000000003,356.0,357.3,4447.0,2101.0,101,1591978.5
2026-06-03 10:19:17.949139722+05:30,357.5,359.40000000000003,355.6,359.40000000000003,6194.0,2699.0,124,2215174.35
2026-06-03 10:27:19.789622997+05:30,359.35,361.85,359.1,360.4,4053.0,1714.0,102,1460327.0500000005
2026-06-03 10:35:29.542665794+05:30,360.6,360.7000000000001,358.1,358.20000000000005,3778.0,1773.0,80,1358394.4000000001
2026-06-03 10:43:36.260920170+05:30,357.90000000000003,362.5,357.90000000000003,361.75,4493.0,2531.0,100,1619605.9000000001
2026-06-03 10:51:37.737843366+05:30,361.4500000000001,363.4500000000001,360.4,360.75,3392.0,2256.0,78,1225504.45
2026-06-03 10:59:40.249579793+05:30,361.05,361.4,356.3,356.3,5451.0,2922.0,82,1950308.5499999998
2026-06-03 11:07:52.460553670+05:30,356.40000000000003,356.45000000000005,352.90000000000003,354.95000000000005,3981.0,1826.0,82,1411230.2499999998
2026-06-03 11:15:53.381576475+05:30,355.0,355.0,350.8,352.55,2958.0,1583.0,76,1043420.8000000002
2026-06-03 11:23:53.466258345+05:30,352.35,352.75,348.5,349.95000000000005,3946.0,1398.0,94,1385128.3000000005
2026-06-03 11:31:56.810433068+05:30,350.15000000000003,355.05,349.3,354.85,3585.0,2107.0,68,1258627.9999999998
2026-06-03 11:40:00.367655736+05:30,355.05,355.75,353.55,353.6,3333.0,2017.0,79,1182223.0999999996
2026-06-03 11:48:03.410173529+05:30,353.75,354.90000000000003,351.85,352.35,3335.0,1645.0,80,1178381.6
2026-06-03 11:56:09.110794362+05:30,352.40000000000003,355.8,352.40000000000003,353.25,3911.0,2418.0,80,1385724.75
2026-06-03 12:04:16.263305377+05:30,353.5,354.95000000000005,353.35,354.8,3003.0,1535.0,55,1063143.7000000002
2026-06-03 12:12:23.441335211+05:30,354.90000000000003,356.15000000000003,352.90000000000003,356.15000000000003,4077.0,2135.0,95,1444993.7499999995
2026-06-03 12:20:26.208628727+05:30,356.0,357.5,355.05,356.55,3539.0,1534.0,82,1259992.2500000002
2026-06-03 12:28:26.575919537+05:30,356.75,358.40000000000003,354.70000000000005,355.75,3349.0,1246.0,75,1192231.65
2026-06-03 12:36:26.782903790+05:30,355.70000000000005,358.15000000000003,354.0,354.8,4126.0,1932.0,95,1467983.9
2026-06-03 12:44:30.446150287+05:30,354.90000000000003,354.90000000000003,352.70000000000005,354.55,2499.0,1224.0,72,883985.7000000002
2026-06-03 12:52:51.457104015+05:30,354.45000000000005,355.25,349.55,350.40000000000003,2700.0,1055.0,63,951531.0999999999
2026-06-03 13:01:07.278686703+05:30,350.55,351.0,347.25,348.8,3425.0,1332.0,72,1196058.8499999996
2026-06-03 13:09:12.147419304+05:30,349.05,351.70000000000005,349.05,349.90000000000003,2656.0,1269.0,72,931419.2499999999
2026-06-03 13:17:37.368129327+05:30,349.70000000000005,352.35,349.55,351.8,1934.0,958.0,58,678541.7000000001
2026-06-03 13:26:07.341780827+05:30,351.45000000000005,353.25,351.45000000000005,352.55,3277.0,1275.0,73,1154304.3500000003
2026-06-03 13:34:15.361960611+05:30,352.35,355.6,351.65000000000003,355.6,4138.0,1802.0,76,1464463.6999999995
2026-06-03 13:42:15.869002968+05:30,355.55,356.0,354.40000000000003,355.15000000000003,3241.0,1371.0,87,1151203.1500000001
2026-06-03 13:50:23.390412320+05:30,354.85,355.95000000000005,353.8,354.1,3886.0,1551.0,91,1378983.15
2026-06-03 13:58:28.373803642+05:30,354.45000000000005,356.5,353.8,355.05,2902.0,1613.0,91,1030276.8000000004
2026-06-03 14:06:32.511587700+05:30,355.1,355.95000000000005,351.5,351.5,3341.0,1670.0,91,1184005.65
2026-06-03 14:14:33.763281774+05:30,351.45000000000005,351.45000000000005,348.05,348.95000000000005,6071.0,2404.0,94,2120812.9000000004
2026-06-03 14:22:40.266796197+05:30,349.70000000000005,349.70000000000005,344.85,345.5,4792.0,2220.0,98,1662993.3000000003
2026-06-03 14:30:42.203177607+05:30,345.3,346.0,342.0,342.0,5406.0,2379.0,99,1857996.9499999995
2026-06-03 14:38:42.228338591+05:30,341.90000000000003,344.1,340.05,343.1,4349.0,2118.0,100,1487898.9000000004
2026-06-03 14:46:45.866953713+05:30,343.0,344.20000000000005,341.05,343.75,6247.0,3527.0,126,2140270.0500000007
2026-06-03 14:54:46.071291689+05:30,343.65000000000003,346.15000000000003,342.6,345.75,7024.0,3366.0,131,2422990.000000001
2026-06-03 15:02:53.427680902+05:30,345.6,346.40000000000003,341.6,343.25,5856.0,2827.0,141,2014053.0499999989
2026-06-03 15:10:54.244622279+05:30,342.90000000000003,342.90000000000003,339.45000000000005,340.15000000000003,6892.0,2492.0,157,2351199.999999999
2026-06-03 15:19:01.342779291+05:30,340.45000000000005,343.3,338.20000000000005,339.95000000000005,10022.0,5457.0,244,3410110.4999999986
2026-06-03 15:27:01.573718344+05:30,340.0,348.55,338.70000000000005,348.55,15589.0,7794.0,341,5372202.3
2026-06-04 09:15:00.000038967+05:30,348.70000000000005,349.45000000000005,339.20000000000005,339.70000000000005,20320.0,9964.0,398,6998408.949999999
2026-06-04 09:23:08.849479485+05:30,340.5,346.35,337.35,338.8,21448.0,11125.0,488,7322028.249999994
2026-06-04 09:31:11.429235187+05:30,338.95000000000005,343.65000000000003,338.5,342.35,6601.0,3794.0,176,2249295.5500000007
2026-06-04 09:39:11.917700716+05:30,342.5,342.65000000000003,337.45000000000005,341.05,6072.0,3216.0,143,2067528.9500000004
2026-06-04 09:47:13.528285413+05:30,340.90000000000003,341.90000000000003,339.05,340.3,4738.0,2394.0,116,1612936.6500000001
2026-06-04 09:55:20.261572280+05:30,340.05,341.45000000000005,337.75,339.95000000000005,4340.0,2007.0,105,1474343.3500000006
2026-06-04 10:03:21.509081412+05:30,339.95000000000005,344.15000000000003,339.55,342.75,4172.0,2065.0,104,1424998.1
2026-06-04 10:11:22.685859338+05:30,342.15000000000003,346.25,341.85,345.6,4247.0,3121.0,77,1460979.7000000004
2026-06-04 10:19:28.293519306+05:30,345.5,348.05,344.85,347.25,3440.0,1371.0,75,1191295.7000000004
2026-06-04 10:27:31.706584532+05:30,347.5,350.40000000000003,347.20000000000005,348.25,2880.0,1779.0,69,1004777.9
2026-06-04 10:35:38.230145340+05:30,347.95000000000005,349.3,347.0,347.70000000000005,3429.0,1358.0,81,1194075.1500000004
2026-06-04 10:43:40.739501619+05:30,347.75,349.35,347.75,348.5,3364.0,2189.0,60,1171976.55
2026-06-04 10:51:54.195696382+05:30,348.40000000000003,348.40000000000003,346.25,347.55,3089.0,1320.0,59,1073042.1500000004
2026-06-04 10:59:59.590088483+05:30,347.55,348.5,346.45000000000005,348.5,2468.0,1191.0,57,857073.3
2026-06-04 11:08:13.393328825+05:30,348.15000000000003,348.90000000000003,346.90000000000003,348.5,2891.0,880.0,62,1006104.5999999997
2026-06-04 11:16:21.283758167+05:30,348.40000000000003,349.05,347.65000000000003,347.70000000000005,2512.0,1098.0,55,875085.6
2026-06-04 11:24:22.769596230+05:30,347.90000000000003,350.20000000000005,347.90000000000003,348.25,2788.0,971.0,57,972362.9000000001
2026-06-04 11:32:23.962145735+05:30,348.65000000000003,350.70000000000005,348.1,349.90000000000003,2248.0,962.0,58,785611.5000000001
2026-06-04 11:40:24.755399719+05:30,349.95000000000005,350.15000000000003,348.45000000000005,349.70000000000005,3355.0,1758.0,63,1171956.7499999998
2026-06-04 11:48:36.214315319+05:30,349.6,353.40000000000003,349.0,353.40000000000003,2296.0,1264.0,63,804410.6000000003
2026-06-04 11:56:43.277365361+05:30,353.1,353.20000000000005,350.85,351.45000000000005,4019.0,1990.0,67,1413960.9
2026-06-04 12:04:53.347827586+05:30,351.55,352.40000000000003,350.55,352.40000000000003,2196.0,1083.0,61,771736.95
2026-06-04 12:13:05.463628606+05:30,352.15000000000003,354.70000000000005,352.05,354.40000000000003,3965.0,2232.0,70,1402737.7500000002
2026-06-04 12:21:11.969503458+05:30,354.5,355.0,353.20000000000005,354.05,1991.0,1197.0,49,705326.0500000002
2026-06-04 12:29:26.548960657+05:30,354.3,357.3,354.0,356.45000000000005,2434.0,1210.0,66,865706.4
2026-06-04 12:37:31.354128858+05:30,356.75,359.55,356.75,357.70000000000005,2805.0,1604.0,65,1004115.1999999998
2026-06-04 12:45:34.594158185+05:30,357.5,358.70000000000005,356.15000000000003,356.15000000000003,2632.0,825.0,63,942099.6000000001
2026-06-04 12:53:54.384570860+05:30,356.15000000000003,358.40000000000003,355.8,355.95000000000005,2628.0,985.0,46,937746.75
2026-06-04 13:02:15.524090968+05:30,356.0,356.75,354.65000000000003,355.40000000000003,2109.0,930.0,58,750332.1
2026-06-04 13:10:23.159575791+05:30,355.55,356.3,354.75,355.8,2563.0,1867.0,57,911268.0500000002
2026-06-04 13:18:27.883006194+05:30,356.5,357.1,355.85,357.1,2941.0,1825.0,52,1048554.5499999998
2026-06-04 13:26:31.203498498+05:30,357.0,357.8,354.5,354.75,2552.0,1119.0,63,908823.6499999999
2026-06-04 13:34:34.362326110+05:30,354.55,356.0,353.55,355.05,2817.0,1105.0,55,999515.25
2026-06-04 13:42:37.733036265+05:30,355.15000000000003,356.5,354.8,355.55,2734.0,1690.0,64,971711.5499999999
2026-06-04 13:50:40.712205861+05:30,355.5,358.3,355.5,357.70000000000005,3453.0,2151.0,75,1231954.7
2026-06-04 13:58:54.326444130+05:30,357.70000000000005,358.5,355.15000000000003,358.05,3016.0,1289.0,75,1076565.75
2026-06-04 14:06:56.103355291+05:30,358.85,360.15000000000003,358.25,359.55,2121.0,1517.0,57,762072.4
2026-06-04 14:14:57.746773281+05:30,359.95000000000005,360.25,356.15000000000003,356.40000000000003,3509.0,1704.0,70,1256144.5000000007
2026-06-04 14:23:04.553370622+05:30,356.35,356.35,353.90000000000003,354.70000000000005,3616.0,2456.0,73,1284597.4000000001
2026-06-04 14:31:14.519841104+05:30,354.55,354.8,351.90000000000003,351.90000000000003,2627.0,949.0,61,928117.7000000002
2026-06-04 14:39:23.740776585+05:30,351.90000000000003,352.0,349.90000000000003,352.0,3757.0,2422.0,86,1319374.6500000004
2026-06-04 14:47:24.834126945+05:30,351.90000000000003,353.0,350.1,351.35,3916.0,1553.0,96,1376865.7500000005
2026-06-04 14:55:32.768499366+05:30,350.95000000000005,351.8,349.20000000000005,349.70000000000005,5043.0,2380.0,110,1767097.6999999993
2026-06-04 15:03:33.200185950+05:30,349.85,352.25,348.65000000000003,350.25,6240.0,3716.0,120,2189821.75
2026-06-04 15:11:41.385852134+05:30,350.55,352.20000000000005,348.1,351.95000000000005,5754.0,3933.0,132,2015876.3500000008
2026-06-04 15:19:42.948274938+05:30,352.1,356.35,350.8,355.20000000000005,8675.0,4350.0,187,3067840.3000000007
2026-06-04 15:27:43.385244096+05:30,355.25,356.6,350.40000000000003,353.70000000000005,13878.0,6455.0,269,4898975.900000001
2026-06-05 09:15:00.002104111+05:30,353.65000000000003,354.1,344.45000000000005,345.85,12561.0,6672.0,313,4383029.8
2026-06-05 09:23:00.831956360+05:30,345.8,351.05,342.0,345.35,33641.0,17193.0,706,11644319.049999991
2026-06-05 09:31:01.813990849+05:30,344.95000000000005,348.3,344.0,345.45000000000005,15173.0,6940.0,288,5247748.400000001
2026-06-05 09:39:03.058993503+05:30,345.65000000000003,351.1,345.5,347.35,9268.0,4765.0,196,3227552.9
2026-06-05 09:47:03.715342050+05:30,347.3,349.40000000000003,345.8,346.45000000000005,7013.0,3130.0,152,2436225.3000000003
2026-06-05 09:55:09.772810284+05:30,346.5,348.65000000000003,345.15000000000003,346.70000000000005,6845.0,3393.0,146,2371851.4999999995
2026-06-05 10:03:13.556591534+05:30,347.1,348.25,345.75,346.15000000000003,7463.0,3278.0,162,2589568.250000001
2026-06-05 10:11:14.474891158+05:30,345.85,347.95000000000005,341.1,341.35,5700.0,1775.0,118,1967493.1999999997
2026-06-05 10:19:16.575442266+05:30,340.85,341.45000000000005,338.35,340.5,4885.0,2112.0,101,1659751.2000000004
2026-06-05 10:27:17.016020366+05:30,340.05,340.20000000000005,337.95000000000005,339.85,3798.0,1889.0,93,1287795.4
2026-06-05 10:35:28.342644744+05:30,339.6,339.6,334.8,338.90000000000003,4535.0,2633.0,103,1527832.9500000004
2026-06-05 10:43:29.597373175+05:30,339.1,342.5,339.1,341.1,4661.0,2915.0,95,1590525.15
2026-06-05 10:51:41.978009552+05:30,341.25,344.20000000000005,340.8,342.1,6142.0,3087.0,107,2103339.5
2026-06-05 10:59:46.318466931+05:30,342.45000000000005,344.40000000000003,341.85,343.05,3884.0,2418.0,84,1332727.6000000006
2026-06-05 11:07:53.610880650+05:30,343.1,348.75,343.1,348.5,6065.0,4409.0,90,2103402.1000000006
2026-06-05 11:15:55.119569721+05:30,349.55,352.15000000000003,349.15000000000003,351.35,3579.0,2055.0,89,1254096.4000000008
2026-06-05 11:24:02.539983816+05:30,350.90000000000003,355.70000000000005,350.90000000000003,352.5,4566.0,2524.0,93,1614284.6499999994
2026-06-05 11:32:06.220654941+05:30,352.40000000000003,352.55,349.20000000000005,349.55,3395.0,1272.0,86,1190137.5500000005
2026-06-05 11:40:13.125662877+05:30,349.25,350.6,342.75,342.75,3888.0,1845.0,96,1353718.6499999992
2026-06-05 11:48:16.902395334+05:30,342.5,345.5,342.20000000000005,345.05,3064.0,1946.0,83,1053801.9500000002
2026-06-05 11:56:20.069117654+05:30,345.3,345.40000000000003,342.1,342.35,3243.0,1220.0,73,1114430.3999999997
2026-06-05 12:04:28.776253204+05:30,342.35,342.8,339.40000000000003,339.85,2981.0,2253.0,78,1017783.5499999997
2026-06-05 12:12:31.074896617+05:30,340.65000000000003,342.05,339.15000000000003,340.0,4433.0,2424.0,89,1510427.9000000006
2026-06-05 12:20:37.653579669+05:30,340.25,340.45000000000005,335.85,336.35,4959.0,3157.0,84,1674895.9999999998
2026-06-05 12:28:42.139626283+05:30,336.15000000000003,336.25,333.40000000000003,334.05,3601.0,2420.0,87,1207347.1499999994
2026-06-05 12:36:44.845944464+05:30,333.95000000000005,334.5,330.15000000000003,330.20000000000005,3002.0,1002.0,81,999731.5499999999
2026-06-05 12:44:44.931886035+05:30,330.20000000000005,331.95000000000005,329.90000000000003,331.95000000000005,4430.0,2780.0,84,1464854.9
2026-06-05 12:52:48.183958712+05:30,331.85,333.1,330.65000000000003,332.55,3864.0,1850.0,81,1282819.25
2026-06-05 13:00:50.048684308+05:30,332.55,335.15000000000003,331.20000000000005,334.6,3755.0,2078.0,92,1250971.7500000005
2026-06-05 13:08:53.655072987+05:30,334.75,335.75,333.05,333.45000000000005,4171.0,2124.0,80,1393670.6
2026-06-05 13:16:55.035580332+05:30,333.40000000000003,333.85,330.35,333.1,4059.0,2586.0,95,1347440.15
2026-06-05 13:24:59.517143129+05:30,333.1,334.5,332.1,334.3,4458.0,2103.0,88,1485655.1999999997
2026-06-05 13:33:01.490671028+05:30,334.0,334.45000000000005,332.20000000000005,333.55,3325.0,1639.0,92,1108002.9500000004
2026-06-05 13:41:12.583629520+05:30,333.70000000000005,337.45000000000005,333.70000000000005,336.75,3632.0,2502.0,94,1221151.2500000002
2026-06-05 13:49:13.749397587+05:30,336.85,341.05,335.5,340.35,3650.0,1833.0,98,1231472.75
2026-06-05 13:57:15.747662428+05:30,340.1,340.6,337.95000000000005,338.05,4447.0,1644.0,96,1509182.6500000004
2026-06-05 14:05:17.731230374+05:30,338.45000000000005,342.45000000000005,338.20000000000005,341.1,4490.0,2547.0,113,1529435.2499999998
2026-06-05 14:13:20.145694581+05:30,341.40000000000003,342.3,339.6,341.05,4482.0,2622.0,90,1527192.8999999994
2026-06-05 14:21:21.893306345+05:30,341.15000000000003,344.1,341.05,342.1,4510.0,3057.0,86,1545694.3500000003
2026-06-05 14:29:40.945871692+05:30,341.90000000000003,342.6,339.70000000000005,340.70000000000005,5594.0,2844.0,126,1907115.55
2026-06-05 14:37:42.717194743+05:30,340.40000000000003,343.85,340.20000000000005,342.85,6825.0,3789.0,128,2336074.849999999
2026-06-05 14:45:43.319024520+05:30,343.1,343.5,336.70000000000005,336.70000000000005,4642.0,1952.0,113,1577019.55
2026-06-05 14:53:47.689294822+05:30,337.0,340.90000000000003,336.75,339.95000000000005,6770.0,3292.0,145,2296237.6
2026-06-05 15:01:48.727310108+05:30,340.1,342.45000000000005,338.05,338.45000000000005,6651.0,3622.0,154,2262844.6999999997
2026-06-05 15:09:49.450213883+05:30,338.15000000000003,339.85,335.55,335.55,7911.0,3534.0,179,2672779.849999999
2026-06-05 15:17:49.682920047+05:30,335.65000000000003,339.90000000000003,335.15000000000003,339.5,9897.0,4978.0,203,3340155.700000001
2026-06-05 15:25:50.529303898+05:30,340.05,344.70000000000005,339.85,344.45000000000005,13435.0,7167.0,314,4602458.700000002
2026-06-08 09:15:00.000035923+05:30,344.25,347.45000000000005,337.90000000000003,339.1,22713.0,10667.0,542,7820178.650000008
2026-06-08 09:23:01.888147252+05:30,338.90000000000003,342.6,336.25,337.75,33366.0,15858.0,736,11333329.550000006
2026-06-08 09:31:03.997533003+05:30,337.45000000000005,339.1,334.3,337.1,8894.0,4714.0,272,2994750.7000000007
2026-06-08 09:39:06.567774816+05:30,337.05,339.35,332.70000000000005,335.85,10447.0,4944.0,224,3514523.95
2026-06-08 09:47:08.493613430+05:30,335.8,337.8,333.55,335.70000000000005,6763.0,3202.0,170,2270230.1000000015
2026-06-08 09:55:08.725455985+05:30,335.65000000000003,335.65000000000003,330.45000000000005,332.45000000000005,6094.0,3160.0,148,2029388.65
2026-06-08 10:03:12.273319335+05:30,332.20000000000005,335.15000000000003,332.15000000000003,335.05,6921.0,3527.0,166,2310896.9499999997
2026-06-08 10:11:19.978423123+05:30,334.75,337.95000000000005,334.40000000000003,337.65000000000003,7828.0,5441.0,116,2629824.4999999995
2026-06-08 10:19:20.385337762+05:30,337.95000000000005,339.75,336.65000000000003,338.8,6010.0,2319.0,116,2032195.3000000005
2026-06-08 10:27:33.909635727+05:30,339.05,339.5,336.6,338.0,4864.0,2365.0,108,1644531.1999999995
2026-06-08 10:35:34.813080737+05:30,337.90000000000003,338.6,335.90000000000003,338.35,5381.0,2326.0,106,1814404.3999999997
2026-06-08 10:43:39.839321947+05:30,338.25,339.95000000000005,337.05,339.35,4590.0,2167.0,99,1553340.3499999999
2026-06-08 10:51:43.412138300+05:30,339.35,340.5,337.5,339.20000000000005,3730.0,2371.0,83,1264908.35
2026-06-08 10:59:46.256972980+05:30,339.05,342.40000000000003,339.05,341.65000000000003,4279.0,2503.0,87,1457650.4499999997
2026-06-08 11:07:50.093676055+05:30,341.95000000000005,346.45000000000005,341.65000000000003,346.15000000000003,3888.0,2432.0,93,1338722.7499999995
2026-06-08 11:15:54.275897275+05:30,345.85,345.85,342.40000000000003,343.75,3512.0,1931.0,87,1207736.7000000004
2026-06-08 11:23:54.790616440+05:30,343.65000000000003,343.95000000000005,340.45000000000005,340.75,4660.0,2510.0,99,1597195.2
2026-06-08 11:31:56.674571996+05:30,340.5,340.55,337.5,337.85,3646.0,1294.0,91,1236213.9500000004
2026-06-08 11:40:11.921669683+05:30,338.1,342.0,337.55,340.45000000000005,4252.0,1992.0,91,1442983.1499999997
2026-06-08 11:48:14.827879479+05:30,340.55,346.55,340.55,344.5,4395.0,2999.0,81,1512513.4500000002
2026-06-08 11:56:15.953996679+05:30,344.3,345.05,341.25,343.95000000000005,5115.0,2879.0,74,1758324.5000000007
2026-06-08 12:04:16.286107983+05:30,344.1,347.15000000000003,343.35,345.35,3479.0,1238.0,81,1200988.35
2026-06-08 12:12:26.386583555+05:30,345.35,347.1,344.90000000000003,346.75,4154.0,2693.0,87,1437196.55
2026-06-08 12:20:29.045259677+05:30,346.95000000000005,347.20000000000005,343.1,344.1,3022.0,1009.0,66,1043474.7500000003
2026-06-08 12:28:35.515839919+05:30,343.95000000000005,344.25,342.1,342.75,3451.0,1706.0,75,1184534.2999999998
2026-06-08 12:36:48.665941561+05:30,342.75,343.3,341.40000000000003,341.75,3139.0,1032.0,78,1074821.25
2026-06-08 12:44:54.147785851+05:30,341.5,342.65000000000003,340.55,341.0,3819.0,1547.0,95,1303744.0
2026-06-08 12:52:55.848245626+05:30,340.90000000000003,342.1,340.15000000000003,341.6,3787.0,1200.0,60,1291902.7999999998
2026-06-08 13:00:59.130151802+05:30,341.55,341.75,337.45000000000005,339.15000000000003,4527.0,1920.0,91,1536497.8
2026-06-08 13:09:02.366033731+05:30,339.0,339.65000000000003,336.85,338.20000000000005,2862.0,982.0,82,968024.5999999999
2026-06-08 13:17:02.815711677+05:30,338.55,338.70000000000005,334.65000000000003,336.35,4976.0,2097.0,105,1673620.4500000004
2026-06-08 13:25:07.124417356+05:30,336.0,336.1,332.1,332.1,4413.0,1938.0,90,1471922.8000000003
2026-06-08 13:33:11.128510153+05:30,332.0,332.95000000000005,331.5,331.5,3356.0,1711.0,82,1114645.5
2026-06-08 13:41:13.300086049+05:30,331.75,332.3,327.70000000000005,329.20000000000005,5369.0,2583.0,106,1770478.5000000005
2026-06-08 13:49:13.869002018+05:30,329.70000000000005,331.40000000000003,328.25,330.3,4058.0,1951.0,91,1338129.3
2026-06-08 13:57:22.129299431+05:30,330.45000000000005,333.85,330.0,332.65000000000003,4575.0,2829.0,113,1521670.9999999998
2026-06-08 14:05:37.463365345+05:30,332.85,332.90000000000003,328.65000000000003,329.6,3947.0,1341.0,86,1305586.7000000002
2026-06-08 14:13:37.548115122+05:30,328.90000000000003,333.5,328.65000000000003,333.05,6012.0,2952.0,122,1991232.0999999994
2026-06-08 14:21:40.822107776+05:30,332.6,335.3,332.55,335.25,6687.0,2995.0,125,2234936.75
2026-06-08 14:29:45.864065611+05:30,335.1,335.40000000000003,331.3,332.5,5828.0,2334.0,134,1941671.5999999996
2026-06-08 14:37:53.205455075+05:30,332.35,335.55,332.35,334.90000000000003,4891.0,2384.0,116,1633651.5499999998
2026-06-08 14:45:54.343868863+05:30,335.05,339.75,333.75,337.25,4434.0,2560.0,131,1490556.500000001
2026-06-08 14:53:56.074562817+05:30,337.55,342.3,337.3,342.20000000000005,6180.0,3650.0,135,2103342.2000000007
2026-06-08 15:02:04.860543415+05:30,342.25,345.8,341.6,342.40000000000003,6074.0,3352.0,149,2086341.4499999995
2026-06-08 15:10:12.730858976+05:30,343.20000000000005,344.05,337.40000000000003,338.85,10006.0,4981.0,213,3416591.049999999
2026-06-08 15:18:16.141653499+05:30,339.75,344.25,339.05,339.3,9366.0,5378.0,229,3198785.5499999984
2026-06-08 15:26:16.873582406+05:30,339.25,342.6,338.0,339.15000000000003,14542.0,6998.0,330,4954142.900000007
2026-06-09 09:15:00.000082371+05:30,339.05,339.90000000000003,333.0,339.90000000000003,23545.0,12279.0,480,7926695.200000003
2026-06-09 09:23:00.323301473+05:30,340.0,340.05,329.0,334.85,22716.0,9198.0,497,7585254.249999999
2026-06-09 09:31:03.051138979+05:30,334.70000000000005,337.5,329.35,329.35,8831.0,3793.0,194,2940791.300000001
2026-06-09 09:39:04.731513061+05:30,329.5,332.0,327.5,330.20000000000005,6339.0,3100.0,150,2088842.2500000002
2026-06-09 09:47:07.694406444+05:30,329.8,330.65000000000003,327.3,328.6,5835.0,2789.0,124,1917937.3499999994
2026-06-09 09:55:16.674468653+05:30,328.45000000000005,329.40000000000003,325.5,329.1,4481.0,2216.0,103,1468158.4000000004
2026-06-09 10:03:28.605938174+05:30,329.20000000000005,330.65000000000003,328.15000000000003,330.5,3279.0,1808.0,85,1079399.55
2026-06-09 10:11:34.553044200+05:30,330.55,330.55,326.70000000000005,326.70000000000005,2649.0,1143.0,74,870758.7500000001
2026-06-09 10:19:42.215492602+05:30,326.90000000000003,330.0,326.70000000000005,328.75,3489.0,1813.0,84,1146879.1000000003
2026-06-09 10:27:57.158238402+05:30,329.40000000000003,330.3,327.1,327.1,3843.0,2099.0,84,1265375.75
2026-06-09 10:36:07.282868324+05:30,327.05,327.70000000000005,324.45000000000005,324.5,2471.0,1200.0,77,807252.1
2026-06-09 10:44:10.623198671+05:30,324.40000000000003,326.0,324.15000000000003,325.05,3381.0,1171.0,80,1099418.9
2026-06-09 10:52:11.720694943+05:30,324.5,324.65000000000003,320.70000000000005,321.05,2854.0,887.0,55,917556.4999999999
2026-06-09 11:00:14.724354173+05:30,320.65000000000003,322.8,320.1,322.5,2448.0,1406.0,58,786049.5499999999
2026-06-09 11:08:24.690766968+05:30,322.15000000000003,322.40000000000003,320.95000000000005,321.05,2007.0,851.0,44,645466.15
2026-06-09 11:16:27.994025895+05:30,320.5,321.45000000000005,319.6,321.45000000000005,1878.0,1038.0,58,601742.65
2026-06-09 11:24:34.740922551+05:30,321.35,323.85,321.35,322.90000000000003,3580.0,2169.0,63,1156372.1000000003
2026-06-09 11:32:34.786681838+05:30,323.0,323.3,320.90000000000003,320.90000000000003,2938.0,1550.0,72,946957.2500000003
2026-06-09 11:40:35.653964276+05:30,320.85,320.85,318.20000000000005,320.0,5683.0,3916.0,54,1814944.7000000002
2026-06-09 11:48:44.821681518+05:30,320.35,321.55,319.3,321.1,1259.0,515.0,42,403255.15
2026-06-09 11:56:46.148615070+05:30,321.05,322.20000000000005,320.65000000000003,320.70000000000005,1952.0,1261.0,50,627231.45
2026-06-09 12:04:55.797165294+05:30,320.90000000000003,321.90000000000003,320.20000000000005,321.85,2291.0,1137.0,54,735666.7
2026-06-09 12:13:10.653311325+05:30,321.75,323.65000000000003,321.6,323.55,3579.0,1679.0,78,1154501.1
2026-06-09 12:21:12.191041768+05:30,323.85,327.6,323.5,327.25,2769.0,1770.0,64,901527.0999999997
2026-06-09 12:29:26.630131499+05:30,327.25,331.1,327.25,330.3,3951.0,2039.0,60,1304787.3500000003
2026-06-09 12:37:28.692118705+05:30,330.25,332.1,329.6,330.45000000000005,3850.0,2300.0,64,1272905.2999999993
2026-06-09 12:45:41.897745079+05:30,330.3,333.20000000000005,330.3,331.90000000000003,3552.0,1809.0,73,1178999.7500000002
2026-06-09 12:53:48.842132522+05:30,332.20000000000005,333.15000000000003,330.20000000000005,333.1,2748.0,1124.0,67,911979.2
2026-06-09 13:02:06.045660480+05:30,333.05,333.90000000000003,332.3,332.3,2555.0,930.0,54,851463.1500000003
2026-06-09 13:10:21.618073373+05:30,332.15000000000003,333.20000000000005,331.8,332.25,1770.0,960.0,48,588615.45
2026-06-09 13:18:23.472409177+05:30,332.35,334.05,332.35,333.75,1978.0,1470.0,34,659217.0999999999
2026-06-09 13:26:30.424202667+05:30,333.8,336.90000000000003,333.5,335.95000000000005,2903.0,1988.0,72,973998.3000000004
2026-06-09 13:34:37.314545593+05:30,335.95000000000005,336.5,333.6,333.95000000000005,2669.0,1236.0,75,894462.3999999998
2026-06-09 13:42:42.081256377+05:30,333.65000000000003,335.05,332.35,335.05,3053.0,1340.0,73,1018294.6
2026-06-09 13:50:54.610144566+05:30,334.95000000000005,337.25,334.75,337.25,2492.0,1452.0,71,837061.9500000001
2026-06-09 13:59:01.831049757+05:30,337.3,339.95000000000005,336.65000000000003,339.3,3189.0,2160.0,60,1077850.2000000002
2026-06-09 14:07:09.049010812+05:30,339.15000000000003,339.5,336.5,336.75,2741.0,1180.0,68,926390.4000000003
2026-06-09 14:15:11.090741227+05:30,336.85,337.15000000000003,333.70000000000005,334.25,2630.0,1078.0,57,883180.9500000001
2026-06-09 14:23:42.195140429+05:30,334.5,335.05,332.0,334.95000000000005,4082.0,2048.0,74,1361562.2500000005
2026-06-09 14:31:47.505879850+05:30,334.6,337.05,334.40000000000003,335.25,3630.0,2296.0,74,1218629.0000000005
2026-06-09 14:39:51.211345207+05:30,335.25,336.15000000000003,333.3,334.70000000000005,4436.0,1724.0,78,1484432.8000000005
2026-06-09 14:47:54.162782938+05:30,334.75,339.55,333.95000000000005,338.55,4113.0,2694.0,105,1387383.9499999997
2026-06-09 14:55:55.514380958+05:30,338.40000000000003,338.70000000000005,336.3,336.70000000000005,3643.0,1149.0,96,1230368.2499999995
2026-06-09 15:03:56.653130130+05:30,337.0,339.3,337.0,337.8,4827.0,2749.0,110,1631413.3000000005
2026-06-09 15:11:59.701340544+05:30,337.90000000000003,341.6,337.90000000000003,340.15000000000003,7088.0,3493.0,139,2410986.6500000004
2026-06-09 15:19:59.865630598+05:30,340.3,344.1,339.3,342.1,6987.0,3898.0,168,2386886.2500000005
2026-06-09 15:28:02.030339494+05:30,342.0,342.90000000000003,336.45000000000005,338.5,12834.0,7254.0,287,4362399.699999998
2026-06-10 09:15:00.000020647+05:30,338.5,341.55,336.95000000000005,338.65000000000003,12739.0,7410.0,274,4332074.149999999
2026-06-10 09:23:00.482329044+05:30,338.85,350.3,338.85,349.35,30087.0,16230.0,725,10343327.65
2026-06-10 09:31:01.532302367+05:30,348.90000000000003,350.55,345.25,347.5,13217.0,6935.0,265,4593356.600000002
2026-06-10 09:39:04.932052342+05:30,347.40000000000003,353.45000000000005,346.40000000000003,353.1,7957.0,4210.0,201,2782207.600000002
2026-06-10 09:47:06.105052792+05:30,352.45000000000005,354.3,350.05,350.75,7149.0,3341.0,156,2512748.950000001
2026-06-10 09:55:22.254865547+05:30,350.95000000000005,350.95000000000005,343.95000000000005,344.75,6785.0,2569.0,160,2356605.5
2026-06-10 10:03:24.175064058+05:30,344.45000000000005,347.3,343.95000000000005,347.25,5853.0,3678.0,148,2026469.7000000004
2026-06-10 10:11:27.789632673+05:30,347.15000000000003,348.45000000000005,343.3,343.40000000000003,8630.0,3419.0,134,2981921.2500000033
2026-06-10 10:19:27.828813958+05:30,343.25,344.45000000000005,341.75,344.35,4618.0,2063.0,107,1585175.6500000004
2026-06-10 10:27:29.654731842+05:30,344.25,346.6,342.65000000000003,344.1,3684.0,1453.0,106,1269041.4000000006
2026-06-10 10:35:30.363905120+05:30,343.70000000000005,347.15000000000003,343.40000000000003,345.8,4866.0,2553.0,100,1680661.5000000002
2026-06-10 10:43:40.253362924+05:30,345.65000000000003,349.75,345.25,349.75,3504.0,2082.0,104,1215618.85
2026-06-10 10:51:48.067350498+05:30,349.45000000000005,352.15000000000003,349.0,351.45000000000005,4768.0,2077.0,86,1672506.5999999996
2026-06-10 10:59:55.216148675+05:30,351.45000000000005,354.45000000000005,350.85,353.8,4129.0,2320.0,94,1456016.5499999998
2026-06-10 11:08:05.055860782+05:30,353.55,355.8,351.8,354.15000000000003,4174.0,2615.0,84,1477026.5500000005
2026-06-10 11:16:08.483581166+05:30,353.95000000000005,356.40000000000003,353.70000000000005,356.40000000000003,2962.0,1885.0,72,1050698.7000000002
2026-06-10 11:24:19.345329229+05:30,356.75,360.4,356.45000000000005,359.65000000000003,3430.0,1756.0,83,1231387.15
2026-06-10 11:32:25.202678359+05:30,360.05,363.35,359.40000000000003,363.15,2858.0,1828.0,70,1033943.0999999997
2026-06-10 11:40:25.777984519+05:30,362.7000000000001,364.05,361.1,362.2000000000001,3783.0,1836.0,102,1371429.7499999998
2026-06-10 11:48:26.188291956+05:30,362.05,366.05,360.75,366.05,5293.0,3665.0,90,1921037.1499999994
2026-06-10 11:56:37.561668612+05:30,365.6,365.75,362.75,364.1,4200.0,1620.0,94,1530055.1000000003
2026-06-10 12:04:40.002676951+05:30,364.4,364.4,362.0,363.9,3391.0,1971.0,76,1232284.55
2026-06-10 12:12:41.786760618+05:30,363.65,363.65,361.25,362.15,3518.0,1274.0,78,1274331.75
2026-06-10 12:20:51.168469086+05:30,361.9500000000001,362.5,358.15000000000003,358.70000000000005,4136.0,2265.0,79,1493125.2999999993
2026-06-10 12:29:09.051279540+05:30,358.70000000000005,362.55,358.70000000000005,361.0,3452.0,1149.0,74,1245145.15
2026-06-10 12:37:10.186815800+05:30,361.1,361.15,358.55,358.55,3442.0,1229.0,81,1238966.7999999998
2026-06-10 12:45:10.677069819+05:30,358.3,363.75,357.65000000000003,362.8,3326.0,2023.0,85,1201933.0500000003
2026-06-10 12:53:16.004425088+05:30,362.65,362.7000000000001,360.55,361.7000000000001,1811.0,724.0,63,654605.8500000001
2026-06-10 13:01:17.030799050+05:30,361.7000000000001,364.25,361.0,362.3,3442.0,2182.0,98,1247655.6500000001
2026-06-10 13:09:20.485430066+05:30,362.5,363.1,358.3,358.5,3528.0,1767.0,85,1274040.85
2026-06-10 13:17:20.561635771+05:30,358.20000000000005,363.25,358.15000000000003,361.65,4230.0,2293.0,90,1528335.1500000006
2026-06-10 13:25:22.317985381+05:30,361.4,363.35,359.70000000000005,363.2000000000001,3197.0,1722.0,76,1155798.7999999998
2026-06-10 13:33:29.639180082+05:30,363.05,365.9500000000001,363.05,364.6,4320.0,1616.0,90,1575065.45
2026-06-10 13:41:35.846486021+05:30,364.65,365.4500000000001,361.8,362.65,3629.0,1561.0,102,1318656.4
2026-06-10 13:49:36.946491608+05:30,362.4500000000001,364.8,362.05,363.15,4112.0,1760.0,91,1493400.85
2026-06-10 13:57:37.962534643+05:30,363.1,364.0,361.85,363.6,3464.0,2076.0,91,1258050.2499999998
2026-06-10 14:05:39.974282581+05:30,363.7000000000001,365.8,362.3,364.65,3952.0,2075.0,92,1439095.3000000003
2026-06-10 14:13:40.589609641+05:30,364.5,367.0,364.05,365.3,5450.0,2956.0,104,1989678.6999999995
2026-06-10 14:21:41.924223083+05:30,365.6,365.6,361.25,363.9,4037.0,1361.0,101,1466725.9000000013
2026-06-10 14:29:56.787962481+05:30,364.0,365.6,361.65,363.4,4961.0,2943.0,118,1802527.9499999997
2026-06-10 14:37:58.802962106+05:30,363.85,365.15,360.15000000000003,360.20000000000005,5792.0,2082.0,127,2102242.349999999
2026-06-10 14:46:05.575255897+05:30,360.75,365.05,360.4500000000001,364.7000000000001,5918.0,3509.0,124,2146626.1500000004
2026-06-10 14:54:05.592698696+05:30,364.4,368.15,362.9,366.7000000000001,6998.0,2820.0,159,2554358.2500000023
2026-06-10 15:02:06.687983290+05:30,366.55,369.2000000000001,364.3,365.85,6770.0,3665.0,157,2482007.450000001
2026-06-10 15:10:07.308524859+05:30,365.65,367.85,361.9,362.0,7763.0,3749.0,175,2837625.1499999985
2026-06-10 15:18:08.019515332+05:30,362.05,370.1,359.25,369.05,10334.0,5799.0,241,3756778.2999999984
2026-06-10 15:26:08.878557189+05:30,368.9500000000001,370.4,365.35,367.9500000000001,15629.0,6851.0,314,5743311.199999996
2026-06-11 09:15:00.000077548+05:30,367.6,370.9,363.2000000000001,368.4500000000001,22907.0,12369.0,488,8425263.049999999
2026-06-11 09:23:00.675722878+05:30,368.4500000000001,376.4,367.7000000000001,374.2000000000001,36135.0,17048.0,846,13445069.99999999
2026-06-11 09:31:01.667410088+05:30,373.85,376.3,369.5,376.0,16601.0,8672.0,345,6195537.149999999
2026-06-11 09:39:02.691995514+05:30,375.8,382.85,375.8,379.9,9645.0,5109.0,225,3666140.249999999
2026-06-11 09:47:03.538597670+05:30,380.25,383.6,378.2000000000001,382.5,8980.0,5065.0,216,3412118.7999999975
2026-06-11 09:55:05.626673224+05:30,382.9,385.0,380.8,380.9,8977.0,4190.0,190,3439729.7000000016
2026-06-11 10:03:07.147753811+05:30,380.7000000000001,381.4500000000001,377.6,381.3,6283.0,3533.0,157,2385965.7
2026-06-11 10:11:07.683857850+05:30,381.3,383.05,378.15,381.1,7217.0,4576.0,145,2748638.999999999
2026-06-11 10:19:09.000304633+05:30,381.1,381.4,374.35,376.8,7135.0,3543.0,153,2693002.3
2026-06-11 10:27:09.546618778+05:30,376.3,385.55,375.85,385.05,6417.0,3916.0,144,2445938.1499999994
2026-06-11 10:35:17.048553662+05:30,385.0,385.4,381.7000000000001,383.75,4894.0,2459.0,108,1878867.45
2026-06-11 10:43:21.473198221+05:30,384.0,386.35,382.9,383.35,6423.0,2292.0,123,2468021.75
2026-06-11 10:51:28.309659326+05:30,383.35,385.7000000000001,381.65,385.7000000000001,5464.0,2796.0,117,2093846.4999999995
2026-06-11 10:59:30.312201651+05:30,385.9500000000001,386.4,384.15,386.0,3722.0,1891.0,106,1434616.6
2026-06-11 11:07:35.505650137+05:30,385.9,389.05,384.9500000000001,388.7000000000001,4918.0,2562.0,114,1903303.4000000006
2026-06-11 11:15:36.701089758+05:30,388.8,388.9500000000001,383.4500000000001,384.4500000000001,5453.0,2602.0,116,2102338.7499999995
2026-06-11 11:23:40.137232767+05:30,384.75,385.15,379.1,379.1,3634.0,1376.0,101,1387350.0
2026-06-11 11:31:43.753226811+05:30,378.8,385.2000000000001,378.1,383.15,4936.0,3597.0,113,1885552.5999999996
2026-06-11 11:39:48.405227712+05:30,383.75,385.0,380.65,383.4500000000001,4809.0,2127.0,105,1839641.2499999993
2026-06-11 11:47:54.571003505+05:30,383.6,384.7000000000001,381.9500000000001,384.15,5263.0,2775.0,109,2016931.9000000006
2026-06-11 11:55:58.343886020+05:30,384.15,388.2000000000001,383.4500000000001,387.4500000000001,7453.0,4246.0,114,2877494.65
2026-06-11 12:04:01.951931586+05:30,387.7000000000001,388.15,385.9,387.05,4212.0,2339.0,100,1630410.8499999996
2026-06-11 12:12:17.304897466+05:30,387.25,388.05,380.65,381.65,3333.0,1357.0,95,1280831.6500000004
2026-06-11 12:20:17.603716999+05:30,381.4500000000001,384.2000000000001,381.15,381.2000000000001,4798.0,2208.0,104,1836443.3499999999
2026-06-11 12:28:31.473009193+05:30,381.1,381.4,378.65,379.55,4162.0,1568.0,97,1581757.9000000004
2026-06-11 12:36:32.011598981+05:30,379.25,380.4,374.6,374.8,5129.0,2882.0,120,1932620.9499999993
2026-06-11 12:44:34.363507493+05:30,374.75,377.3,373.1,377.3,4940.0,2350.0,110,1850924.4999999998
2026-06-11 12:52:36.485227013+05:30,377.4,379.55,377.05,379.55,7363.0,4991.0,110,2784485.45
2026-06-11 13:00:42.428374733+05:30,379.5,386.2000000000001,377.7000000000001,385.65,6263.0,2791.0,108,2394653.650000001
2026-06-11 13:09:06.012196884+05:30,385.75,386.85,384.2000000000001,385.35,4539.0,2164.0,102,1750029.700000001
2026-06-11 13:17:18.690649637+05:30,384.9,385.4,382.75,383.8,6223.0,3965.0,118,2391397.8999999994
2026-06-11 13:25:23.789534324+05:30,383.85,387.35,383.05,387.25,3779.0,2050.0,99,1454849.4500000004
2026-06-11 13:33:27.275722759+05:30,387.2000000000001,388.25,385.7000000000001,385.85,5532.0,2801.0,119,2140655.8000000003
2026-06-11 13:41:34.506475420+05:30,385.5,390.4,384.05,390.4,4310.0,2158.0,106,1670422.9999999998
2026-06-11 13:49:35.309151368+05:30,390.85,394.1,390.25,393.35,6122.0,3360.0,114,2400556.35
2026-06-11 13:57:39.061292803+05:30,393.4500000000001,395.1,391.05,391.05,5537.0,2548.0,118,2177533.3
2026-06-11 14:05:51.473378227+05:30,391.1,391.1,386.9,388.9500000000001,4884.0,2292.0,123,1898050.8000000003
2026-06-11 14:13:56.817459279+05:30,388.9,388.9,384.8,384.9500000000001,7028.0,3484.0,144,2720255.7999999993
2026-06-11 14:22:01.629640305+05:30,384.8,387.8,383.9,385.15,3749.0,1432.0,120,1444763.2499999998
2026-06-11 14:30:03.130183466+05:30,385.4,389.1,383.4500000000001,388.15,5328.0,2518.0,131,2053729.4000000001
2026-06-11 14:38:03.505396140+05:30,388.2000000000001,390.35,385.1,385.1,11513.0,6127.0,131,4464534.15
2026-06-11 14:46:05.203601849+05:30,385.1,388.9,383.15,383.5,8266.0,3913.0,181,3184011.349999998
2026-06-11 14:54:06.000871042+05:30,383.75,386.5,379.8,380.05,8402.0,4650.0,186,3220488.9
2026-06-11 15:02:15.141092215+05:30,379.75,386.75,379.05,385.75,8808.0,4811.0,208,3382248.8000000003
2026-06-11 15:10:17.932221815+05:30,385.85,388.25,383.4500000000001,383.7000000000001,9675.0,5036.0,220,3730032.299999999
2026-06-11 15:18:18.468931129+05:30,383.9,394.2000000000001,382.9500000000001,391.9,13056.0,6829.0,278,5081801.499999999
2026-06-11 15:26:19.117156336+05:30,391.85,394.8,385.9,390.5,17523.0,7911.0,455,6844025.050000003
2026-06-12 09:15:00.000225053+05:30,390.65,391.15,378.85,381.55,27366.0,13467.0,598,10488178.049999997
2026-06-12 09:23:04.200674972+05:30,381.3,388.65,377.3,388.65,26409.0,13343.0,618,10095363.950000001
2026-06-12 09:31:10.169119603+05:30,388.5,389.05,382.65,384.8,9484.0,5423.0,236,3649772.5500000003
2026-06-12 09:39:10.204871120+05:30,384.65,385.85,379.65,380.5,8177.0,3689.0,192,3124588.5499999984
2026-06-12 09:47:13.785682538+05:30,380.7000000000001,382.7000000000001,378.6,381.0,5955.0,2530.0,138,2267111.25
2026-06-12 09:55:16.796090195+05:30,380.85,382.35,378.4,379.55,5582.0,2161.0,124,2124287.3499999996
2026-06-12 10:03:25.966008405+05:30,380.25,380.7000000000001,376.15,378.9500000000001,4615.0,1999.0,119,1746074.3499999999
2026-06-12 10:11:32.162821735+05:30,379.6,384.85,379.6,381.05,5170.0,3292.0,111,1976715.3499999996
2026-06-12 10:19:33.739168959+05:30,381.3,387.05,380.6,386.6,4700.0,2175.0,105,1800635.7000000004
2026-06-12 10:27:35.783530062+05:30,386.85,389.8,386.1,387.9500000000001,3489.0,1989.0,99,1353840.85
2026-06-12 10:35:36.081906570+05:30,388.1,390.1,386.9,388.1,3782.0,2463.0,78,1470786.6500000008
2026-06-12 10:43:44.929298832+05:30,388.5,390.5,388.25,390.05,3058.0,1876.0,82,1190549.1499999997
2026-06-12 10:51:51.403146696+05:30,389.65,390.8,388.25,388.85,3803.0,2052.0,78,1479836.0000000007
2026-06-12 11:00:04.406485499+05:30,388.7000000000001,389.1,385.9500000000001,388.6,3478.0,1541.0,81,1348334.9000000004
2026-06-12 11:08:33.160876886+05:30,388.8,391.5,388.35,389.5,4617.0,2272.0,97,1800808.8500000003
2026-06-12 11:16:38.462957708+05:30,389.35,389.4500000000001,386.9,388.9500000000001,2827.0,1439.0,71,1097042.5499999998
2026-06-12 11:24:44.184857358+05:30,389.1,390.65,386.75,386.75,3076.0,1629.0,82,1197423.3499999999
2026-06-12 11:32:55.383883250+05:30,386.4,388.6,385.7000000000001,387.35,3720.0,2266.0,77,1440856.9000000004
2026-06-12 11:40:57.157132533+05:30,387.2000000000001,389.6,386.4,388.8,5239.0,3092.0,85,2034341.5500000007
2026-06-12 11:49:02.416344160+05:30,388.55,388.55,385.0,386.85,4082.0,1184.0,71,1579448.0500000007
2026-06-12 11:57:10.051982129+05:30,386.8,388.1,385.4,386.1,2296.0,904.0,73,888319.6999999998
2026-06-12 12:05:10.074332489+05:30,385.9,391.15,385.55,391.15,4406.0,2908.0,77,1709922.4999999998
2026-06-12 12:13:20.522287992+05:30,390.9500000000001,392.65,390.5,391.55,3372.0,1169.0,70,1320396.6
2026-06-12 12:21:20.743370701+05:30,391.3,391.6,389.75,390.3,2074.0,779.0,59,809964.2999999999
2026-06-12 12:29:21.303653885+05:30,390.4500000000001,390.4500000000001,387.4500000000001,388.9500000000001,3963.0,919.0,79,1541182.1000000003
2026-06-12 12:37:24.634483305+05:30,389.0,389.0,387.0,388.0,3732.0,1966.0,80,1447165.4500000002
2026-06-12 12:45:26.594766693+05:30,387.9,390.85,385.8,390.85,3809.0,2320.0,83,1475699.6500000004
2026-06-12 12:53:26.841197499+05:30,390.85,392.3,390.6,391.4500000000001,3459.0,1530.0,72,1354198.15
2026-06-12 13:01:29.205085594+05:30,391.4,391.4500000000001,387.2000000000001,389.25,3485.0,1392.0,80,1354849.4500000002
2026-06-12 13:09:29.649331300+05:30,389.15,389.75,387.4,388.05,2874.0,1136.0,57,1116169.6500000001
2026-06-12 13:17:31.894457438+05:30,387.9500000000001,388.4500000000001,384.1,384.3,3173.0,1359.0,80,1226918.4000000001
2026-06-12 13:25:32.320860030+05:30,384.5,385.0,382.75,383.2000000000001,3234.0,1583.0,84,1242599.8499999996
2026-06-12 13:33:34.776495138+05:30,382.8,384.1,382.0,383.6,3388.0,1732.0,79,1297673.55
2026-06-12 13:41:46.531886023+05:30,383.55,386.25,383.2000000000001,385.4500000000001,4194.0,2364.0,89,1614480.1500000004
2026-06-12 13:49:52.280896079+05:30,385.5,385.7000000000001,378.75,378.75,3557.0,920.0,79,1360737.6499999994
2026-06-12 13:58:01.832313943+05:30,378.8,379.8,377.75,378.15,2670.0,1410.0,77,1011429.6000000002
2026-06-12 14:06:06.779179702+05:30,378.1,382.2000000000001,377.75,381.3,4908.0,2311.0,88,1862661.6
2026-06-12 14:14:17.762908392+05:30,381.4500000000001,382.9500000000001,379.9500000000001,381.55,4747.0,2234.0,88,1811454.5
2026-06-12 14:22:24.290782867+05:30,381.4,381.4500000000001,376.4,376.4,3546.0,1361.0,90,1346697.7000000004
2026-06-12 14:30:25.947143228+05:30,376.2000000000001,376.9500000000001,374.55,375.5,4734.0,2417.0,104,1779488.9499999997
2026-06-12 14:38:27.655595732+05:30,375.5,379.2000000000001,374.5,378.7000000000001,4812.0,3126.0,102,1814326.6499999994
2026-06-12 14:46:28.207132546+05:30,378.6,379.6,376.85,377.6,6102.0,1807.0,130,2306676.350000001
2026-06-12 14:54:28.995000479+05:30,377.75,377.9500000000001,372.9,374.75,5852.0,2472.0,141,2195434.8000000003
2026-06-12 15:02:29.331017695+05:30,374.5,374.8,367.55,368.2000000000001,7608.0,3140.0,138,2812597.0999999987
2026-06-12 15:10:31.507250706+05:30,368.35,372.3,368.25,371.1,7564.0,3924.0,157,2804846.4499999997
2026-06-12 15:18:31.999833373+05:30,371.3,373.85,370.7000000000001,371.05,9333.0,4808.0,209,3472419.2
2026-06-12 15:26:33.824678183+05:30,370.7000000000001,372.6,366.55,371.65,12218.0,6341.0,317,4510971.700000002
2026-06-15 09:15:00.000641060+05:30,372.05,378.65,371.05,378.6,21870.0,11820.0,438,8193721.4499999955
2026-06-15 09:23:01.461203688+05:30,378.35,378.5,366.7000000000001,367.3,18445.0,9276.0,451,6897346.199999997
2026-06-15 09:31:03.248082114+05:30,367.6,374.5,367.1,372.05,6965.0,3369.0,160,2585124.3499999987
2026-06-15 09:39:12.853960692+05:30,372.1,372.1,368.25,369.35,5421.0,1791.0,144,2004936.7499999998
2026-06-15 09:47:13.758134682+05:30,369.65,370.6,368.75,369.55,5345.0,1945.0,105,1975495.2999999998
2026-06-15 09:55:19.787686994+05:30,369.8,370.75,365.6,369.15,6019.0,2234.0,96,2219760.3
2026-06-15 10:03:27.268964238+05:30,369.15,373.05,369.15,371.5,3209.0,1795.0,90,1190240.2499999995
2026-06-15 10:11:27.767400232+05:30,371.4,372.15,369.4500000000001,372.0,4902.0,2276.0,85,1817832.8499999999
2026-06-15 10:19:46.161754844+05:30,371.75,372.9,370.1,371.65,3958.0,1648.0,69,1468598.15
2026-06-15 10:27:48.060629820+05:30,371.65,371.65,368.5,369.55,3794.0,1830.0,69,1402068.2999999998
2026-06-15 10:35:48.514074186+05:30,369.9500000000001,375.4500000000001,369.9500000000001,374.4500000000001,2639.0,1911.0,70,984312.85
2026-06-15 10:44:03.704941619+05:30,374.85,374.9500000000001,372.1,374.2000000000001,2482.0,1152.0,64,926261.55
2026-06-15 10:52:30.131125905+05:30,374.55,375.9500000000001,373.4,375.35,2308.0,1257.0,67,864528.7500000001
2026-06-15 11:00:48.464111589+05:30,375.15,376.4500000000001,373.35,375.05,2301.0,757.0,64,863254.1000000004
2026-06-15 11:08:57.295661184+05:30,375.05,375.05,370.55,370.55,3038.0,1471.0,57,1131147.25
2026-06-15 11:17:04.120867062+05:30,370.55,372.9,370.1,371.9500000000001,1622.0,792.0,55,602036.35
2026-06-15 11:25:15.768819253+05:30,371.85,372.55,370.55,372.55,2549.0,1515.0,62,946954.1499999998
2026-06-15 11:33:17.487347624+05:30,372.65,374.6,372.6,373.05,1993.0,1195.0,50,743978.8000000002
2026-06-15 11:41:20.761791533+05:30,372.9,374.2000000000001,372.4,374.1,1993.0,1063.0,53,743846.3000000002
2026-06-15 11:49:23.401126136+05:30,373.7000000000001,374.5,371.9500000000001,371.9500000000001,1890.0,925.0,48,705276.1499999998
2026-06-15 11:57:35.653658353+05:30,371.9500000000001,372.2000000000001,369.85,370.15,3048.0,1618.0,66,1131881.9999999998
2026-06-15 12:06:05.910815922+05:30,370.35,371.05,369.0,370.1,2635.0,1161.0,60,974326.9500000001
2026-06-15 12:14:06.978821351+05:30,370.2000000000001,373.0,370.2000000000001,371.55,2052.0,923.0,57,762190.6000000002
2026-06-15 12:22:18.197055010+05:30,372.4,373.35,371.3,372.4500000000001,1891.0,1230.0,61,704460.6500000003
2026-06-15 12:30:23.047199542+05:30,372.55,372.55,369.5,369.9500000000001,2388.0,724.0,47,885758.1499999999
2026-06-15 12:38:53.794713011+05:30,370.1,371.55,369.65,371.1,2013.0,974.0,55,746012.4000000003
2026-06-15 12:47:00.003750798+05:30,371.15,373.85,370.85,373.85,3245.0,1217.0,49,1208410.9
2026-06-15 12:55:08.638778949+05:30,373.55,374.2000000000001,370.6,370.75,1840.0,713.0,50,685146.7499999999
2026-06-15 13:03:09.977119762+05:30,370.4,372.3,370.2000000000001,371.85,2917.0,1734.0,63,1082289.3500000003
2026-06-15 13:11:16.336614969+05:30,371.8,373.75,371.0,373.0,2499.0,1506.0,57,930124.9500000002
2026-06-15 13:19:19.871861957+05:30,372.4,372.85,371.15,372.05,2268.0,1079.0,51,843258.2000000001
2026-06-15 13:27:22.120461546+05:30,371.6,374.25,371.35,372.55,1948.0,1162.0,51,726182.9500000002
2026-06-15 13:35:27.477994866+05:30,372.4500000000001,372.55,366.6,367.7000000000001,4047.0,2399.0,82,1493096.8499999999
2026-06-15 13:43:38.195365005+05:30,367.2000000000001,369.6,366.9500000000001,368.1,3064.0,1555.0,68,1128533.8499999999
2026-06-15 13:51:40.154091173+05:30,368.1,368.8,366.3,366.9,2734.0,1124.0,78,1004853.45
2026-06-15 13:59:49.054743184+05:30,366.75,367.9,366.35,366.4,3361.0,1653.0,66,1233902.0000000002
2026-06-15 14:07:56.337180159+05:30,366.3,367.15,365.85,366.1,2467.0,1627.0,58,904067.0499999999
2026-06-15 14:16:00.145571706+05:30,366.05,370.35,366.05,370.35,2822.0,1491.0,71,1039440.7000000001
2026-06-15 14:24:23.573645589+05:30,370.1,371.35,369.4500000000001,369.7000000000001,3902.0,2228.0,66,1445424.35
2026-06-15 14:32:29.825613085+05:30,369.9,370.85,368.4,370.85,4425.0,2250.0,88,1634844.6
2026-06-15 14:40:30.849890283+05:30,371.0,374.0,370.75,373.0,2765.0,1758.0,66,1031600.9500000002
2026-06-15 14:48:32.470109835+05:30,372.55,372.85,370.4,370.85,4323.0,1971.0,93,1606870.7000000004
2026-06-15 14:56:41.769294946+05:30,370.75,379.5,370.75,379.25,5128.0,3017.0,93,1925788.3499999992
2026-06-15 15:04:41.872701745+05:30,379.4,380.3,378.2000000000001,378.75,4586.0,2288.0,103,1738730.5000000002
2026-06-15 15:12:45.356104884+05:30,379.15,385.15,378.65,385.15,6745.0,3371.0,130,2581499.3000000003
2026-06-15 15:20:57.628628175+05:30,385.1,387.15,382.5,383.35,5709.0,2574.0,147,2198360.1999999993
2026-06-15 15:28:59.030376033+05:30,383.5,387.75,382.4500000000001,386.9500000000001,11576.0,5371.0,290,4458273.000000001
2026-06-16 09:15:00.005179871+05:30,387.5,389.35,384.75,386.4,9764.0,4732.0,216,3779570.1500000013
2026-06-16 09:23:03.017720772+05:30,386.75,399.0,385.55,395.9500000000001,27578.0,12804.0,622,10833306.500000013
2026-06-16 09:31:04.809656200+05:30,396.4,397.0,390.15,391.8,11520.0,5089.0,225,4542419.150000002
2026-06-16 09:39:11.669020974+05:30,391.9,393.85,390.15,391.6,7219.0,3684.0,176,2826400.2499999995
2026-06-16 09:47:12.052245248+05:30,391.05,398.1,390.15,397.75,5620.0,3524.0,127,2214715.050000001
2026-06-16 09:55:12.608521871+05:30,398.05,399.2000000000001,394.05,395.5,5306.0,2615.0,132,2106590.8999999994
2026-06-16 10:03:17.009436474+05:30,395.5,397.85,394.8,395.4500000000001,4960.0,2779.0,107,1963607.3000000005
2026-06-16 10:11:17.616294345+05:30,394.9,397.55,394.4500000000001,394.8,4658.0,2111.0,101,1844279.0999999996
2026-06-16 10:19:25.457402211+05:30,394.9,395.5,392.4500000000001,394.5,3910.0,2008.0,90,1541282.5500000003
2026-06-16 10:27:27.311691300+05:30,394.65,399.5,394.6,398.2000000000001,3275.0,1419.0,102,1300036.1999999993
2026-06-16 10:35:28.692758797+05:30,398.55,399.85,394.85,395.1,4948.0,1527.0,81,1965604.1000000003
2026-06-16 10:43:32.185576098+05:30,395.15,395.2000000000001,390.7000000000001,391.9500000000001,3146.0,1477.0,84,1237616.55
2026-06-16 10:51:35.641636474+05:30,391.85,394.8,391.65,394.25,2999.0,1330.0,84,1179519.6000000003
2026-06-16 10:59:36.486486003+05:30,394.2000000000001,396.15,391.9,394.7000000000001,2753.0,1724.0,81,1084978.6999999997
2026-06-16 11:07:48.706836662+05:30,394.65,394.65,392.35,394.1,3621.0,1547.0,76,1424988.7500000002
2026-06-16 11:15:56.074527735+05:30,393.85,395.3,392.4,393.8,3000.0,1402.0,75,1182419.5500000003
2026-06-16 11:23:56.518072453+05:30,393.4,395.65,393.4,395.4,3252.0,1540.0,79,1282597.4000000001
2026-06-16 11:31:59.839984149+05:30,395.3,395.3,391.75,392.4,3689.0,2154.0,87,1451407.7499999995
2026-06-16 11:40:09.413539712+05:30,392.8,394.3,391.55,393.35,3125.0,1902.0,65,1227878.65
2026-06-16 11:48:14.447316552+05:30,393.85,395.15,392.15,393.9,3507.0,1585.0,85,1381125.9
2026-06-16 11:56:26.229326117+05:30,394.05,396.2000000000001,393.0,395.4,2723.0,1764.0,68,1073098.4000000004
2026-06-16 12:04:50.242888555+05:30,395.55,396.4,394.05,394.75,2584.0,957.0,62,1021123.1000000001
2026-06-16 12:12:56.326327686+05:30,395.25,398.7000000000001,394.65,398.55,4019.0,2086.0,91,1593040.700000001
2026-06-16 12:20:58.363960405+05:30,398.85,400.35,397.4,399.8,3510.0,1670.0,78,1399847.1999999995
2026-06-16 12:29:03.039826453+05:30,400.15,400.15,395.65,396.15,3364.0,1464.0,63,1334307.0
2026-06-16 12:37:10.588189616+05:30,396.3,397.75,393.55,393.55,3020.0,1020.0,73,1195416.9499999995
2026-06-16 12:45:11.679336444+05:30,393.9500000000001,393.9500000000001,391.05,392.35,2823.0,1782.0,65,1108401.0000000002
2026-06-16 12:53:12.154784496+05:30,392.05,392.7000000000001,390.4,390.4,2661.0,1429.0,68,1042017.4999999999
2026-06-16 13:01:13.784633796+05:30,390.4500000000001,393.6,390.3,391.0,3531.0,2253.0,82,1384336.2999999996
2026-06-16 13:09:20.447138135+05:30,391.1,391.1,387.75,388.4,4151.0,2072.0,79,1616573.85
2026-06-16 13:17:22.712929784+05:30,388.4500000000001,389.2000000000001,385.35,385.85,3301.0,1288.0,67,1280226.95
2026-06-16 13:25:38.375155880+05:30,385.8,391.4500000000001,384.65,390.6,4300.0,2224.0,87,1667330.2500000002
2026-06-16 13:33:45.755435922+05:30,390.6,392.75,389.2000000000001,391.0,3190.0,1835.0,95,1247442.2500000005
2026-06-16 13:41:50.916871126+05:30,390.85,391.65,388.85,390.15,3372.0,1784.0,92,1315180.15
2026-06-16 13:49:52.363209906+05:30,390.0,390.55,385.8,386.65,4322.0,1991.0,87,1677618.6999999997
2026-06-16 13:57:57.060448029+05:30,386.4,386.4,382.65,383.2000000000001,4663.0,2366.0,97,1793970.8500000006
2026-06-16 14:06:01.084572916+05:30,383.5,385.8,382.2000000000001,382.35,2685.0,1115.0,82,1030595.8499999997
2026-06-16 14:14:04.458206708+05:30,382.85,382.85,380.2000000000001,381.05,4334.0,1863.0,92,1653288.6
2026-06-16 14:22:08.021366920+05:30,381.35,381.8,378.8,380.35,4221.0,1791.0,100,1606271.5499999996
2026-06-16 14:30:11.320920424+05:30,380.2000000000001,381.25,377.6,381.2000000000001,4605.0,2637.0,94,1747420.9999999993
2026-06-16 14:38:18.121835759+05:30,380.9500000000001,381.5,378.9500000000001,380.7000000000001,4003.0,2180.0,105,1522342.1000000006
2026-06-16 14:46:18.528495699+05:30,380.75,386.9500000000001,379.4,386.55,6930.0,2296.0,119,2650172.549999999
2026-06-16 14:54:24.821402383+05:30,386.55,387.1,381.85,382.75,6249.0,2148.0,126,2397841.5499999993
2026-06-16 15:02:32.493000945+05:30,382.9500000000001,385.4,382.55,384.65,4543.0,1719.0,121,1745154.6499999994
2026-06-16 15:10:33.264276258+05:30,384.35,389.2000000000001,384.15,389.15,8103.0,4699.0,182,3137086.499999998
2026-06-16 15:18:35.865538063+05:30,389.4500000000001,389.9,385.8,387.25,8238.0,3498.0,190,3192564.6000000024
2026-06-16 15:26:35.873915020+05:30,387.4500000000001,387.4500000000001,381.5,382.65,14257.0,7216.0,310,5478698.500000004
2026-06-17 09:15:00.000646259+05:30,382.75,389.3,380.2000000000001,389.3,21233.0,11188.0,423,8131433.650000004
2026-06-17 09:23:00.202770886+05:30,390.15,399.25,389.3,390.9,43069.0,22173.0,967,17004492.4
2026-06-17 09:31:03.011419780+05:30,390.55,390.55,378.25,378.35,15976.0,7383.0,369,6114021.999999998
2026-06-17 09:39:03.790866104+05:30,378.8,378.85,370.2000000000001,371.65,13076.0,5136.0,284,4878323.750000003
2026-06-17 09:47:03.993929161+05:30,371.5,376.15,370.15,375.9500000000001,9051.0,4093.0,227,3382484.8000000017
2026-06-17 09:55:04.477675571+05:30,375.9500000000001,376.35,368.35,368.55,8306.0,4067.0,187,3098110.35
2026-06-17 10:03:06.734678944+05:30,368.4,371.0,365.05,367.85,7926.0,5050.0,166,2925303.4
2026-06-17 10:11:10.746318621+05:30,367.8,374.3,366.85,374.2000000000001,7693.0,3620.0,162,2847900.5999999996
2026-06-17 10:19:13.403303437+05:30,374.1,375.4,370.5,370.75,7041.0,2970.0,150,2626334.5
2026-06-17 10:27:14.785869428+05:30,370.8,374.2000000000001,370.8,373.15,4825.0,2654.0,137,1795877.2499999995
2026-06-17 10:35:16.802417915+05:30,373.25,377.35,370.6,377.35,5684.0,3135.0,134,2120948.1
2026-06-17 10:43:18.103253351+05:30,377.3,383.4,377.0,382.1,6060.0,3726.0,135,2306897.55
2026-06-17 10:51:30.495945011+05:30,382.2000000000001,384.05,380.15,382.1,6334.0,3368.0,143,2420528.5500000003
2026-06-17 10:59:30.774087028+05:30,381.9500000000001,382.6,378.75,379.75,5745.0,2674.0,128,2185984.7000000007
2026-06-17 11:07:31.369525748+05:30,380.0,380.1,374.85,377.0,5653.0,2701.0,129,2130448.85
2026-06-17 11:15:33.471592804+05:30,377.2000000000001,379.75,376.25,377.15,4943.0,2580.0,116,1867713.7999999996
2026-06-17 11:23:35.919213039+05:30,377.55,381.75,376.8,381.75,4890.0,2402.0,123,1853026.15
2026-06-17 11:31:41.512266393+05:30,381.4500000000001,382.3,377.5,377.5,5373.0,2174.0,133,2038213.4500000002
2026-06-17 11:39:43.540650080+05:30,377.75,378.8,373.8,374.6,4004.0,2233.0,83,1508154.5499999998
2026-06-17 11:47:46.599777620+05:30,374.55,376.0,373.3,374.4500000000001,6348.0,3531.0,129,2378551.3499999987
2026-06-17 11:55:47.824538085+05:30,373.9,374.4500000000001,371.55,372.65,5450.0,2454.0,114,2033090.1500000001
2026-06-17 12:03:51.074501955+05:30,373.35,380.35,373.3,375.75,5643.0,3743.0,123,2126352.8999999994
2026-06-17 12:11:52.105275763+05:30,375.6,382.0,374.05,382.0,4257.0,2374.0,114,1606530.8000000003
2026-06-17 12:19:52.989645286+05:30,382.5,382.9500000000001,380.3,380.9,4164.0,2008.0,98,1588727.9999999995
2026-06-17 12:27:58.105726545+05:30,381.0,387.2000000000001,381.0,386.9500000000001,5196.0,2688.0,117,2000703.7000000002
2026-06-17 12:35:59.469824246+05:30,386.55,386.55,382.8,386.0,4713.0,2430.0,106,1813430.45
2026-06-17 12:44:04.249800734+05:30,386.05,387.8,384.25,387.3,4634.0,2395.0,110,1788810.6999999997
2026-06-17 12:52:24.119886270+05:30,387.4,390.15,387.25,390.05,5308.0,2774.0,104,2063528.0999999994
2026-06-17 13:00:25.142944242+05:30,390.25,391.4500000000001,386.6,387.5,5814.0,2971.0,121,2263092.7000000007
2026-06-17 13:08:25.251509871+05:30,387.6,388.35,385.9500000000001,388.0,4557.0,2797.0,105,1764159.85
2026-06-17 13:16:25.403551635+05:30,388.05,392.35,388.0,391.5,4254.0,2336.0,102,1661584.0500000005
2026-06-17 13:24:26.364940882+05:30,391.8,392.9,391.35,392.55,4252.0,2134.0,109,1667157.2500000005
2026-06-17 13:32:27.892638735+05:30,392.9,392.9,384.4500000000001,385.35,6820.0,3358.0,126,2655533.8499999996
2026-06-17 13:40:27.970435563+05:30,385.5,388.9500000000001,384.25,387.7000000000001,5719.0,3164.0,130,2209909.1000000006
2026-06-17 13:48:28.977956608+05:30,387.65,389.75,383.8,387.25,5312.0,3182.0,120,2051213.1500000006
2026-06-17 13:56:33.627987631+05:30,387.25,389.65,386.6,388.9,6778.0,3817.0,126,2633093.400000001
2026-06-17 14:04:34.974485755+05:30,389.0,390.3,385.0,385.8,6866.0,3488.0,143,2654275.6500000013
2026-06-17 14:12:34.995048636+05:30,386.05,386.9500000000001,383.2000000000001,386.1,6039.0,3889.0,126,2325005.7
2026-06-17 14:20:44.222030951+05:30,386.35,390.5,385.65,389.5,5660.0,3517.0,121,2198781.599999999
2026-06-17 14:28:46.142228051+05:30,389.2000000000001,391.75,388.8,390.9,7904.0,3137.0,172,3082626.8
2026-06-17 14:36:48.293921473+05:30,391.05,393.05,390.1,392.8,6646.0,3922.0,156,2601587.1000000006
2026-06-17 14:44:58.566215172+05:30,392.6,393.35,388.55,389.85,7304.0,3979.0,170,2853117.5999999978
2026-06-17 14:52:59.054799490+05:30,390.65,391.7000000000001,384.55,386.2000000000001,10929.0,4630.0,206,4241811.700000001
2026-06-17 15:00:59.209962653+05:30,386.1,392.85,385.9,391.8,10973.0,5597.0,232,4263513.450000003
2026-06-17 15:09:00.490177910+05:30,391.3,394.55,390.35,392.05,10761.0,5428.0,250,4223636.4
2026-06-17 15:17:02.897706544+05:30,391.5,391.5,381.0,383.4500000000001,11069.0,5194.0,271,4260590.049999999
2026-06-17 15:25:03.793924004+05:30,384.0,385.5,380.2000000000001,382.7000000000001,18718.0,8677.0,430,7168083.100000004
2026-06-18 09:15:00.000084075+05:30,382.65,387.2000000000001,378.15,379.75,34313.0,17461.0,761,13149087.300000008
2026-06-18 09:23:02.022303584+05:30,379.35,389.9,379.35,386.1,27608.0,13884.0,575,10633193.750000004
2026-06-18 09:31:02.385110102+05:30,386.1,391.7000000000001,385.75,388.6,12016.0,5566.0,242,4668611.849999999
2026-06-18 09:39:02.547141530+05:30,388.75,392.35,388.05,391.05,8080.0,4436.0,157,3150431.100000001
2026-06-18 09:47:05.414417750+05:30,391.05,391.05,381.15,382.2000000000001,8164.0,3998.0,162,3160146.350000001
2026-06-18 09:55:08.644229913+05:30,382.0,387.35,381.2000000000001,384.15,5206.0,2955.0,128,2001908.6500000001
2026-06-18 10:03:11.814640348+05:30,383.9500000000001,384.6,376.3,376.3,4625.0,1978.0,116,1759998.3500000006
2026-06-18 10:11:14.306261434+05:30,376.2000000000001,379.35,376.15,379.25,4279.0,2215.0,92,1617057.7999999998
2026-06-18 10:19:15.344354909+05:30,379.25,381.05,377.05,377.55,4757.0,2266.0,98,1804608.7999999996
2026-06-18 10:27:16.624027561+05:30,378.35,378.35,374.9500000000001,376.7000000000001,4536.0,1299.0,94,1707142.0
2026-06-18 10:35:17.392638785+05:30,376.5,376.8,371.2000000000001,371.9,4556.0,1565.0,86,1702249.6500000001
2026-06-18 10:43:17.599243848+05:30,371.5,372.3,369.4,371.5,4512.0,2427.0,104,1673794.0499999998
2026-06-18 10:51:17.639008689+05:30,371.55,373.75,370.8,373.55,2646.0,1617.0,73,985728.4000000001
2026-06-18 10:59:27.581661236+05:30,373.3,373.5,370.0,370.9500000000001,3439.0,1817.0,74,1278571.0999999999
2026-06-18 11:07:31.445889842+05:30,370.9500000000001,374.6,370.2000000000001,374.6,2341.0,1221.0,75,872144.95
2026-06-18 11:15:34.949697314+05:30,374.9500000000001,379.65,374.9500000000001,379.4500000000001,3434.0,2016.0,94,1297874.3
2026-06-18 11:23:38.517060926+05:30,379.3,380.65,378.7000000000001,378.9500000000001,3684.0,1684.0,77,1399028.85
2026-06-18 11:31:41.900669150+05:30,378.9500000000001,379.5,377.4,378.55,4696.0,2378.0,87,1777295.3000000003
2026-06-18 11:39:44.142667665+05:30,378.9,379.85,377.8,378.9500000000001,4722.0,2547.0,76,1789370.5500000007
2026-06-18 11:47:52.655782558+05:30,378.8,380.5,376.4500000000001,376.4500000000001,3400.0,1284.0,70,1288318.7500000007
2026-06-18 11:55:53.496015794+05:30,376.65,377.55,375.7000000000001,375.7000000000001,3609.0,1381.0,74,1359623.1
2026-06-18 12:04:17.507301898+05:30,376.0,378.25,375.6,378.25,3477.0,2363.0,84,1309431.1000000006
2026-06-18 12:12:39.885573403+05:30,378.15,381.7000000000001,378.0,381.55,3435.0,1479.0,79,1305204.5
2026-06-18 12:20:41.986835351+05:30,381.8,384.0,381.1,382.15,3819.0,2010.0,83,1462052.0999999996
2026-06-18 12:28:43.826809356+05:30,381.7000000000001,382.4,380.1,380.35,2728.0,1122.0,71,1040403.3500000001
2026-06-18 12:36:48.383330417+05:30,380.55,383.1,380.05,382.35,3392.0,1199.0,80,1295001.0000000002
2026-06-18 12:44:52.660277528+05:30,382.4,385.4,382.3,383.7000000000001,2490.0,1299.0,66,955735.0499999998
2026-06-18 12:52:53.759346755+05:30,383.6,384.4500000000001,381.15,381.15,2779.0,1220.0,71,1065373.8499999999
2026-06-18 13:01:00.508578159+05:30,381.25,383.9500000000001,380.25,383.1,3797.0,2064.0,84,1451187.1
2026-06-18 13:09:11.827888452+05:30,382.8,385.35,381.35,383.65,3441.0,2045.0,73,1321301.7999999998
2026-06-18 13:17:18.068213721+05:30,383.65,384.5,381.75,383.6,3014.0,1395.0,72,1155332.9499999997
2026-06-18 13:25:25.218380220+05:30,383.8,385.75,383.4,384.9500000000001,3550.0,2351.0,73,1365793.5499999998
2026-06-18 13:33:25.830768316+05:30,385.2000000000001,387.05,383.55,385.1,3729.0,1645.0,90,1436574.9500000007
2026-06-18 13:41:29.015143307+05:30,384.9,384.9,380.5,383.25,4312.0,1764.0,85,1648327.5999999999
2026-06-18 13:49:36.150626383+05:30,383.4,384.25,381.2000000000001,383.6,4452.0,2481.0,94,1705553.0
2026-06-18 13:57:43.856264624+05:30,383.85,386.15,382.25,386.05,3391.0,1749.0,78,1303253.7000000004
2026-06-18 14:05:44.510001155+05:30,386.2000000000001,388.0,383.9500000000001,386.4,3736.0,2065.0,77,1442079.1500000001
2026-06-18 14:13:46.546173225+05:30,386.4,387.1,384.3,384.4500000000001,5152.0,2443.0,103,1989009.2500000005
2026-06-18 14:21:48.291377177+05:30,384.4500000000001,386.1,383.5,385.4,6025.0,3478.0,93,2318729.5500000003
2026-06-18 14:29:48.396334883+05:30,385.4,385.4,379.85,381.75,6550.0,3968.0,115,2506500.9500000007
2026-06-18 14:37:55.300880019+05:30,381.5,384.15,379.35,380.4,4290.0,1528.0,99,1638842.6500000001
2026-06-18 14:45:58.975996264+05:30,380.55,382.2000000000001,377.2000000000001,377.4500000000001,4455.0,2068.0,117,1688645.2500000005
2026-06-18 14:54:01.215871500+05:30,377.5,381.4,375.9,378.75,5939.0,2979.0,125,2248725.5500000007
2026-06-18 15:02:01.760126665+05:30,378.7000000000001,379.9,375.5,378.85,6241.0,3065.0,141,2355293.599999999
2026-06-18 15:10:02.935996016+05:30,379.0,380.8,375.4500000000001,378.3,8273.0,3361.0,164,3124150.6999999997
2026-06-18 15:18:03.093941463+05:30,378.35,383.55,377.55,383.55,8627.0,3937.0,191,3282455.5000000014
2026-06-18 15:26:04.646773138+05:30,382.9500000000001,387.9,382.4,386.7000000000001,12819.0,6551.0,288,4942922.749999998
2026-06-19 09:15:00.000002003+05:30,386.55,390.9500000000001,378.05,383.8,20477.0,10484.0,446,7867596.999999998
2026-06-19 09:23:02.773733812+05:30,384.1,385.25,370.75,374.3,39866.0,16768.0,869,14947493.250000002
2026-06-19 09:31:05.104456374+05:30,374.35,381.65,374.35,379.35,16555.0,8606.0,330,6274078.099999999
2026-06-19 09:39:06.140015053+05:30,379.25,381.1,377.9,378.1,9248.0,4322.0,239,3510047.7999999984
2026-06-19 09:47:06.473328032+05:30,377.9500000000001,381.3,376.0,377.2000000000001,10063.0,4260.0,220,3812524.749999998
2026-06-19 09:55:07.821338652+05:30,377.4,379.75,375.75,378.9,9654.0,5955.0,189,3643804.7499999995
2026-06-19 10:03:14.850819852+05:30,378.9,383.2000000000001,376.75,381.05,5204.0,2981.0,150,1979257.2500000016
2026-06-19 10:11:16.094812422+05:30,380.85,383.7000000000001,379.2000000000001,380.05,5707.0,2485.0,162,2174559.7500000005
2026-06-19 10:19:18.199159797+05:30,380.0,386.5,379.6,386.5,7300.0,4267.0,159,2788161.15
2026-06-19 10:27:24.774646827+05:30,386.4500000000001,386.9,380.35,381.25,6628.0,2585.0,134,2542601.2000000007
2026-06-19 10:35:30.670984849+05:30,381.4,387.1,381.4,386.7000000000001,7239.0,4749.0,151,2783910.7500000005
2026-06-19 10:43:35.670794527+05:30,386.75,388.35,386.25,386.9,6084.0,2539.0,112,2356824.2499999995
2026-06-19 10:51:36.006121042+05:30,386.85,388.5,384.25,386.3,4554.0,2005.0,108,1761450.8499999996
2026-06-19 10:59:41.792057257+05:30,386.25,388.65,384.4500000000001,387.65,5716.0,2887.0,128,2208330.6
2026-06-19 11:07:50.924727489+05:30,387.5,389.85,384.25,386.4,5882.0,2697.0,131,2272811.6000000006
2026-06-19 11:15:55.487413063+05:30,386.35,387.9500000000001,384.35,386.2000000000001,6418.0,4133.0,131,2478037.850000001
2026-06-19 11:23:56.420969506+05:30,386.4,388.75,381.25,382.4500000000001,4622.0,2168.0,122,1777438.5500000003
2026-06-19 11:31:57.253621284+05:30,382.05,385.1,381.4500000000001,383.3,3559.0,1796.0,102,1363994.2500000005
2026-06-19 11:39:58.599392703+05:30,383.2000000000001,385.3,382.75,383.4500000000001,4616.0,1897.0,99,1772318.4999999998
2026-06-19 11:48:01.510943673+05:30,383.2000000000001,386.5,383.2000000000001,386.15,3710.0,2260.0,88,1428170.45
2026-06-19 11:56:03.052606632+05:30,386.35,386.6,381.65,381.75,5642.0,1925.0,107,2171120.9500000007
2026-06-19 12:04:04.612928556+05:30,381.55,388.6,381.2000000000001,388.6,5519.0,3611.0,118,2124260.25
2026-06-19 12:12:04.632282265+05:30,388.9,391.25,387.3,391.25,4338.0,1900.0,109,1688521.8000000003
2026-06-19 12:20:07.466394630+05:30,391.3,397.0,390.05,396.1,4787.0,2851.0,113,1886729.6000000006
2026-06-19 12:28:10.066415983+05:30,396.0,400.7000000000001,395.25,399.7000000000001,4330.0,2363.0,95,1720155.1500000008
2026-06-19 12:36:10.535906263+05:30,399.2000000000001,399.85,397.2000000000001,399.35,4765.0,2078.0,124,1898401.9499999993
2026-06-19 12:44:14.518728082+05:30,399.6,400.8,397.75,398.1,5338.0,2792.0,116,2129772.2499999995
2026-06-19 12:52:16.046847516+05:30,397.4,399.5,396.15,397.15,4341.0,1800.0,111,1727186.5499999998
2026-06-19 13:00:16.175262286+05:30,396.9500000000001,398.1,395.7000000000001,395.9,3942.0,1805.0,104,1564915.35
2026-06-19 13:08:22.390850457+05:30,396.2000000000001,396.5,390.85,391.0,3830.0,1245.0,94,1502747.4000000004
2026-06-19 13:16:23.412490530+05:30,391.25,391.8,388.35,389.05,4019.0,1848.0,101,1567541.2
2026-06-19 13:24:28.452251770+05:30,389.25,391.35,388.55,389.15,7335.0,3080.0,139,2860825.3
2026-06-19 13:32:30.206239762+05:30,389.25,391.55,388.9,389.4500000000001,5387.0,2709.0,125,2101659.700000001
2026-06-19 13:40:41.698925541+05:30,388.65,389.65,385.55,386.0,3872.0,1833.0,93,1499752.2500000002
2026-06-19 13:48:45.742148506+05:30,386.15,387.7000000000001,384.4,386.4500000000001,4640.0,1748.0,105,1790510.4499999997
2026-06-19 13:56:47.390764013+05:30,386.4500000000001,391.15,386.4500000000001,391.15,6448.0,3137.0,125,2504776.6000000006
2026-06-19 14:04:52.301524990+05:30,391.2000000000001,392.85,390.25,390.25,5202.0,2515.0,124,2036423.3500000013
2026-06-19 14:12:57.264916343+05:30,390.3,391.15,387.2000000000001,388.4,5485.0,2938.0,139,2131836.95
2026-06-19 14:21:09.950103877+05:30,388.4500000000001,388.9,384.9500000000001,386.75,6352.0,3246.0,142,2456855.8499999996
2026-06-19 14:29:11.849948594+05:30,386.9500000000001,392.55,385.7000000000001,391.55,7663.0,3603.0,170,2982869.9
2026-06-19 14:37:13.428775935+05:30,391.3,398.5,389.9,397.8,5904.0,3388.0,152,2331085.9
2026-06-19 14:45:20.082579533+05:30,397.75,400.55,395.4500000000001,395.9,6976.0,3511.0,173,2781108.000000003
2026-06-19 14:53:20.821711629+05:30,396.0,399.9,394.5,399.55,9480.0,5351.0,198,3763304.2499999995
2026-06-19 15:01:23.073570293+05:30,399.3,400.9,392.75,393.6,8779.0,4667.0,218,3489225.3000000017
2026-06-19 15:09:25.960662621+05:30,393.4,396.6,392.85,393.9500000000001,12727.0,7269.0,261,5023563.800000003
2026-06-19 15:17:26.754364456+05:30,393.75,400.7000000000001,391.5,400.7000000000001,12807.0,5982.0,291,5073264.5500000045
2026-06-19 15:25:28.960432226+05:30,400.15,401.3,394.6,398.65,21554.0,9618.0,417,8581250.250000004
2026-06-22 09:15:00.000044056+05:30,398.8,406.1,398.6,403.25,31391.0,16451.0,687,12627782.800000006
2026-06-22 09:23:02.574125385+05:30,403.35,404.6,393.6,401.65,26357.0,14648.0,679,10525003.799999997
2026-06-22 09:31:02.827545677+05:30,401.35,405.15,400.6,403.8,11410.0,5433.0,235,4599425.150000001
2026-06-22 09:39:05.569341966+05:30,403.9,407.5,402.9,406.1,10117.0,4978.0,216,4099556.1999999974
2026-06-22 09:47:06.046687306+05:30,405.8,409.05,405.1,405.5,6106.0,2843.0,146,2486882.5
2026-06-22 09:55:06.881408096+05:30,405.3,407.7000000000001,404.4500000000001,406.35,6661.0,3149.0,140,2706105.4999999995
2026-06-22 10:03:07.428907133+05:30,406.35,414.8,404.65,414.8,6174.0,3312.0,145,2529568.5500000003
2026-06-22 10:11:10.112442420+05:30,415.15,415.5,412.4,413.6,6279.0,3160.0,130,2599192.000000001
2026-06-22 10:19:24.951851218+05:30,413.65,415.9,412.2000000000001,413.7000000000001,4542.0,2354.0,96,1880147.7500000002
2026-06-22 10:27:28.553715414+05:30,413.5,413.5,408.4,409.9,4507.0,1621.0,97,1852125.500000001
2026-06-22 10:35:34.949871176+05:30,410.2000000000001,410.35,405.4500000000001,406.7000000000001,4427.0,2212.0,94,1805813.75
2026-06-22 10:43:38.401724309+05:30,406.65,409.65,406.6,406.9,4844.0,2571.0,100,1977646.1999999997
2026-06-22 10:51:46.877685849+05:30,406.6,406.8,403.15,404.3,3294.0,1444.0,68,1333874.6000000003
2026-06-22 10:59:50.057276747+05:30,404.65,406.0,399.75,401.25,4229.0,1494.0,95,1699143.4500000007
2026-06-22 11:08:06.685635557+05:30,401.4500000000001,403.2000000000001,398.55,403.0,2897.0,1840.0,63,1161475.6
2026-06-22 11:16:07.876599199+05:30,402.7000000000001,403.75,399.1,399.9500000000001,3889.0,1876.0,74,1558676.5500000003
2026-06-22 11:24:13.489031736+05:30,399.85,400.5,398.1,398.9,2721.0,1307.0,67,1086169.4000000001
2026-06-22 11:32:18.186793506+05:30,398.8,399.55,396.7000000000001,399.35,3363.0,1577.0,72,1338231.3499999999
2026-06-22 11:40:49.835089788+05:30,399.6,399.85,395.3,395.55,3788.0,1564.0,83,1506318.15
2026-06-22 11:48:52.673001537+05:30,395.7000000000001,401.25,395.7000000000001,400.0,3533.0,2161.0,87,1407434.4500000002
2026-06-22 11:56:52.681564099+05:30,399.9,401.6,398.8,399.9,3264.0,1726.0,81,1306531.0
2026-06-22 12:04:54.961143947+05:30,399.9500000000001,400.05,396.65,398.9500000000001,2489.0,1246.0,63,990432.6999999998
2026-06-22 12:13:01.027210473+05:30,399.3,403.6,399.3,402.75,2368.0,1364.0,66,951436.2000000001
2026-06-22 12:21:09.879805042+05:30,402.75,406.15,402.35,404.2000000000001,5341.0,1768.0,81,2160775.8500000006
2026-06-22 12:29:11.773349547+05:30,403.35,404.9500000000001,401.2000000000001,402.5,3285.0,1558.0,83,1323337.4000000004
2026-06-22 12:37:18.102672517+05:30,402.55,407.3,402.55,406.55,4478.0,3056.0,83,1816780.0499999998
2026-06-22 12:45:27.264545150+05:30,406.85,407.35,403.4500000000001,403.65,2473.0,1010.0,61,1002625.8500000001
2026-06-22 12:53:39.016730505+05:30,403.25,404.8,401.9,404.0,3117.0,1462.0,88,1257141.7
2026-06-22 13:01:39.932496450+05:30,403.9,406.65,403.4500000000001,406.2000000000001,4786.0,2824.0,90,1938116.6500000001
2026-06-22 13:09:41.020607272+05:30,406.3,406.9500000000001,402.8,403.3,2496.0,1144.0,70,1008619.95
2026-06-22 13:17:41.277596942+05:30,403.4500000000001,403.75,401.65,401.85,4081.0,1400.0,83,1642897.6500000001
2026-06-22 13:25:41.804230152+05:30,401.75,402.2000000000001,399.8,401.0,3185.0,1262.0,64,1277433.8999999997
2026-06-22 13:34:04.887607196+05:30,400.9,404.35,400.1,403.3,3781.0,2267.0,88,1519485.3000000005
2026-06-22 13:42:05.092221705+05:30,403.4,405.65,403.35,403.35,3114.0,1780.0,82,1258589.4
2026-06-22 13:50:16.180505535+05:30,403.35,407.0,402.15,406.15,3157.0,1331.0,73,1276225.0000000002
2026-06-22 13:58:19.930636731+05:30,406.35,406.65,403.05,403.5,4570.0,1549.0,82,1848945.2000000002
2026-06-22 14:06:31.308562159+05:30,403.3,407.1,403.3,403.8,4522.0,3146.0,78,1835421.3999999992
2026-06-22 14:14:41.690372021+05:30,403.9500000000001,403.9500000000001,400.4500000000001,400.4500000000001,3117.0,1227.0,88,1253669.9500000004
2026-06-22 14:22:45.022781879+05:30,400.5,402.85,400.5,402.7000000000001,4422.0,2584.0,87,1777201.6499999997
2026-06-22 14:30:55.066513041+05:30,402.55,403.35,400.4500000000001,402.9500000000001,5785.0,2799.0,107,2324745.8499999996
2026-06-22 14:38:58.645774698+05:30,403.5,408.5,403.5,408.15,5401.0,2462.0,112,2195264.7
2026-06-22 14:47:07.778295608+05:30,408.4,409.9,407.65,408.8,4713.0,2667.0,108,1925902.649999999
2026-06-22 14:55:09.291912931+05:30,408.4,412.75,407.65,411.6,5162.0,2589.0,120,2120360.0
2026-06-22 15:03:12.399101256+05:30,412.05,416.6,410.4500000000001,415.65,6081.0,3286.0,146,2515451.6999999993
2026-06-22 15:11:14.527028963+05:30,415.35,416.25,412.9500000000001,415.85,7921.0,4492.0,175,3282854.0000000005
2026-06-22 15:19:15.982977767+05:30,416.15,427.8,414.4,426.4500000000001,8636.0,5163.0,209,3643815.4
2026-06-22 15:27:16.487398374+05:30,426.3,430.8,424.5,429.65,15894.0,7539.0,350,6787070.999999996
2026-06-23 09:15:00.000515730+05:30,429.55,438.4500000000001,428.25,436.35,19002.0,8809.0,420,8241588.850000005
2026-06-23 09:23:01.999390087+05:30,436.4500000000001,441.15,432.4500000000001,439.7000000000001,25938.0,10768.0,548,11332221.549999995
2026-06-23 09:31:04.532702117+05:30,439.5,439.9,435.65,439.15,7188.0,3400.0,201,3148619.75
2026-06-23 09:39:07.772891710+05:30,440.15,443.5,437.9500000000001,438.35,6376.0,3434.0,132,2806384.0499999984
2026-06-23 09:47:18.660264381+05:30,438.5,438.85,433.85,437.5,5679.0,2063.0,137,2482221.1499999985
2026-06-23 09:55:19.420121233+05:30,437.4500000000001,442.1,437.35,438.4,5000.0,2508.0,122,2202191.7500000005
2026-06-23 10:03:19.610295076+05:30,438.1,442.0,437.55,440.35,5244.0,3069.0,107,2309381.6000000006
2026-06-23 10:11:28.717992101+05:30,440.3,441.65,434.8,436.15,4274.0,1350.0,89,1873503.6500000004
2026-06-23 10:19:28.839846203+05:30,436.4500000000001,439.85,434.35,438.1,3911.0,2423.0,89,1710314.55
2026-06-23 10:27:30.165452090+05:30,438.7000000000001,438.9500000000001,433.5,434.7000000000001,4355.0,2182.0,85,1902744.2999999996
2026-06-23 10:35:31.850329425+05:30,435.3,436.25,431.15,432.25,3893.0,2036.0,82,1690174.0
2026-06-23 10:43:35.582097125+05:30,432.5,433.4,428.75,428.75,3406.0,2062.0,81,1469795.0500000005
2026-06-23 10:51:40.836523747+05:30,428.35,429.85,426.6,427.85,3504.0,2117.0,73,1500555.65
2026-06-23 10:59:46.617349110+05:30,427.1,427.1,424.05,425.15,3871.0,1762.0,75,1645736.5499999998
2026-06-23 11:07:48.972305852+05:30,424.85,428.8,423.3,425.85,5075.0,3431.0,82,2165087.1000000006
2026-06-23 11:15:53.435773146+05:30,426.0,426.3,422.3,426.25,4046.0,2093.0,87,1715760.7500000002
2026-06-23 11:24:00.294284697+05:30,426.4500000000001,431.35,425.7000000000001,431.0,3186.0,1830.0,78,1362023.85
2026-06-23 11:32:05.189729468+05:30,431.0,431.75,428.0,428.0,2345.0,571.0,57,1009365.2000000003
2026-06-23 11:40:07.538116054+05:30,427.8,430.7000000000001,427.5,428.55,1920.0,1256.0,67,823540.0500000002
2026-06-23 11:48:22.656278105+05:30,428.7000000000001,431.0,428.55,429.75,2119.0,926.0,62,910098.55
2026-06-23 11:56:39.785636561+05:30,429.55,429.8,425.05,426.85,2512.0,1377.0,63,1072666.5499999998
2026-06-23 12:04:46.375693210+05:30,426.55,430.2000000000001,425.5,430.0,3654.0,1784.0,67,1563288.05
2026-06-23 12:12:58.641937354+05:30,429.75,433.1,427.5,433.1,2923.0,2059.0,68,1255397.5500000003
2026-06-23 12:21:03.303016807+05:30,433.4,434.4500000000001,432.55,432.9,2753.0,1428.0,54,1193918.3
2026-06-23 12:29:04.955215713+05:30,433.0,437.55,433.0,436.75,3154.0,1935.0,61,1373058.15
2026-06-23 12:37:08.677117498+05:30,436.55,437.5,435.05,436.35,1909.0,959.0,54,833111.9500000001
2026-06-23 12:45:23.410880539+05:30,436.3,437.25,433.85,434.75,2803.0,1584.0,68,1222682.05
2026-06-23 12:53:23.619470444+05:30,435.25,435.65,431.4,431.4,2436.0,784.0,59,1055656.5999999999
2026-06-23 13:01:25.701893675+05:30,431.35,432.7000000000001,429.25,429.5,3074.0,1129.0,83,1324538.6999999993
2026-06-23 13:09:27.984146777+05:30,429.75,431.4500000000001,429.0,430.25,1990.0,1044.0,57,856491.75
2026-06-23 13:17:54.635279454+05:30,430.4500000000001,430.75,425.4,425.9500000000001,2278.0,878.0,61,975378.95
2026-06-23 13:26:00.723867548+05:30,426.1,426.5,422.5,422.5,2135.0,1079.0,61,907785.5
2026-06-23 13:34:05.364384863+05:30,422.1,424.35,421.75,423.9,3747.0,2381.0,77,1586955.4500000002
2026-06-23 13:42:06.659664150+05:30,424.2000000000001,424.2000000000001,421.65,422.2000000000001,2303.0,1056.0,52,973973.0000000003
2026-06-23 13:50:06.728949970+05:30,422.05,423.2000000000001,416.15,416.3,4003.0,1968.0,78,1681846.7000000002
2026-06-23 13:58:09.362015864+05:30,415.9500000000001,417.65,415.6,417.65,3183.0,1588.0,58,1326529.3999999997
2026-06-23 14:06:25.937251973+05:30,417.85,420.25,416.85,417.9,3079.0,1608.0,74,1289817.95
2026-06-23 14:14:27.637343645+05:30,418.3,422.3,418.15,421.05,3672.0,2105.0,89,1542230.6499999997
2026-06-23 14:22:28.288729305+05:30,421.05,421.9500000000001,419.1,420.55,4158.0,1901.0,86,1749282.95
2026-06-23 14:30:39.739050564+05:30,420.0,421.7000000000001,419.5,421.7000000000001,6470.0,2741.0,91,2721039.2000000007
2026-06-23 14:38:40.497263330+05:30,421.85,423.2000000000001,419.6,421.75,4353.0,2812.0,95,1832450.1999999993
2026-06-23 14:46:46.425792541+05:30,421.7000000000001,422.35,418.55,420.25,4967.0,1980.0,106,2087659.8499999996
2026-06-23 14:54:46.951166845+05:30,420.35,421.6,418.9,419.2000000000001,4321.0,1825.0,98,1815744.6499999994
2026-06-23 15:02:49.209340166+05:30,419.05,421.4500000000001,418.25,420.75,4686.0,2552.0,109,1967089.3499999992
2026-06-23 15:10:50.367745737+05:30,420.9500000000001,423.4500000000001,418.65,420.4500000000001,7192.0,2929.0,150,3029323.8000000017
2026-06-23 15:18:52.023987823+05:30,420.65,428.05,420.35,425.6,8163.0,3892.0,170,3474759.300000001
2026-06-23 15:26:52.031543166+05:30,425.6,432.05,423.35,423.4500000000001,9418.0,4096.0,272,4034882.0499999993
2026-06-24 09:15:00.000025989+05:30,423.85,425.6,418.1,418.65,15279.0,6944.0,368,6451248.050000002
2026-06-24 09:23:00.420334920+05:30,418.9,432.35,418.6,424.65,45490.0,22957.0,989,19387813.70000003
2026-06-24 09:31:02.039453709+05:30,424.6,431.9500000000001,422.65,430.8,14422.0,7115.0,316,6166320.749999999
2026-06-24 09:39:02.491362379+05:30,430.6,439.55,427.6,438.25,12170.0,7408.0,264,5269760.899999998
2026-06-24 09:47:02.493876135+05:30,438.1,441.85,436.35,441.5,10633.0,5268.0,226,4667932.749999998
2026-06-24 09:55:04.354240817+05:30,441.3,444.9,439.15,444.75,10328.0,5961.0,210,4569336.400000001
2026-06-24 10:03:05.096347356+05:30,444.55,446.7000000000001,442.85,444.2000000000001,7951.0,4325.0,195,3540027.0000000014
2026-06-24 10:11:07.352068998+05:30,444.3,446.35,442.9500000000001,444.6,7983.0,3824.0,169,3549070.5500000007
2026-06-24 10:19:11.666515397+05:30,444.9,445.3,441.5,445.3,5863.0,2688.0,154,2600668.3000000003
2026-06-24 10:27:21.282195724+05:30,445.65,446.7000000000001,443.15,445.1,7852.0,4423.0,159,3493005.8999999994
2026-06-24 10:35:21.772264562+05:30,445.05,447.55,441.65,441.65,6592.0,3161.0,150,2932758.1999999993
2026-06-24 10:43:28.782993751+05:30,442.2000000000001,445.2000000000001,441.1,443.55,6922.0,3534.0,129,3068618.499999999
2026-06-24 10:51:30.141390438+05:30,443.25,445.0,441.75,444.0,4839.0,2628.0,114,2144495.0999999996
2026-06-24 10:59:45.137402086+05:30,444.0,444.0,439.55,441.4500000000001,4371.0,1719.0,116,1930091.7000000002
2026-06-24 11:07:48.728394662+05:30,441.85,443.9,438.35,438.85,6038.0,2036.0,127,2662333.25
2026-06-24 11:15:48.873270956+05:30,438.65,438.75,432.3,432.4,5871.0,2432.0,128,2558779.3500000006
2026-06-24 11:23:50.612518265+05:30,432.3,436.35,430.3,436.35,6617.0,3161.0,129,2867857.349999999
2026-06-24 11:32:00.951446957+05:30,436.15,437.4,433.4,436.2000000000001,4381.0,2233.0,108,1910599.6500000006
2026-06-24 11:40:04.850219425+05:30,436.15,437.05,433.2000000000001,433.7000000000001,4380.0,2536.0,124,1907581.5500000005
2026-06-24 11:48:10.161144866+05:30,433.6,433.6,428.9,430.7000000000001,4985.0,3348.0,101,2148358.9499999997
2026-06-24 11:56:10.444791642+05:30,430.8,434.8,429.5,434.25,6697.0,3108.0,129,2890961.8
2026-06-24 12:04:14.472652999+05:30,433.65,438.7000000000001,433.65,437.9500000000001,4905.0,2856.0,97,2142534.8999999994
2026-06-24 12:12:19.456574899+05:30,438.3,440.25,435.55,439.4500000000001,4948.0,2532.0,98,2168739.4
2026-06-24 12:20:26.365626135+05:30,438.9,440.4,435.8,439.9,4802.0,1712.0,101,2101944.4500000007
2026-06-24 12:28:30.151039425+05:30,439.6,441.9500000000001,438.55,438.55,4793.0,2068.0,107,2108872.7
2026-06-24 12:36:30.469104727+05:30,438.55,442.9,437.4,442.9,6061.0,3325.0,116,2666853.2499999995
2026-06-24 12:44:31.673778918+05:30,442.85,449.2000000000001,442.0,448.65,4497.0,2531.0,121,1998142.8000000005
2026-06-24 12:52:32.171914231+05:30,448.55,455.35,447.75,454.15,5925.0,3619.0,114,2679782.0500000007
2026-06-24 13:00:33.490587666+05:30,454.35,455.25,452.0,453.1,5497.0,3136.0,117,2495202.150000001
2026-06-24 13:08:36.217563668+05:30,452.8,459.8,452.6,456.3,6041.0,3397.0,129,2761069.350000001
2026-06-24 13:16:36.399317204+05:30,456.6,456.65,452.55,455.9,4212.0,2106.0,105,1915620.6
2026-06-24 13:24:40.747701984+05:30,456.0,461.2000000000001,456.0,459.3,5659.0,3347.0,117,2595134.1000000006
2026-06-24 13:32:42.255274459+05:30,459.3,459.4,456.15,458.9,5969.0,3779.0,108,2733260.3000000007
2026-06-24 13:40:42.281466161+05:30,459.05,461.4,457.55,458.9,5842.0,2669.0,127,2683845.4000000004
2026-06-24 13:48:42.909260527+05:30,458.75,460.65,456.7000000000001,459.8,5725.0,2796.0,117,2627165.5500000003
2026-06-24 13:56:45.108237750+05:30,460.4500000000001,468.35,459.8,464.4500000000001,6075.0,3017.0,130,2821813.9000000004
2026-06-24 14:04:51.264421775+05:30,465.4,469.05,464.75,465.7000000000001,5984.0,2802.0,137,2791439.650000001
2026-06-24 14:12:52.383343595+05:30,465.4,465.6,460.1,460.1,5947.0,2506.0,157,2753200.650000001
2026-06-24 14:20:53.504263868+05:30,459.85,461.8,455.85,461.2000000000001,6625.0,3017.0,150,3034972.450000001
2026-06-24 14:29:00.047546590+05:30,461.4500000000001,466.65,460.05,464.05,7013.0,3665.0,146,3247174.1500000013
2026-06-24 14:37:05.236251600+05:30,463.35,465.6,461.5,463.4500000000001,7642.0,3833.0,174,3542822.9499999997
2026-06-24 14:45:06.050119833+05:30,463.4,467.9500000000001,456.4,456.5,9704.0,3638.0,210,4489971.3999999985
2026-06-24 14:53:08.017648017+05:30,456.4500000000001,456.8,445.8,445.9,8513.0,4042.0,203,3844293.3499999996
2026-06-24 15:01:11.074512063+05:30,445.55,453.0,444.0,450.8,9919.0,4019.0,220,4444453.799999999
2026-06-24 15:09:19.974294253+05:30,449.9,455.1,444.0,444.1,13720.0,6791.0,268,6173344.199999997
2026-06-24 15:17:21.784853926+05:30,443.65,444.9500000000001,437.55,443.6,14291.0,7415.0,300,6314437.550000002
2026-06-24 15:25:22.066430553+05:30,443.7000000000001,451.0,438.8,449.0,19593.0,9640.0,449,8712735.399999997
2026-06-25 09:15:00.000023701+05:30,448.7000000000001,459.8,448.55,457.1,31650.0,15596.0,767,14391155.149999987
2026-06-25 09:23:00.978961028+05:30,457.15,457.15,443.65,451.8,31118.0,16547.0,738,13949947.99999999
2026-06-25 09:31:04.580062622+05:30,452.05,454.85,449.2000000000001,454.2000000000001,12729.0,6423.0,291,5755862.549999997
2026-06-25 09:39:05.703953320+05:30,454.2000000000001,460.9500000000001,452.6,458.9,10521.0,4905.0,238,4822956.000000002
2026-06-25 09:47:06.217509869+05:30,459.4,461.05,455.75,455.75,9472.0,3524.0,183,4344724.849999998
2026-06-25 09:55:11.455394127+05:30,455.8,456.5,448.9,449.25,5845.0,2374.0,151,2640766.9500000016
2026-06-25 10:03:14.169899131+05:30,449.15,450.75,447.8,448.05,7540.0,2762.0,142,3389804.5000000005
2026-06-25 10:11:14.934860092+05:30,448.9,451.3,447.5,451.25,5134.0,3002.0,129,2308563.1499999994
2026-06-25 10:19:16.713977813+05:30,451.9,461.05,451.4500000000001,460.3,4801.0,2170.0,116,2191103.55
2026-06-25 10:27:28.250271304+05:30,460.2000000000001,464.7000000000001,459.9500000000001,462.65,4442.0,2544.0,117,2052241.4499999995
2026-06-25 10:35:31.130072807+05:30,462.5,469.85,461.9500000000001,466.2000000000001,5337.0,2779.0,105,2493677.799999999
2026-06-25 10:43:46.023390532+05:30,466.7000000000001,472.55,466.7000000000001,470.35,6282.0,3455.0,109,2956401.8000000003
2026-06-25 10:51:58.460677756+05:30,470.55,472.7000000000001,468.75,469.6,3730.0,2035.0,104,1755948.9999999998
2026-06-25 11:00:00.732002459+05:30,469.6,475.4500000000001,469.5,472.25,4896.0,2984.0,117,2314580.0
2026-06-25 11:08:03.159068480+05:30,472.25,477.8,470.25,474.9500000000001,5980.0,4085.0,108,2835055.45
2026-06-25 11:16:03.734755182+05:30,475.4500000000001,478.55,474.6,476.9500000000001,4075.0,2196.0,86,1944007.3000000003
2026-06-25 11:24:08.905063390+05:30,476.1,480.15,476.1,480.0,5273.0,2267.0,86,2521154.6500000004
2026-06-25 11:32:15.101016897+05:30,480.55,480.9500000000001,475.8,477.9,3446.0,1538.0,99,1645143.3
2026-06-25 11:40:17.954231811+05:30,477.25,477.25,471.9500000000001,472.65,3651.0,1012.0,82,1731093.65
2026-06-25 11:48:28.741903916+05:30,472.65,475.75,472.0,475.65,4350.0,1327.0,79,2060795.9000000004
2026-06-25 11:56:33.362647517+05:30,474.85,474.85,470.8,470.8,4308.0,2544.0,93,2037862.0000000007
2026-06-25 12:04:40.345991160+05:30,471.05,475.15,470.9500000000001,474.9500000000001,3321.0,1696.0,76,1570343.25
2026-06-25 12:12:42.295575069+05:30,474.9500000000001,478.8,474.3,474.35,3648.0,1668.0,77,1739515.2999999993
2026-06-25 12:20:43.827191024+05:30,474.7000000000001,477.6,474.0,476.3,3663.0,1990.0,96,1743523.7000000007
2026-06-25 12:28:46.201930025+05:30,476.65,479.9500000000001,476.65,479.1,4010.0,2587.0,89,1919446.2999999993
2026-06-25 12:36:47.677450795+05:30,479.4,483.75,476.85,483.05,4860.0,2916.0,111,2333266.5000000005
2026-06-25 12:45:05.884824879+05:30,482.55,482.75,477.7000000000001,477.75,4671.0,2010.0,98,2238393.1500000004
2026-06-25 12:53:13.021331539+05:30,477.65,478.9500000000001,473.15,474.4500000000001,4054.0,1633.0,102,1929690.2
2026-06-25 13:01:26.528165077+05:30,474.7000000000001,476.55,473.2000000000001,473.9,3476.0,2010.0,87,1649868.2500000005
2026-06-25 13:09:35.822970529+05:30,473.7000000000001,474.05,470.85,473.2000000000001,3980.0,2329.0,93,1879019.5999999996
2026-06-25 13:17:37.418764025+05:30,473.0,473.05,465.1,471.25,6525.0,2979.0,97,3053032.4
2026-06-25 13:25:37.919256629+05:30,471.6,472.4,468.4500000000001,470.0,5261.0,2531.0,94,2473668.0500000007
2026-06-25 13:33:39.129096749+05:30,469.9,473.9500000000001,468.3,472.25,4359.0,2268.0,100,2051702.0499999996
2026-06-25 13:41:41.909717753+05:30,472.0,474.5,471.9,473.2000000000001,4775.0,3011.0,86,2260162.900000001
2026-06-25 13:49:43.930855472+05:30,473.35,474.4,471.4500000000001,473.7000000000001,4586.0,2009.0,101,2167944.9499999997
2026-06-25 13:57:52.406150854+05:30,473.5,476.4,471.6,472.5,4239.0,1665.0,108,2007696.4
2026-06-25 14:05:54.746726555+05:30,472.25,474.15,468.1,469.9500000000001,7483.0,2190.0,124,3528352.150000001
2026-06-25 14:13:57.765700528+05:30,469.9,475.3,469.9,471.1,5377.0,3266.0,126,2543008.600000001
2026-06-25 14:22:00.774068855+05:30,470.85,470.85,466.1,468.4,5306.0,1867.0,97,2485111.650000001
2026-06-25 14:30:07.442382818+05:30,468.65,470.6,466.8,469.0,5447.0,1751.0,116,2551427.6499999994
2026-06-25 14:38:11.888521461+05:30,469.25,478.5,468.9500000000001,477.65,6833.0,3169.0,142,3235153.200000001
2026-06-25 14:46:12.193939956+05:30,477.8,479.9500000000001,474.05,479.05,6218.0,3309.0,144,2965818.4
2026-06-25 14:54:18.302924555+05:30,478.1,480.15,473.9,479.4500000000001,7965.0,4268.0,160,3798777.2
2026-06-25 15:02:18.985892436+05:30,479.15,480.85,473.6,474.85,8284.0,4703.0,192,3958547.6999999993
2026-06-25 15:10:19.623532083+05:30,474.6,478.6,472.9,473.35,11716.0,5482.0,220,5572622.55
2026-06-25 15:18:22.355206373+05:30,472.35,474.1,466.85,471.05,11914.0,5118.0,254,5602804.099999998
2026-06-25 15:26:23.209914404+05:30,470.9,475.65,462.15,462.2000000000001,15363.0,7511.0,376,7204693.150000003
2026-06-26 09:15:00.000033847+05:30,462.1,471.15,459.7000000000001,471.15,23430.0,13529.0,522,10886801.549999999
2026-06-26 09:23:06.201165862+05:30,471.4500000000001,474.75,455.85,457.65,20998.0,10266.0,476,9788682.249999998
2026-06-26 09:31:06.445397602+05:30,457.75,461.15,451.2000000000001,451.6,7230.0,3066.0,171,3300026.800000001
2026-06-26 09:39:06.841750036+05:30,451.6,455.8,450.75,452.35,6688.0,3213.0,144,3025688.25
2026-06-26 09:47:10.746758546+05:30,453.1,457.1,453.1,454.25,5415.0,2869.0,126,2467155.000000001
2026-06-26 09:55:18.768777561+05:30,454.05,455.4,450.2000000000001,451.15,4329.0,1652.0,91,1957827.4500000011
2026-06-26 10:03:18.847846560+05:30,451.55,453.85,449.9,451.9500000000001,4299.0,1526.0,73,1944052.35
2026-06-26 10:11:22.523775396+05:30,451.75,451.75,448.25,450.05,4652.0,2013.0,85,2093583.5499999998
2026-06-26 10:19:37.263524219+05:30,449.75,451.85,448.75,450.65,3212.0,1866.0,63,1444967.0999999996
2026-06-26 10:27:46.830847374+05:30,450.25,450.9500000000001,447.4500000000001,447.9500000000001,2899.0,1044.0,74,1301945.4
2026-06-26 10:35:47.561596049+05:30,448.1,448.1,444.5,445.4500000000001,2840.0,1073.0,71,1266039.55
2026-06-26 10:43:52.873998453+05:30,445.25,448.2000000000001,444.7000000000001,447.3,2717.0,1262.0,72,1213381.45
2026-06-26 10:52:05.114930154+05:30,447.3,450.7000000000001,446.5,449.4,1842.0,875.0,52,826417.2
2026-06-26 11:00:23.858650324+05:30,449.8,451.6,448.25,448.9500000000001,2533.0,1290.0,61,1140927.2500000002
2026-06-26 11:08:24.644081150+05:30,449.15,453.5,448.05,451.5,3276.0,1813.0,66,1476342.3
2026-06-26 11:16:35.791078201+05:30,451.65,451.7000000000001,449.05,450.85,2804.0,1366.0,60,1262855.1999999997
2026-06-26 11:25:02.819780948+05:30,450.7000000000001,451.5,447.55,447.55,2613.0,1580.0,71,1175866.4500000002
2026-06-26 11:33:10.754034945+05:30,447.35,450.25,447.35,449.4500000000001,2828.0,1136.0,66,1267734.95
2026-06-26 11:42:01.518721953+05:30,449.25,449.65,446.8,449.3,3154.0,1395.0,53,1413565.9500000004
2026-06-26 11:50:02.063459392+05:30,449.05,449.65,445.55,446.65,2035.0,1054.0,40,909690.35
2026-06-26 11:58:04.612530217+05:30,446.65,448.0,445.35,447.4500000000001,2685.0,1416.0,56,1199616.0500000003
2026-06-26 12:06:10.022943315+05:30,447.75,448.9500000000001,446.35,448.0,1978.0,1149.0,45,885293.1000000001
2026-06-26 12:14:23.396006138+05:30,448.0,451.35,447.0,450.75,3018.0,1824.0,56,1353037.3000000003
2026-06-26 12:22:25.850679002+05:30,450.9,450.9,447.4,448.05,3012.0,1204.0,62,1351847.8499999999
2026-06-26 12:30:35.692687221+05:30,448.2000000000001,448.9500000000001,446.8,447.4500000000001,1947.0,865.0,50,871693.65
2026-06-26 12:38:36.792136087+05:30,447.6,449.4,445.85,448.85,1766.0,977.0,51,790406.9500000001
2026-06-26 12:46:39.066729748+05:30,449.05,449.35,447.5,448.6,1593.0,786.0,52,714442.3
2026-06-26 12:54:57.028796270+05:30,449.0,452.25,447.9500000000001,451.55,1916.0,1076.0,48,861570.6499999999
2026-06-26 13:03:03.240917263+05:30,451.6,451.6,447.7000000000001,448.1,2564.0,1080.0,58,1151773.35
2026-06-26 13:11:17.561259448+05:30,448.15,449.35,446.9,449.25,2245.0,996.0,46,1005510.3499999999
2026-06-26 13:19:31.982937315+05:30,449.4,452.5,449.4,451.75,1854.0,1086.0,39,836605.1499999998
2026-06-26 13:27:33.319162880+05:30,452.0,452.15,446.9500000000001,447.5,2563.0,1175.0,60,1150250.3499999996
2026-06-26 13:35:34.276231363+05:30,447.05,447.05,444.4500000000001,446.4500000000001,2396.0,1360.0,52,1067683.2
2026-06-26 13:43:55.056384380+05:30,446.85,450.2000000000001,446.05,448.4,2893.0,1356.0,56,1296103.9500000002
2026-06-26 13:52:05.900300693+05:30,448.35,453.4,448.35,451.7000000000001,2187.0,1418.0,51,987831.9000000003
2026-06-26 14:00:15.952149075+05:30,451.55,452.7000000000001,449.5,450.05,2193.0,1002.0,47,990379.8
2026-06-26 14:08:18.069062362+05:30,449.7000000000001,451.65,448.9,450.8,2252.0,944.0,56,1013834.0500000002
2026-06-26 14:16:30.549947019+05:30,450.65,456.2000000000001,450.0,453.85,3286.0,1780.0,70,1490365.55
2026-06-26 14:24:47.940603825+05:30,454.05,457.5,453.4,457.1,3560.0,2159.0,67,1622839.3000000003
2026-06-26 14:32:53.413749902+05:30,457.2000000000001,458.15,454.55,456.9500000000001,4539.0,2811.0,84,2070200.0000000002
2026-06-26 14:40:53.567726460+05:30,456.9500000000001,459.35,454.9,458.25,2465.0,1255.0,73,1126313.3500000006
2026-06-26 14:48:59.501202500+05:30,458.2000000000001,462.65,458.0,462.55,3253.0,1446.0,91,1496040.4500000004
2026-06-26 14:57:02.996158580+05:30,462.3,467.85,460.65,467.0,3599.0,2283.0,87,1670501.8499999999
2026-06-26 15:05:06.734975101+05:30,467.05,470.05,466.7000000000001,468.6,5189.0,3088.0,105,2431385.500000001
2026-06-26 15:13:09.668295261+05:30,468.3,468.3,462.6,465.4,5415.0,2971.0,120,2515843.8999999985
2026-06-26 15:21:10.972067589+05:30,465.2000000000001,471.65,465.2000000000001,471.2000000000001,6895.0,3994.0,167,3226135.100000001
2026-06-26 15:29:12.032756882+05:30,471.2000000000001,471.7000000000001,464.9500000000001,471.3,12766.0,6358.0,296,5974444.600000001
2026-06-29 09:15:00.000056424+05:30,471.5,475.25,468.35,470.8,7327.0,4028.0,174,3460818.8
2026-06-29 09:23:00.452781014+05:30,470.3,480.25,469.4500000000001,478.05,32133.0,15681.0,662,15288859.500000006
2026-06-29 09:31:02.866342368+05:30,478.15,486.2000000000001,477.4500000000001,485.4,10511.0,5761.0,226,5067153.549999999
2026-06-29 09:39:04.807098437+05:30,485.5,487.55,478.9,480.75,7858.0,3907.0,189,3799651.399999999
2026-06-29 09:47:05.732282574+05:30,480.9500000000001,483.05,478.65,480.65,5813.0,3095.0,165,2796197.85
2026-06-29 09:55:07.681341253+05:30,480.85,483.15,473.75,474.7000000000001,5539.0,2465.0,126,2647275.4
2026-06-29 10:03:09.668054979+05:30,474.9,478.65,473.25,473.5,5522.0,3065.0,116,2624909.5500000007
2026-06-29 10:11:11.382163338+05:30,473.9,475.7000000000001,472.3,473.85,5853.0,3529.0,116,2772952.0500000003
2026-06-29 10:19:12.228864615+05:30,473.8,480.3,473.75,480.1,5654.0,3485.0,113,2703029.8999999994
2026-06-29 10:27:13.510360025+05:30,480.35,480.8,475.85,477.05,4709.0,2526.0,108,2253991.6
2026-06-29 10:35:22.125656757+05:30,476.75,477.05,471.4,471.75,3670.0,1446.0,99,1742325.3000000003
2026-06-29 10:43:22.154670485+05:30,470.75,471.25,468.0,469.6,5042.0,2249.0,98,2367202.5000000005
2026-06-29 10:51:29.528801788+05:30,469.85,470.25,465.65,466.15,3899.0,1559.0,84,1822053.7999999998
2026-06-29 10:59:30.709972109+05:30,466.25,467.0,463.75,465.65,3569.0,1957.0,88,1662494.4000000001
2026-06-29 11:07:34.812707347+05:30,465.2000000000001,466.5,460.1,460.1,5684.0,2591.0,83,2634002.249999999
2026-06-29 11:15:36.162323175+05:30,460.2000000000001,462.4500000000001,459.9500000000001,460.25,4206.0,2299.0,65,1938154.9999999998
2026-06-29 11:23:45.841052113+05:30,460.1,460.4,455.35,456.85,4515.0,1983.0,111,2066129.3000000012
2026-06-29 11:31:48.966779329+05:30,457.0,458.6,454.65,455.3,3720.0,1655.0,93,1698205.7000000002
2026-06-29 11:39:56.433076035+05:30,455.25,455.75,450.8,451.5,3660.0,1777.0,92,1661537.0499999998
2026-06-29 11:47:56.856551246+05:30,451.5,454.6,450.9,452.55,3183.0,1624.0,79,1441919.5500000003
2026-06-29 11:55:58.836830602+05:30,453.25,457.2000000000001,451.75,456.55,2789.0,1879.0,72,1265783.3
2026-06-29 12:04:00.945474554+05:30,456.4500000000001,462.9,456.4500000000001,462.3,4120.0,2298.0,92,1898320.1500000004
2026-06-29 12:12:09.652098353+05:30,462.2000000000001,463.4,461.05,463.4,2692.0,1781.0,74,1244128.6500000001
2026-06-29 12:20:19.634694427+05:30,463.2000000000001,463.8,460.9,463.0,2211.0,1027.0,57,1022510.0
2026-06-29 12:28:23.793382775+05:30,463.3,467.15,461.4500000000001,462.1,3419.0,1289.0,89,1588240.7500000002
2026-06-29 12:36:24.007826573+05:30,462.2000000000001,462.3,458.9,459.2000000000001,2092.0,965.0,73,963194.4
2026-06-29 12:44:35.446850459+05:30,459.0,463.65,459.0,463.65,5908.0,3258.0,95,2726427.2500000005
2026-06-29 12:52:51.400135288+05:30,462.9,464.25,459.9500000000001,459.9500000000001,3767.0,1751.0,89,1741749.0000000005
2026-06-29 13:01:04.941483902+05:30,459.25,459.7000000000001,452.9500000000001,454.0,4307.0,1694.0,104,1963309.2000000004
2026-06-29 13:09:07.027232630+05:30,453.75,454.65,451.0,452.55,4695.0,1826.0,85,2127038.25
2026-06-29 13:17:12.080461422+05:30,452.8,457.75,452.7000000000001,455.25,3512.0,1827.0,81,1600969.1000000006
2026-06-29 13:25:20.025103586+05:30,455.5,455.5,449.65,450.75,3322.0,1486.0,84,1502596.8499999999
2026-06-29 13:33:29.059566073+05:30,451.0,451.0,444.5,445.4500000000001,3779.0,1409.0,78,1692392.9000000001
2026-06-29 13:41:38.788173207+05:30,445.6,447.7000000000001,441.75,442.5,4160.0,1993.0,99,1852372.5000000002
2026-06-29 13:49:40.661922626+05:30,442.8,444.05,441.9,443.9,3837.0,2048.0,89,1700814.8999999992
2026-06-29 13:57:46.531556612+05:30,444.2000000000001,447.05,442.4500000000001,443.7000000000001,3792.0,1772.0,87,1687732.1000000006
2026-06-29 14:05:47.372337469+05:30,442.85,444.9500000000001,441.65,444.15,4631.0,2644.0,109,2054825.7000000007
2026-06-29 14:13:50.624418045+05:30,443.8,445.55,442.9,443.1,4172.0,1993.0,95,1853827.6499999997
2026-06-29 14:21:53.807326864+05:30,442.9500000000001,445.1,441.9500000000001,444.9,4490.0,2362.0,105,1992060.8500000006
2026-06-29 14:29:55.776313721+05:30,445.2000000000001,448.9,445.2000000000001,447.85,3757.0,2009.0,87,1680159.4499999997
2026-06-29 14:37:55.820691272+05:30,447.9,448.3,444.1,444.15,3951.0,1579.0,111,1762623.5999999996
2026-06-29 14:46:05.119351973+05:30,444.5,444.5,438.55,443.5,5723.0,3286.0,125,2528873.8499999996
2026-06-29 14:54:05.228428871+05:30,443.1,451.6,442.55,449.5,7406.0,4076.0,138,3304922.850000001
2026-06-29 15:02:05.675218855+05:30,449.25,450.2000000000001,446.15,447.2000000000001,6436.0,3029.0,136,2881158.5500000003
2026-06-29 15:10:09.616719828+05:30,447.1,451.35,446.35,448.85,7006.0,4170.0,154,3148324.0499999993
2026-06-29 15:18:10.599770889+05:30,449.1,455.9,449.1,455.9,8974.0,4450.0,212,4057365.75
2026-06-29 15:26:10.862230982+05:30,455.9,462.05,452.55,456.55,16219.0,7871.0,338,7416755.800000002
2026-06-30 09:15:00.000095109+05:30,455.85,467.4,455.85,461.9,22856.0,11953.0,503,10577648.499999994
2026-06-30 09:23:01.198445375+05:30,461.55,464.25,449.25,449.25,26088.0,11843.0,535,11981606.249999996
2026-06-30 09:31:01.735037782+05:30,449.55,453.2000000000001,442.5,446.1,11935.0,6371.0,213,5350238.8
2026-06-30 09:39:03.734331926+05:30,446.15,446.15,439.15,441.8,7416.0,2584.0,154,3276808.8000000026
2026-06-30 09:47:12.078475264+05:30,441.9,446.05,438.75,438.75,5926.0,3052.0,146,2624676.7499999995
2026-06-30 09:55:22.163323215+05:30,438.75,441.3,438.35,439.35,5362.0,2880.0,130,2358615.7
2026-06-30 10:03:22.945257880+05:30,439.4,440.3,437.05,439.0,7318.0,3691.0,113,3211650.5500000003
2026-06-30 10:11:25.247882214+05:30,438.7000000000001,440.7000000000001,436.75,437.7000000000001,5678.0,3418.0,96,2488946.9500000007
2026-06-30 10:19:27.933036619+05:30,437.9,439.1,435.7000000000001,437.35,4298.0,2262.0,89,1879163.7000000004
2026-06-30 10:27:32.797333977+05:30,437.55,441.85,437.2000000000001,441.8,5046.0,2952.0,95,2219770.85
2026-06-30 10:35:36.448007581+05:30,441.75,443.8,439.55,439.65,3918.0,1524.0,88,1731441.9500000002
2026-06-30 10:43:44.454112504+05:30,439.65,442.1,437.75,441.9,5420.0,2248.0,91,2382948.9999999986
2026-06-30 10:51:48.165794237+05:30,441.75,445.25,441.6,444.2000000000001,2935.0,1530.0,73,1301039.6
2026-06-30 10:59:54.435659759+05:30,443.3,444.2000000000001,441.55,442.05,2070.0,976.0,70,916793.2000000002
2026-06-30 11:07:56.452892800+05:30,441.4500000000001,444.1,439.2000000000001,443.25,3026.0,1546.0,71,1336504.0999999996
2026-06-30 11:16:08.257377420+05:30,443.15,444.8,442.15,442.6,2826.0,1095.0,72,1253688.2500000002
2026-06-30 11:24:14.874542478+05:30,442.7000000000001,442.7000000000001,439.6,440.65,2330.0,705.0,62,1027846.2500000001
2026-06-30 11:32:24.478668527+05:30,441.0,442.9,440.4500000000001,441.55,3696.0,2099.0,72,1632062.1500000004
2026-06-30 11:40:31.684857175+05:30,441.9,444.25,441.6,443.85,4117.0,2635.0,79,1822773.1500000001
2026-06-30 11:48:42.367239472+05:30,443.9500000000001,444.55,441.7000000000001,442.4500000000001,3147.0,1245.0,64,1395589.8000000003
2026-06-30 11:56:58.067563014+05:30,442.35,442.35,439.35,440.8,3643.0,1605.0,66,1605770.45
2026-06-30 12:05:00.749349956+05:30,440.6,442.55,439.6,442.25,3298.0,1481.0,72,1455700.65
2026-06-30 12:13:02.381727156+05:30,442.5,442.85,440.15,440.15,2875.0,1628.0,60,1270088.8000000007
2026-06-30 12:21:14.144160973+05:30,440.1,441.0,438.4,439.35,3660.0,1704.0,73,1611009.7
2026-06-30 12:29:17.481685004+05:30,439.7000000000001,441.4,439.4500000000001,441.1,2692.0,1527.0,58,1185484.2000000002
2026-06-30 12:37:28.065136022+05:30,441.25,443.9500000000001,440.9500000000001,443.7000000000001,3125.0,1512.0,68,1380986.0999999999
2026-06-30 12:45:35.563729282+05:30,444.6,445.35,439.55,440.3,2450.0,534.0,59,1083865.0500000003
2026-06-30 12:53:42.811561916+05:30,440.1,443.6,439.65,443.35,2427.0,1360.0,73,1071306.8000000003
2026-06-30 13:01:47.671023922+05:30,443.2000000000001,444.7000000000001,442.0,443.1,3466.0,1818.0,78,1536632.5000000007
2026-06-30 13:09:49.980787246+05:30,442.55,442.85,440.2000000000001,442.55,3791.0,1819.0,74,1674188.5
2026-06-30 13:17:53.895291173+05:30,442.85,444.5,441.85,443.3,2821.0,1744.0,78,1250350.4500000004
2026-06-30 13:25:57.551844680+05:30,443.35,443.35,439.65,440.9500000000001,3115.0,1631.0,67,1374070.3499999996
2026-06-30 13:34:03.499199129+05:30,441.05,445.6,441.0,445.4500000000001,4619.0,3156.0,79,2046349.2999999998
2026-06-30 13:42:06.239530881+05:30,444.9500000000001,445.25,441.85,441.85,2732.0,1180.0,74,1213256.0500000005
2026-06-30 13:50:06.697182262+05:30,441.75,441.75,439.4,441.4500000000001,4714.0,2529.0,74,2076170.35
2026-06-30 13:58:19.195326287+05:30,441.35,442.2000000000001,438.6,438.75,3462.0,1414.0,74,1525879.15
2026-06-30 14:06:30.430392865+05:30,439.05,443.15,438.05,443.05,2561.0,1497.0,69,1127967.05
2026-06-30 14:14:39.915295778+05:30,443.05,447.9,443.05,447.5,2648.0,1422.0,80,1177580.5499999996
2026-06-30 14:22:46.206859847+05:30,448.05,449.6,446.55,447.9500000000001,5850.0,3218.0,93,2621558.349999999
2026-06-30 14:30:48.747314534+05:30,448.4,450.1,446.35,446.35,4457.0,2203.0,105,1999157.2499999998
2026-06-30 14:38:53.741638219+05:30,446.2000000000001,446.3,440.9,443.0,4541.0,2051.0,88,2011909.5500000003
2026-06-30 14:46:54.301902587+05:30,443.05,450.4500000000001,443.05,449.8,3986.0,2621.0,93,1776911.8000000003
2026-06-30 14:55:11.699302378+05:30,449.3,449.7000000000001,444.1,445.25,5128.0,2847.0,124,2294066.099999999
2026-06-30 15:03:21.058289208+05:30,445.6,451.9,445.6,449.6,6155.0,3084.0,126,2768895.049999999
2026-06-30 15:11:22.408629953+05:30,449.75,455.0,449.3,452.2000000000001,6935.0,3657.0,130,3132803.9000000004
2026-06-30 15:19:24.145116020+05:30,451.85,453.15,447.5,448.4,8363.0,3932.0,181,3765567.4000000013
2026-06-30 15:27:25.964665665+05:30,447.9500000000001,453.1,447.25,449.3,15365.0,7187.0,292,6917621.049999996
2026-07-01 09:15:00.000001742+05:30,449.6,455.2000000000001,446.75,449.5,16704.0,8971.0,316,7544254.5
2026-07-01 09:23:00.204574337+05:30,449.9500000000001,478.2000000000001,448.9500000000001,477.35,36865.0,19660.0,851,16936937.94999998
2026-07-01 09:31:00.401861945+05:30,477.9,490.9,475.9500000000001,488.7000000000001,12105.0,6801.0,276,5860152.199999999
2026-07-01 09:39:00.925730984+05:30,488.7000000000001,492.75,486.1,486.55,8845.0,4399.0,204,4334719.150000002
2026-07-01 09:47:03.414600596+05:30,486.15,489.35,483.65,488.5,6857.0,3729.0,177,3338953.7500000014
2026-07-01 09:55:07.096847535+05:30,488.0,493.75,487.65,493.75,6934.0,4745.0,152,3397756.9000000013
2026-07-01 10:03:15.983127724+05:30,493.6,499.0,493.6,498.05,5934.0,3023.0,148,2945359.349999999
2026-07-01 10:11:17.144600074+05:30,497.6,498.1,493.6,494.4500000000001,6670.0,3131.0,133,3307988.799999999
2026-07-01 10:19:26.643525688+05:30,494.4500000000001,499.25,488.0,489.35,5558.0,2292.0,130,2741735.150000001
2026-07-01 10:27:29.634594120+05:30,488.75,491.85,487.65,489.9,5727.0,3536.0,125,2805843.75
2026-07-01 10:35:34.807660111+05:30,489.8,495.2000000000001,488.85,494.25,5975.0,3708.0,135,2936736.849999999
2026-07-01 10:43:35.212651134+05:30,494.75,494.9500000000001,486.6,486.75,4305.0,1501.0,102,2118736.0500000007
2026-07-01 10:51:39.738369921+05:30,487.25,488.15,484.0,485.15,3742.0,1866.0,100,1818196.350000001
2026-07-01 10:59:44.870849414+05:30,485.75,486.55,480.3,484.55,4537.0,1815.0,96,2191308.7
2026-07-01 11:07:53.101892243+05:30,484.5,487.2000000000001,482.65,487.2000000000001,4387.0,2464.0,105,2125296.5
2026-07-01 11:15:53.414660486+05:30,487.35,487.8,483.8,485.3,5766.0,2384.0,96,2806500.8500000006
2026-07-01 11:24:00.385709851+05:30,485.4,490.7000000000001,484.3,490.7000000000001,4056.0,1894.0,90,1977613.8000000005
2026-07-01 11:32:01.271247292+05:30,491.1,494.8,490.65,493.1,5118.0,3233.0,101,2518857.95
2026-07-01 11:40:03.314916992+05:30,493.7000000000001,500.15,493.35,499.9500000000001,5396.0,2196.0,101,2675176.4499999997
2026-07-01 11:48:14.609487516+05:30,499.55,501.4,498.0,501.15,3862.0,2629.0,91,1929787.450000001
2026-07-01 11:56:15.548405479+05:30,500.8,501.8,497.55,498.8,4813.0,1864.0,94,2406795.650000001
2026-07-01 12:04:18.097303735+05:30,498.4500000000001,503.4,495.0,503.4,4307.0,2668.0,99,2153616.7
2026-07-01 12:12:24.926359080+05:30,502.85,510.6,501.15,510.4,4534.0,2561.0,93,2289775.6499999994
2026-07-01 12:20:29.398879478+05:30,510.1,510.1,503.9500000000001,505.9500000000001,3056.0,1245.0,111,1548663.7500000005
2026-07-01 12:28:33.947282780+05:30,505.75,506.2000000000001,502.3,503.05,4474.0,2337.0,97,2254630.0
2026-07-01 12:36:36.241661596+05:30,502.6,505.5,500.8,500.9500000000001,3862.0,2349.0,78,1943415.0499999998
2026-07-01 12:44:39.844679752+05:30,500.6,502.2000000000001,498.15,501.9500000000001,3631.0,1770.0,100,1815128.0500000003
2026-07-01 12:52:40.577397873+05:30,502.5,502.5,497.25,497.25,5416.0,1470.0,93,2704389.1999999997
2026-07-01 13:00:42.510680476+05:30,497.6,499.2000000000001,494.6,496.85,4784.0,1963.0,113,2377939.6500000013
2026-07-01 13:08:44.465970453+05:30,496.35,498.9500000000001,494.5,498.3,4681.0,1740.0,96,2324944.300000001
2026-07-01 13:16:44.609917608+05:30,499.15,499.15,489.8,489.8,3882.0,1719.0,87,1918364.35
2026-07-01 13:24:51.746658456+05:30,489.9500000000001,491.55,483.85,484.55,5461.0,2673.0,103,2659850.6500000013
2026-07-01 13:32:51.959361508+05:30,484.6,485.1,480.7000000000001,481.25,4782.0,2229.0,93,2312183.5500000007
2026-07-01 13:40:53.818920011+05:30,481.7000000000001,492.0,481.7000000000001,488.8,4311.0,2908.0,94,2103423.8
2026-07-01 13:49:02.457788467+05:30,489.05,490.3,483.6,484.0,4026.0,2141.0,113,1960253.750000001
2026-07-01 13:57:12.733093811+05:30,483.65,487.25,479.7000000000001,481.15,4607.0,2229.0,99,2229126.650000001
2026-07-01 14:05:13.179250020+05:30,481.4500000000001,481.4500000000001,476.9,478.3,5154.0,2765.0,127,2466162.099999999
2026-07-01 14:13:18.712093092+05:30,478.4500000000001,479.1,474.8,477.35,5665.0,2840.0,122,2705967.4999999995
2026-07-01 14:21:25.029044122+05:30,476.8,477.0,473.7000000000001,476.4,6302.0,2856.0,119,2999038.899999999
2026-07-01 14:29:27.855378925+05:30,476.7000000000001,479.0,472.9,473.25,4900.0,1926.0,129,2333004.05
2026-07-01 14:37:28.418168745+05:30,472.9,479.3,471.9,478.25,5408.0,3108.0,130,2566342.8000000003
2026-07-01 14:45:30.597512803+05:30,478.4,483.05,477.9500000000001,481.85,6873.0,3464.0,129,3300376.7
2026-07-01 14:53:38.953303812+05:30,481.7000000000001,482.25,475.15,475.15,6751.0,2837.0,170,3240357.5500000007
2026-07-01 15:01:42.954827771+05:30,474.7000000000001,480.9500000000001,474.7000000000001,478.6,7337.0,3914.0,172,3509323.4
2026-07-01 15:09:43.584871566+05:30,478.6,481.55,473.6,478.15,8913.0,5300.0,222,4256516.050000001
2026-07-01 15:17:43.901095801+05:30,478.4500000000001,490.4500000000001,478.3,488.9,10717.0,4999.0,238,5182350.6499999985
2026-07-01 15:25:45.410684790+05:30,488.9,493.9,482.5,482.5,16422.0,8461.0,379,8010502.100000003
2026-07-02 09:15:00.000030503+05:30,483.15,502.4,482.75,502.05,27975.0,15721.0,616,13779278.349999996
2026-07-02 09:23:01.601049420+05:30,502.2000000000001,503.8,486.6,495.85,41254.0,22237.0,924,20454497.24999997
2026-07-02 09:31:03.706321682+05:30,495.55,499.85,484.85,487.05,14316.0,8373.0,335,7062841.400000001
2026-07-02 09:39:05.032582161+05:30,486.6,489.5,480.25,482.15,11779.0,5595.0,257,5709864.049999997
2026-07-02 09:47:05.556364838+05:30,482.35,484.5,479.05,479.25,10158.0,4546.0,230,4892320.300000004
2026-07-02 09:55:08.830494369+05:30,479.05,479.5,473.1,476.15,8594.0,4370.0,189,4092412.4499999993
2026-07-02 10:03:09.328526908+05:30,476.2000000000001,480.4500000000001,474.65,479.9,8741.0,4496.0,170,4174540.9499999997
2026-07-02 10:11:09.684608971+05:30,479.35,482.6,475.2000000000001,477.2000000000001,8024.0,4312.0,186,3837763.8
2026-07-02 10:19:15.086476427+05:30,477.8,479.25,473.85,478.25,7474.0,3654.0,162,3564334.400000001
2026-07-02 10:27:23.653656150+05:30,478.5,481.4,477.5,481.2000000000001,5738.0,2848.0,138,2752076.7500000005
2026-07-02 10:35:23.963473077+05:30,481.55,486.5,481.1,484.8,4902.0,2749.0,127,2370005.9
2026-07-02 10:43:24.924090922+05:30,485.0,490.0,482.9,488.65,5126.0,2393.0,128,2494081.7999999993
2026-07-02 10:51:27.033440358+05:30,488.4500000000001,492.7000000000001,488.4500000000001,490.75,5478.0,2885.0,125,2688708.8499999996
2026-07-02 10:59:42.498016775+05:30,490.7000000000001,490.7000000000001,485.8,488.9,5218.0,2350.0,132,2548121.6499999994
2026-07-02 11:07:44.427576940+05:30,488.65,490.1,483.0,483.0,5403.0,2445.0,112,2626828.5500000003
2026-07-02 11:15:44.935451562+05:30,483.05,483.5,476.2000000000001,478.5,7833.0,3861.0,133,3759978.55
2026-07-02 11:23:48.835298278+05:30,478.4,482.8,477.1,482.8,5797.0,3960.0,113,2777700.85
2026-07-02 11:31:53.554127941+05:30,482.85,487.9500000000001,482.0,484.9,4158.0,1904.0,98,2014543.75
2026-07-02 11:39:54.368101780+05:30,484.65,484.65,480.1,481.55,3803.0,1723.0,105,1835890.05
2026-07-02 11:47:56.924030184+05:30,481.4500000000001,483.2000000000001,479.9500000000001,480.75,3205.0,1554.0,96,1543207.85
2026-07-02 11:56:03.316864607+05:30,480.8,481.25,473.5,475.35,7156.0,4167.0,117,3414685.5500000007
2026-07-02 12:04:09.607056874+05:30,475.5,475.65,471.7000000000001,472.2000000000001,5415.0,2546.0,115,2564806.0499999993
2026-07-02 12:12:19.115393899+05:30,472.1,481.3,472.1,480.5,4432.0,3232.0,102,2108438.3
2026-07-02 12:20:20.797650268+05:30,480.35,483.5,478.4500000000001,482.55,5330.0,3282.0,117,2561019.0999999996
2026-07-02 12:28:28.555605896+05:30,483.25,491.6,483.25,491.6,4840.0,2024.0,108,2356485.5
2026-07-02 12:36:31.437151783+05:30,491.25,493.7000000000001,489.5,491.7000000000001,3148.0,1531.0,105,1546176.75
2026-07-02 12:44:37.878339168+05:30,491.6,494.9500000000001,489.75,493.6,4332.0,1929.0,108,2135521.7
2026-07-02 12:52:41.381405658+05:30,492.9,493.9500000000001,488.1,490.75,3626.0,1622.0,109,1778995.8500000006
2026-07-02 13:00:41.821067294+05:30,490.3,492.15,488.3,489.15,4076.0,2108.0,100,1999803.8
2026-07-02 13:08:47.447964650+05:30,489.15,489.15,479.9500000000001,482.4,4948.0,2379.0,127,2390781.35
2026-07-02 13:16:47.623328084+05:30,482.4,484.75,481.9,483.2000000000001,5349.0,2214.0,138,2584683.599999999
2026-07-02 13:25:06.718949277+05:30,483.4500000000001,483.4500000000001,479.05,479.5,6425.0,2919.0,144,3093221.999999999
2026-07-02 13:33:09.436775363+05:30,479.6,483.15,477.7000000000001,477.7000000000001,5158.0,2522.0,119,2480921.1
2026-07-02 13:41:13.294823028+05:30,476.9,477.8,474.1,476.0,5475.0,2642.0,137,2605640.9499999997
2026-07-02 13:49:14.715716996+05:30,475.55,481.7000000000001,473.05,479.0,5073.0,3245.0,132,2424382.45
2026-07-02 13:57:20.722917170+05:30,479.25,480.9500000000001,476.7000000000001,477.35,5329.0,2787.0,127,2551320.650000001
2026-07-02 14:05:27.835319014+05:30,477.0,477.9,472.65,475.4,5414.0,2619.0,133,2572148.7000000007
2026-07-02 14:13:28.403324288+05:30,475.4,479.6,472.55,478.3,6844.0,3535.0,128,3257738.5499999993
2026-07-02 14:21:29.950881669+05:30,478.4,479.7000000000001,472.7000000000001,474.05,6438.0,3390.0,128,3063006.1499999994
2026-07-02 14:29:30.146751773+05:30,473.9500000000001,474.75,468.4,468.4,6271.0,2950.0,151,2959594.999999998
2026-07-02 14:37:30.756514860+05:30,467.9,468.0,462.9,465.0,6549.0,2901.0,169,3050356.95
2026-07-02 14:45:33.258538580+05:30,465.0,471.1,461.85,470.35,5617.0,2796.0,142,2619984.9000000013
2026-07-02 14:53:34.239035371+05:30,470.25,475.05,469.8,474.6,6599.0,3079.0,169,3117549.800000001
2026-07-02 15:01:36.924384469+05:30,474.3,474.9500000000001,467.5,473.75,10272.0,4225.0,225,4852045.900000002
2026-07-02 15:09:37.917469795+05:30,473.9,479.3,470.9500000000001,473.6,10566.0,4679.0,235,5017221.6499999985
2026-07-02 15:17:38.578403503+05:30,473.7000000000001,474.6,467.5,470.4500000000001,12916.0,5149.0,292,6090852.100000004
2026-07-02 15:25:38.821346886+05:30,470.85,479.85,470.15,479.85,19758.0,9456.0,395,9365407.549999993
2026-07-03 09:15:00.000500301+05:30,479.8,480.0,465.4500000000001,472.35,32070.0,14017.0,658,15174834.299999997
2026-07-03 09:23:00.918126660+05:30,471.9500000000001,474.5,464.4,474.1,24972.0,12761.0,567,11727303.499999996
2026-07-03 09:31:00.974702281+05:30,474.55,483.4500000000001,474.3,482.6,10612.0,6468.0,208,5084018.649999999
2026-07-03 09:39:01.595106862+05:30,482.2000000000001,484.0,478.3,478.3,6366.0,3037.0,146,3063836.2000000007
2026-07-03 09:47:01.606919919+05:30,477.7000000000001,478.9500000000001,473.25,477.6,5958.0,2768.0,128,2835451.400000001
2026-07-03 09:55:04.110379034+05:30,477.55,478.0,470.3,474.4500000000001,5798.0,2665.0,122,2751331.800000001
2026-07-03 10:03:04.994288736+05:30,474.15,483.65,473.25,482.9500000000001,6514.0,3950.0,113,3120209.7999999993
2026-07-03 10:11:15.753200928+05:30,482.9500000000001,484.2000000000001,482.0,483.4,4539.0,2454.0,100,2192172.7000000007
2026-07-03 10:19:25.671438505+05:30,483.25,483.25,479.3,481.55,4979.0,1612.0,108,2394945.949999999
2026-07-03 10:27:29.237976674+05:30,481.4,484.9,481.4,484.85,4959.0,3547.0,80,2395889.75
2026-07-03 10:35:29.488149583+05:30,484.6,487.05,483.5,487.05,2826.0,1214.0,68,1370059.9500000002
2026-07-03 10:43:35.275665100+05:30,486.9,490.4,486.35,489.85,3253.0,1982.0,72,1589722.0499999998
2026-07-03 10:51:50.773621677+05:30,490.4500000000001,492.75,487.8,488.8,2290.0,1073.0,74,1122191.3500000003
2026-07-03 10:59:53.116136852+05:30,489.05,489.05,481.6,482.05,2688.0,737.0,70,1305022.7999999998
2026-07-03 11:07:55.025627445+05:30,482.15,486.35,482.05,485.9,2597.0,1150.0,67,1255600.65
2026-07-03 11:15:57.390475955+05:30,486.35,492.25,486.3,491.85,3170.0,2137.0,80,1550800.65
2026-07-03 11:24:22.322576420+05:30,491.8,491.8,485.1,485.25,4906.0,1983.0,70,2394588.9000000004
2026-07-03 11:32:27.592416314+05:30,485.0,485.0,480.7000000000001,483.65,2814.0,1359.0,68,1358708.7
2026-07-03 11:40:29.971534310+05:30,483.8,483.8,477.3,478.65,4705.0,2302.0,84,2256780.3500000006
2026-07-03 11:48:38.213232156+05:30,477.85,479.7000000000001,476.4,479.7000000000001,2220.0,1111.0,55,1061024.4500000002
2026-07-03 11:56:48.278810964+05:30,479.8,481.0,476.4,476.5,3530.0,1899.0,68,1692752.4000000004
2026-07-03 12:04:50.332670686+05:30,476.55,478.8,473.7000000000001,477.4500000000001,2981.0,1783.0,63,1419443.45
2026-07-03 12:12:53.047475463+05:30,477.7000000000001,479.1,475.55,479.0,2530.0,1362.0,73,1207267.85
2026-07-03 12:21:10.199711552+05:30,479.0,480.2000000000001,477.4500000000001,478.15,2345.0,1172.0,65,1122610.1
2026-07-03 12:29:28.036135292+05:30,477.6,478.9500000000001,476.4500000000001,476.4500000000001,1878.0,824.0,49,897237.3500000001
2026-07-03 12:37:51.882661830+05:30,476.85,477.55,474.65,475.9500000000001,2344.0,696.0,50,1116514.4000000001
2026-07-03 12:45:55.456400202+05:30,475.15,479.4500000000001,474.8,477.8,2956.0,1801.0,66,1411173.3
2026-07-03 12:54:02.294397788+05:30,477.85,479.4500000000001,476.8,476.8,2854.0,956.0,59,1364519.7000000002
2026-07-03 13:02:16.908479268+05:30,476.75,480.25,475.85,479.4,2538.0,1230.0,62,1212770.25
2026-07-03 13:10:35.646770534+05:30,479.05,482.6,478.25,481.9,3538.0,1491.0,77,1698556.1000000003
2026-07-03 13:18:43.283041307+05:30,481.9500000000001,484.4,480.15,484.15,2586.0,1440.0,69,1247396.5500000003
2026-07-03 13:27:01.189273609+05:30,483.65,488.15,483.4500000000001,487.4,2337.0,1068.0,75,1135673.2000000004
2026-07-03 13:35:03.477895192+05:30,487.5,489.25,484.3,484.3,3375.0,1699.0,70,1642464.9000000006
2026-07-03 13:43:09.272045622+05:30,484.75,489.65,484.65,489.25,2285.0,1435.0,63,1112994.6999999997
2026-07-03 13:51:16.789700987+05:30,489.0,491.1,484.8,485.5,3998.0,1137.0,86,1951482.15
2026-07-03 13:59:32.353671416+05:30,485.35,485.85,480.55,481.9500000000001,3839.0,1872.0,86,1855924.8500000003
2026-07-03 14:07:34.513274963+05:30,482.35,482.65,478.3,480.55,3293.0,1274.0,84,1582999.9500000002
2026-07-03 14:15:36.377298253+05:30,480.55,481.05,476.05,480.15,4888.0,2551.0,93,2336074.7499999986
2026-07-03 14:23:50.990544134+05:30,479.55,481.35,477.35,479.85,2895.0,1271.0,84,1387751.9
2026-07-03 14:31:51.810224163+05:30,480.1,486.4,480.1,485.0,3022.0,1907.0,80,1462428.6499999997
2026-07-03 14:39:53.074580475+05:30,484.9500000000001,484.9500000000001,478.4500000000001,478.7000000000001,5210.0,1527.0,101,2502604.5
2026-07-03 14:48:06.092849883+05:30,478.55,482.9500000000001,477.85,479.3,5345.0,2814.0,120,2565175.6999999997
2026-07-03 14:56:06.487271051+05:30,478.9500000000001,480.0,475.3,477.0,3395.0,1429.0,87,1621069.6500000001
2026-07-03 15:04:09.181342401+05:30,476.75,477.05,468.8,469.25,5953.0,2801.0,139,2809298.0
2026-07-03 15:12:11.733838786+05:30,468.6,471.15,467.9500000000001,467.9500000000001,5915.0,2292.0,150,2778819.099999999
2026-07-03 15:20:13.779790338+05:30,467.4,470.85,462.55,463.55,8764.0,3709.0,205,4089184.45
2026-07-03 15:28:16.657755486+05:30,462.65,465.05,452.85,454.8,13988.0,6986.0,286,6430847.800000001
2026-07-06 09:15:00.000637487+05:30,454.35,461.15,454.1,460.3,12687.0,6932.0,265,5812950.600000003
2026-07-06 09:23:00.170013389+05:30,460.3,460.4500000000001,453.8,455.05,29183.0,13010.0,671,13321219.999999998
2026-07-06 09:31:03.273463667+05:30,454.75,463.7000000000001,454.7000000000001,462.8,10426.0,5575.0,259,4774695.849999998
2026-07-06 09:39:04.065077441+05:30,462.8,465.4,459.8,464.0,9197.0,4305.0,188,4250366.85
2026-07-06 09:47:06.350136721+05:30,464.25,467.1,462.4500000000001,463.75,7010.0,3698.0,166,3255515.35
2026-07-06 09:55:09.708850924+05:30,463.6,466.5,460.15,460.4500000000001,5588.0,2432.0,135,2589555.8499999987
2026-07-06 10:03:26.915409092+05:30,460.8,463.25,458.9,463.05,6974.0,3460.0,125,3215219.6500000004
2026-07-06 10:11:32.783803558+05:30,462.6,470.2000000000001,461.55,470.15,5959.0,3765.0,125,2776346.2999999993
2026-07-06 10:19:38.136205999+05:30,470.2000000000001,471.2000000000001,466.25,468.3,5553.0,3113.0,131,2602704.25
2026-07-06 10:27:38.287000506+05:30,468.25,470.4,465.6,469.3,5667.0,2419.0,110,2653940.150000001
2026-07-06 10:35:39.748818384+05:30,468.85,470.2000000000001,462.75,462.75,5123.0,1856.0,113,2392267.55
2026-07-06 10:43:40.508818867+05:30,462.55,462.65,460.5,461.4,4255.0,2287.0,97,1964517.3999999985
2026-07-06 10:51:41.077265588+05:30,461.3,461.35,457.15,459.35,4759.0,1690.0,101,2182428.8500000006
2026-07-06 10:59:48.175970441+05:30,459.75,459.75,454.0,454.75,2765.0,1195.0,71,1264374.15
2026-07-06 11:07:50.197241864+05:30,454.9,456.2000000000001,450.6,450.6,3933.0,1804.0,97,1782455.8500000006
2026-07-06 11:16:04.800041910+05:30,450.55,450.75,446.25,447.5,4737.0,1717.0,91,2126227.5500000003
2026-07-06 11:24:07.247355588+05:30,447.4,450.7000000000001,447.4,450.4,3288.0,2110.0,71,1478431.549999999
2026-07-06 11:32:08.118784106+05:30,451.05,453.85,451.05,452.7000000000001,4829.0,1445.0,87,2185765.4999999995
2026-07-06 11:40:11.093974265+05:30,452.85,454.3,449.3,453.4,4544.0,2138.0,91,2055244.7500000005
2026-07-06 11:48:16.853584109+05:30,453.55,454.85,450.8,451.8,3034.0,2076.0,69,1374160.8499999994
2026-07-06 11:56:18.391683967+05:30,451.8,453.1,449.35,450.7000000000001,2907.0,1833.0,82,1313274.7
2026-07-06 12:04:19.733500393+05:30,450.5,455.9500000000001,450.15,455.65,4130.0,2001.0,84,1878107.45
2026-07-06 12:12:20.084461238+05:30,455.65,457.5,453.9,454.35,3884.0,1730.0,84,1769972.0999999999
2026-07-06 12:20:20.112535889+05:30,454.55,454.85,450.8,453.7000000000001,6347.0,3823.0,107,2878143.4499999993
2026-07-06 12:28:20.373163736+05:30,454.3,459.0,452.85,458.9,3531.0,1898.0,90,1607736.6
2026-07-06 12:36:20.550094077+05:30,459.05,459.85,457.2000000000001,457.75,2744.0,1378.0,65,1257458.2999999998
2026-07-06 12:44:24.670170679+05:30,457.8,460.4,454.9500000000001,455.65,3434.0,1406.0,75,1573304.6999999997
2026-07-06 12:52:26.828581558+05:30,455.6,459.25,455.5,459.25,2940.0,1537.0,64,1344043.4000000004
2026-07-06 13:00:29.458607193+05:30,459.55,461.4500000000001,453.2000000000001,453.65,5205.0,2314.0,87,2384687.8
2026-07-06 13:08:34.891188763+05:30,454.1,456.15,453.9,455.9,2791.0,1472.0,73,1270910.45
2026-07-06 13:16:38.619765380+05:30,455.6,456.6,449.8,449.8,4114.0,1016.0,79,1864638.4
2026-07-06 13:24:40.304579268+05:30,449.8,450.4500000000001,446.75,449.2000000000001,4419.0,2257.0,82,1982592.2999999998
2026-07-06 13:32:40.539494504+05:30,449.55,456.3,449.4,455.2000000000001,5114.0,2298.0,104,2313287.050000001
2026-07-06 13:40:42.517097873+05:30,455.05,458.05,455.05,457.9500000000001,3219.0,1485.0,75,1470050.0999999996
2026-07-06 13:48:44.214434764+05:30,458.1,460.2000000000001,457.1,459.4500000000001,3287.0,1700.0,80,1507463.3
2026-07-06 13:56:47.530213055+05:30,459.85,463.2000000000001,458.35,461.2000000000001,6505.0,3926.0,109,3000285.75
2026-07-06 14:04:48.531835026+05:30,461.35,461.5,456.55,456.75,4560.0,2224.0,100,2091493.1000000006
2026-07-06 14:12:53.799579842+05:30,457.15,457.4500000000001,454.05,454.7000000000001,6056.0,2659.0,102,2762327.05
2026-07-06 14:20:55.451195497+05:30,454.85,456.2000000000001,452.85,455.85,5701.0,2793.0,105,2590140.500000001
2026-07-06 14:29:16.694340175+05:30,455.7000000000001,459.0,451.15,457.9,3590.0,2218.0,108,1633313.1500000004
2026-07-06 14:37:17.965582301+05:30,457.75,460.9,456.9500000000001,459.85,5758.0,3446.0,122,2643767.5999999996
2026-07-06 14:45:21.401900592+05:30,459.3,459.5,454.85,456.15,4137.0,2059.0,105,1890346.4500000002
2026-07-06 14:53:21.851518932+05:30,455.9500000000001,457.1,453.25,453.9500000000001,5796.0,2126.0,120,2638590.5
2026-07-06 15:01:23.123184198+05:30,454.1,457.1,451.9500000000001,456.8,6418.0,3325.0,152,2915863.5499999993
2026-07-06 15:09:26.961457459+05:30,456.7000000000001,460.6,455.65,458.75,6594.0,3774.0,180,3023810.3499999996
2026-07-06 15:17:27.812502270+05:30,459.05,459.1,450.25,450.85,7959.0,3057.0,202,3605373.4999999986
2026-07-06 15:25:28.156430+05:30,450.8,453.5,447.9500000000001,448.65,14119.0,7273.0,327,6357448.450000001
2026-07-07 09:15:00.001019448+05:30,448.7000000000001,450.3,442.2000000000001,442.4500000000001,21744.0,10272.0,522,9711725.95
2026-07-07 09:23:01.075157051+05:30,441.75,449.55,439.4500000000001,447.3,42474.0,22338.0,938,18847609.849999994
2026-07-07 09:31:06.015151288+05:30,447.55,448.85,438.75,447.6,14231.0,7116.0,333,6315575.8000000045
2026-07-07 09:39:09.862662548+05:30,447.4500000000001,449.4,435.2000000000001,435.8,9304.0,4003.0,230,4129089.8000000017
2026-07-07 09:47:10.237076065+05:30,436.05,439.35,434.05,434.05,11406.0,5897.0,252,4984921.899999999
2026-07-07 09:55:11.947234197+05:30,433.9500000000001,435.65,429.3,429.75,8734.0,3747.0,199,3786783.6000000015
2026-07-07 10:03:12.876415211+05:30,429.9500000000001,431.65,424.9,425.65,8701.0,3257.0,176,3727975.2000000016
2026-07-07 10:11:17.822620735+05:30,425.85,439.6,425.85,438.55,7385.0,4438.0,172,3192321.899999998
2026-07-07 10:19:18.214385412+05:30,438.6,443.9500000000001,437.5,443.4,8211.0,4622.0,170,3617070.550000002
2026-07-07 10:27:21.803114983+05:30,443.25,446.8,443.15,444.7000000000001,5929.0,3112.0,138,2640590.9499999993
2026-07-07 10:35:23.366390602+05:30,444.7000000000001,444.7000000000001,438.5,440.85,6989.0,3065.0,145,3084771.5500000003
2026-07-07 10:43:27.987995227+05:30,440.9500000000001,445.35,438.15,442.8,5457.0,3241.0,113,2410279.9499999997
2026-07-07 10:51:29.329666965+05:30,442.9500000000001,447.3,439.8,447.3,4974.0,2532.0,140,2204722.250000001
2026-07-07 10:59:30.597588390+05:30,447.2000000000001,452.35,446.2000000000001,447.05,6241.0,2876.0,118,2799105.9500000007
2026-07-07 11:07:33.543853681+05:30,446.8,449.55,446.8,448.35,3720.0,1531.0,96,1668071.0499999998
2026-07-07 11:15:35.418233486+05:30,448.5,449.1,446.5,446.55,5494.0,3498.0,117,2461869.9
2026-07-07 11:23:35.732650675+05:30,446.5,446.8,443.35,444.75,5991.0,2586.0,111,2663129.7000000007
2026-07-07 11:31:36.145347146+05:30,444.65,444.7000000000001,437.5,439.75,6243.0,2798.0,122,2747923.5500000007
2026-07-07 11:39:43.245133258+05:30,438.85,444.9,438.85,444.05,4895.0,3164.0,91,2165342.799999999
2026-07-07 11:48:01.549226879+05:30,444.85,444.85,439.0,439.75,4563.0,2197.0,109,2016923.5499999998
2026-07-07 11:56:04.502535376+05:30,439.55,440.1,435.5,438.1,3983.0,1723.0,93,1743841.9
2026-07-07 12:04:05.690232066+05:30,438.15,440.25,436.65,438.05,4207.0,2326.0,106,1846435.3499999994
2026-07-07 12:12:06.734285677+05:30,438.1,440.8,437.1,440.8,5460.0,2877.0,110,2395250.45
2026-07-07 12:20:07.263059639+05:30,440.9500000000001,440.9500000000001,435.8,436.9500000000001,4066.0,1203.0,95,1782258.9500000004
2026-07-07 12:28:08.497860949+05:30,437.0,438.2000000000001,432.8,434.55,3025.0,2070.0,97,1316889.3000000005
2026-07-07 12:36:17.198680948+05:30,434.8,435.3,429.0,430.2000000000001,4323.0,1463.0,114,1869086.5499999998
2026-07-07 12:44:17.200560712+05:30,429.75,430.65,425.6,427.1,3323.0,1767.0,92,1422595.4000000001
2026-07-07 12:52:26.268447105+05:30,427.4,430.25,426.7000000000001,427.65,6328.0,3431.0,117,2710441.8000000003
2026-07-07 13:00:27.219708417+05:30,427.8,432.5,427.15,432.5,5707.0,2986.0,115,2450097.5999999996
2026-07-07 13:08:27.493068202+05:30,432.7000000000001,439.6,432.4,439.0,4874.0,2896.0,117,2123618.7499999995
2026-07-07 13:16:31.462309252+05:30,438.8,439.0,434.0,435.25,4433.0,2603.0,118,1931974.0
2026-07-07 13:24:32.346204122+05:30,435.35,435.7000000000001,430.1,431.9,6132.0,2198.0,113,2650088.0499999993
2026-07-07 13:32:34.779201512+05:30,431.7000000000001,435.4500000000001,429.8,434.8,4840.0,2263.0,119,2091203.9000000004
2026-07-07 13:40:39.687846569+05:30,434.9,438.35,433.25,438.35,6932.0,4370.0,128,3021737.149999999
2026-07-07 13:48:42.161658364+05:30,438.25,438.25,431.6,434.9500000000001,7242.0,2853.0,145,3148932.4999999977
2026-07-07 13:56:49.767653266+05:30,434.85,436.8,432.5,434.55,5799.0,2765.0,113,2519744.000000001
2026-07-07 14:04:57.214883670+05:30,434.55,440.25,432.7000000000001,439.1,5671.0,2846.0,130,2477866.6
2026-07-07 14:12:58.493504485+05:30,438.75,440.0,436.1,436.85,5807.0,2395.0,135,2541271.049999999
2026-07-07 14:21:00.024641152+05:30,437.1,437.4,433.1,435.6,8740.0,4536.0,148,3800373.8000000007
2026-07-07 14:29:04.310014722+05:30,435.55,441.35,435.55,440.9,8448.0,4308.0,166,3712941.1999999993
2026-07-07 14:37:06.187659588+05:30,440.85,445.35,440.1,441.55,5802.0,3199.0,158,2567622.650000001
2026-07-07 14:45:10.007985008+05:30,440.9500000000001,440.9500000000001,429.25,429.4,7094.0,4016.0,155,3084518.2
2026-07-07 14:53:12.252865979+05:30,429.3,434.3,428.9,433.1,8691.0,4709.0,214,3747848.8500000006
2026-07-07 15:01:14.602763779+05:30,433.2000000000001,435.1,428.15,431.4500000000001,8379.0,4888.0,203,3616669.350000001
2026-07-07 15:09:17.469012437+05:30,431.2000000000001,432.15,428.5,429.4,11638.0,5493.0,229,5004564.649999999
2026-07-07 15:17:21.264463115+05:30,429.75,432.55,426.1,428.2000000000001,13913.0,6638.0,316,5969985.500000006
2026-07-07 15:25:21.301696732+05:30,428.05,433.55,427.75,428.2000000000001,21323.0,10825.0,449,9185278.4
2026-07-08 09:15:00.000000137+05:30,428.2000000000001,430.5,418.35,421.35,33130.0,15903.0,732,14031469.599999996
2026-07-08 09:23:01.221342478+05:30,421.15,432.5,421.0,431.1,40437.0,19404.0,895,17270752.90000001
2026-07-08 09:31:02.782641278+05:30,431.4,431.4,417.35,417.85,16643.0,7803.0,348,7045099.000000003
2026-07-08 09:39:02.816396041+05:30,418.05,422.4500000000001,416.7000000000001,417.65,10950.0,5375.0,256,4597609.049999998
2026-07-08 09:47:03.707978497+05:30,418.1,421.0,415.05,419.1,8400.0,4891.0,207,3510961.2499999995
2026-07-08 09:55:04.611141646+05:30,418.55,423.9500000000001,418.55,423.2000000000001,7108.0,4148.0,177,2999506.4000000004
2026-07-08 10:03:07.695332021+05:30,423.05,425.9,420.2000000000001,424.4500000000001,9887.0,5254.0,174,4183201.400000002
2026-07-08 10:11:13.895304891+05:30,424.4,424.6,416.5,423.6,8761.0,4448.0,159,3687075.7
2026-07-08 10:19:15.405051502+05:30,423.55,426.3,421.6,423.05,6996.0,3504.0,139,2964520.2
2026-07-08 10:27:16.592015630+05:30,422.8,430.4,422.8,429.0,6388.0,2944.0,138,2724856.35
2026-07-08 10:35:26.416644636+05:30,428.9500000000001,434.7000000000001,428.7000000000001,434.7000000000001,7490.0,3414.0,128,3226073.8
2026-07-08 10:43:28.648614140+05:30,435.1,435.9,432.2000000000001,433.4,5417.0,1921.0,122,2351479.249999999
2026-07-08 10:51:31.780843925+05:30,433.5,436.55,433.1,435.75,5652.0,1815.0,115,2455207.8499999996
2026-07-08 10:59:32.433634754+05:30,436.05,438.55,431.55,432.2000000000001,6189.0,2764.0,122,2701552.6000000015
2026-07-08 11:07:32.829507277+05:30,432.4500000000001,434.65,430.2000000000001,431.15,5925.0,3151.0,118,2557453.7999999993
2026-07-08 11:15:34.236529524+05:30,431.3,436.1,430.65,435.05,5036.0,2724.0,115,2185145.700000001
2026-07-08 11:23:40.522693268+05:30,434.9500000000001,436.65,433.0,434.85,6205.0,2827.0,105,2700069.6499999994
2026-07-08 11:31:48.407278269+05:30,435.05,436.8,433.5,433.9,5212.0,2720.0,114,2266839.7
2026-07-08 11:40:02.044769937+05:30,434.25,434.3,431.55,434.15,5083.0,2384.0,117,2201617.250000001
2026-07-08 11:48:15.052338084+05:30,433.85,436.85,433.85,436.1,4237.0,2059.0,90,1845207.6500000001
2026-07-08 11:56:20.696353609+05:30,435.5,438.75,433.55,438.75,5473.0,2189.0,112,2386455.150000001
2026-07-08 12:04:29.940005102+05:30,438.3,447.2000000000001,438.3,446.85,4569.0,2914.0,105,2030634.7500000005
2026-07-08 12:12:29.985004916+05:30,446.15,447.7000000000001,444.0,445.3,3717.0,1949.0,125,1656579.6000000006
2026-07-08 12:20:30.449079172+05:30,445.35,447.85,445.15,447.85,5924.0,2801.0,109,2645460.750000001
2026-07-08 12:28:42.039326626+05:30,448.1,448.75,445.3,446.9500000000001,4039.0,1241.0,94,1804693.0000000002
2026-07-08 12:36:48.908741756+05:30,447.0,447.15,440.35,440.4500000000001,6329.0,2518.0,118,2807584.900000001
2026-07-08 12:44:51.777243715+05:30,440.55,444.75,437.5,444.75,4569.0,2498.0,115,2013143.15
2026-07-08 12:52:55.325799378+05:30,444.75,449.15,443.1,448.2000000000001,5239.0,3046.0,107,2336522.25
2026-07-08 13:01:08.376481840+05:30,448.35,448.75,444.5,447.15,4281.0,2074.0,125,1914609.05
2026-07-08 13:09:25.946711066+05:30,447.2000000000001,448.2000000000001,443.05,444.9,3975.0,2098.0,110,1771628.4
2026-07-08 13:17:28.754902718+05:30,444.6,446.1,443.15,446.1,5339.0,3127.0,126,2371220.35
2026-07-08 13:25:31.766296503+05:30,446.3,446.3,441.25,442.8,5280.0,2325.0,104,2342707.9499999993
2026-07-08 13:33:35.866280631+05:30,443.0,444.15,439.3,441.9,4691.0,1845.0,110,2069752.2500000005
2026-07-08 13:41:37.355843270+05:30,441.6,442.05,436.0,437.15,6206.0,2347.0,122,2727332.45
2026-07-08 13:49:42.829356043+05:30,436.9500000000001,445.65,436.9500000000001,445.65,5289.0,2923.0,112,2332581.0500000007
2026-07-08 13:57:47.615267285+05:30,445.55,446.05,439.5,441.55,6867.0,1937.0,138,3041207.649999999
2026-07-08 14:05:49.870605105+05:30,442.0,445.5,439.7000000000001,439.7000000000001,5179.0,2469.0,124,2290926.0500000007
2026-07-08 14:13:49.956224904+05:30,439.6,443.85,438.85,443.4,7308.0,4132.0,152,3224037.7500000005
2026-07-08 14:21:53.620501877+05:30,443.8,445.25,442.0,442.75,5233.0,2355.0,128,2323757.8000000003
2026-07-08 14:29:53.661185366+05:30,442.55,451.3,441.4,449.85,8058.0,3928.0,186,3604709.55
2026-07-08 14:37:57.886794419+05:30,449.6,449.6,445.25,446.1,6884.0,2520.0,141,3075146.8499999987
2026-07-08 14:45:59.952895452+05:30,446.25,446.35,434.4500000000001,435.85,6968.0,3339.0,177,3065995.650000002
2026-07-08 14:54:06.751010638+05:30,435.8,439.4500000000001,434.4,438.05,10004.0,6476.0,187,4371671.750000001
2026-07-08 15:02:15.826285389+05:30,438.15,441.55,437.3,437.9500000000001,8505.0,4056.0,208,3735065.999999998
2026-07-08 15:10:17.285933718+05:30,437.9500000000001,439.1,433.05,436.15,11600.0,5827.0,241,5063231.5
2026-07-08 15:18:17.740368877+05:30,436.25,437.9500000000001,430.5,433.85,12076.0,5967.0,325,5247900.000000001
2026-07-08 15:26:18.741912470+05:30,433.55,435.9,426.5,428.6,19023.0,8688.0,429,8209873.35
2026-07-09 09:15:00.000074227+05:30,428.7000000000001,429.5,417.6,419.5,28701.0,15180.0,659,12146388.899999995
2026-07-09 09:23:01.460578564+05:30,419.2000000000001,433.9500000000001,418.55,432.7000000000001,44643.0,22682.0,948,19077529.8
2026-07-09 09:31:01.941902804+05:30,432.35,440.8,432.35,435.0,16419.0,8287.0,345,7167545.050000003
2026-07-09 09:39:05.870516584+05:30,435.15,435.15,429.2000000000001,429.35,11237.0,5701.0,259,4857397.8999999985
2026-07-09 09:47:07.550253696+05:30,429.6,431.0,426.4500000000001,428.0,10553.0,4992.0,217,4524679.999999999
2026-07-09 09:55:10.529653570+05:30,428.1,430.6,424.9500000000001,428.55,6799.0,3332.0,174,2905563.3
2026-07-09 10:03:11.897538893+05:30,429.2000000000001,429.9,426.3,427.65,9078.0,4378.0,174,3887201.8000000026
2026-07-09 10:11:13.112448207+05:30,427.9,429.2000000000001,423.4,426.4,6663.0,3314.0,165,2839999.500000001
2026-07-09 10:19:14.027137464+05:30,426.05,427.35,423.55,423.55,7235.0,3948.0,151,3080100.0500000003
2026-07-09 10:27:15.968745873+05:30,423.75,425.5,422.7000000000001,423.7000000000001,5838.0,2575.0,158,2475933.7999999993
2026-07-09 10:35:18.335838151+05:30,423.7000000000001,426.8,422.15,422.15,7139.0,3241.0,141,3033102.4500000007
2026-07-09 10:43:18.966269052+05:30,422.1,424.5,420.9500000000001,422.25,6244.0,2816.0,124,2638303.850000001
2026-07-09 10:51:20.780091422+05:30,421.8,422.0,417.55,418.4,6653.0,3771.0,148,2794448.7499999995
2026-07-09 10:59:26.425326506+05:30,418.5,421.5,416.35,420.1,5274.0,2566.0,126,2212334.55
2026-07-09 11:07:32.722254550+05:30,420.3,422.0,417.9,420.8,4607.0,2377.0,120,1936157.5999999999
2026-07-09 11:15:32.892796243+05:30,420.75,421.15,417.1,417.1,5371.0,2701.0,117,2249415.05
2026-07-09 11:23:35.231214114+05:30,417.5,418.1,413.85,415.75,5647.0,2780.0,112,2348154.400000001
2026-07-09 11:31:37.517681682+05:30,415.25,415.25,412.6,414.4,6821.0,3313.0,120,2824213.0499999993
2026-07-09 11:39:49.976777265+05:30,414.1,415.15,412.5,412.5,5334.0,2435.0,120,2208069.5
2026-07-09 11:47:54.463173397+05:30,412.7000000000001,415.55,410.4,414.0,5559.0,3327.0,120,2293166.4999999995
2026-07-09 11:55:56.710463380+05:30,414.15,416.0,413.35,414.6,7416.0,5055.0,112,3074070.7999999993
2026-07-09 12:04:00.925112539+05:30,414.65,417.85,413.55,414.2000000000001,5822.0,2531.0,119,2421120.1500000004
2026-07-09 12:12:01.149198144+05:30,414.25,421.5,414.2000000000001,420.1,5201.0,2824.0,114,2178317.5499999993
2026-07-09 12:20:03.528922954+05:30,420.1,420.7000000000001,417.6,418.65,5710.0,2405.0,109,2393589.250000001
2026-07-09 12:28:04.683602494+05:30,418.5,421.4500000000001,418.3,420.6,4435.0,1912.0,108,1861889.2500000002
2026-07-09 12:36:04.776024556+05:30,420.4500000000001,425.2000000000001,419.55,423.4,3181.0,2008.0,85,1343568.5999999996
2026-07-09 12:44:05.078725951+05:30,423.1,425.4,422.35,423.15,4862.0,2966.0,108,2061251.8999999997
2026-07-09 12:52:06.682664484+05:30,423.4,425.1,421.7000000000001,421.8,4147.0,2294.0,104,1758853.0500000005
2026-07-09 13:00:10.274890341+05:30,422.0,423.05,419.9500000000001,420.05,5637.0,3136.0,110,2376579.4500000007
2026-07-09 13:08:17.103813052+05:30,420.15,421.25,416.5,418.05,5542.0,2236.0,108,2321323.75
2026-07-09 13:16:18.779675871+05:30,418.6,421.8,417.4500000000001,419.6,4635.0,2089.0,117,1942317.5499999993
2026-07-09 13:24:20.892296937+05:30,419.3,420.6,417.8,419.1,4942.0,2815.0,114,2072383.7999999996
2026-07-09 13:32:21.250468389+05:30,419.05,421.55,418.2000000000001,419.35,5193.0,2450.0,120,2181272.95
2026-07-09 13:40:23.190282924+05:30,419.9,419.9,416.7000000000001,418.0,5937.0,2247.0,123,2482876.900000001
2026-07-09 13:48:25.116702748+05:30,418.3,419.4,414.25,418.9500000000001,4686.0,2533.0,112,1952116.65
2026-07-09 13:56:25.136983478+05:30,418.7000000000001,420.4,417.4500000000001,418.85,7073.0,2893.0,137,2962445.2499999995
2026-07-09 14:04:28.233182632+05:30,418.85,418.9,410.9,414.3,7370.0,3623.0,147,3050735.7499999995
2026-07-09 14:12:34.522552694+05:30,414.5,418.1,413.9500000000001,418.1,7941.0,3700.0,153,3301468.6999999983
2026-07-09 14:20:50.495819937+05:30,417.85,420.2000000000001,416.65,419.8,6036.0,3588.0,132,2524167.5999999996
2026-07-09 14:28:52.634777111+05:30,420.35,420.4500000000001,414.25,416.4500000000001,5775.0,2403.0,158,2410913.100000001
2026-07-09 14:36:56.035008127+05:30,416.5,416.8,410.85,410.9500000000001,7262.0,2549.0,167,3009744.35
2026-07-09 14:44:57.977017329+05:30,411.35,413.2000000000001,410.15,413.2000000000001,7600.0,3857.0,166,3126106.0500000007
2026-07-09 14:53:05.815450865+05:30,413.25,423.85,413.25,417.7000000000001,9542.0,5436.0,194,3996225.199999999
2026-07-09 15:01:07.863836859+05:30,417.55,420.65,416.85,420.55,7335.0,3578.0,200,3071692.0500000017
2026-07-09 15:09:08.738359491+05:30,420.4,423.0,417.35,421.25,10018.0,5022.0,229,4207926.45
2026-07-09 15:17:14.004002220+05:30,420.9500000000001,421.9,414.85,415.65,14577.0,7146.0,308,6108516.799999999
2026-07-09 15:25:14.101439420+05:30,415.4500000000001,423.2000000000001,413.4,416.4,18033.0,9398.0,413,7531466.349999997
2026-07-10 09:15:00.000004673+05:30,416.15,434.2000000000001,415.8,434.2000000000001,33790.0,18300.0,746,14288251.199999994
2026-07-10 09:23:00.315601903+05:30,434.15,444.5,433.9,441.65,18709.0,9301.0,446,8233195.8999999985
2026-07-10 09:31:05.462792372+05:30,442.3,447.9,439.2000000000001,444.85,8378.0,4250.0,186,3716035.950000001
2026-07-10 09:39:07.468232230+05:30,444.6,445.6,443.0,443.5,5291.0,3207.0,111,2352192.650000001
2026-07-10 09:47:20.798412182+05:30,443.5,446.7000000000001,442.85,444.75,3534.0,1647.0,99,1571267.0499999998
2026-07-10 09:55:25.635825264+05:30,444.05,447.9,442.75,447.1,3768.0,1886.0,93,1679727.1500000004
2026-07-10 10:03:28.886910441+05:30,447.05,450.3,446.8,448.0,3071.0,1522.0,82,1376407.95
2026-07-10 10:11:39.222885900+05:30,447.6,450.1,446.9500000000001,450.1,3594.0,1815.0,76,1609984.4
2026-07-10 10:19:40.285595327+05:30,449.7000000000001,450.4500000000001,445.1,445.55,3463.0,1388.0,87,1550470.5499999998
2026-07-10 10:27:53.543401913+05:30,445.5,447.2000000000001,444.4,444.9,2886.0,878.0,67,1286756.1
2026-07-10 10:35:57.748908751+05:30,444.55,445.55,443.2000000000001,444.9500000000001,2884.0,1425.0,66,1281933.3000000003
2026-07-10 10:44:15.607894331+05:30,445.05,448.9,445.05,448.5,3929.0,2423.0,71,1754711.0500000012
2026-07-10 10:52:15.754244923+05:30,448.65,451.5,446.9500000000001,447.3,3336.0,2186.0,70,1500473.0499999996
2026-07-10 11:00:15.922322687+05:30,447.65,448.1,444.75,444.9,2519.0,796.0,56,1125289.0499999998
2026-07-10 11:08:26.361036834+05:30,444.9500000000001,445.7000000000001,440.9500000000001,442.4500000000001,2635.0,1370.0,56,1168041.6
2026-07-10 11:16:27.975537589+05:30,442.3,442.7000000000001,439.7000000000001,440.4,4249.0,2745.0,68,1875414.3000000003
2026-07-10 11:24:28.365414804+05:30,440.3,443.5,439.7000000000001,442.9500000000001,2747.0,893.0,52,1211198.4000000004
2026-07-10 11:32:31.088344653+05:30,443.1,445.75,442.9,445.4,4295.0,1953.0,57,1908607.6000000006
2026-07-10 11:40:39.439782655+05:30,445.4,446.9500000000001,443.4500000000001,443.4500000000001,1387.0,514.0,47,618150.3000000002
2026-07-10 11:49:03.389045696+05:30,442.75,442.8,440.9500000000001,440.9500000000001,1897.0,1033.0,56,838754.6499999999
2026-07-10 11:57:03.541177102+05:30,441.35,442.5,439.4,439.6,2113.0,812.0,65,931893.2999999997
2026-07-10 12:05:10.551704266+05:30,439.9,439.9,437.4,438.3,3622.0,1329.0,70,1589093.6999999997
2026-07-10 12:13:13.303330826+05:30,438.3,440.7000000000001,438.3,440.25,2508.0,1477.0,47,1102704.75
2026-07-10 12:21:14.084359028+05:30,439.75,440.4500000000001,438.55,439.9,1733.0,764.0,54,761770.1
2026-07-10 12:29:21.587918515+05:30,439.75,441.2000000000001,438.3,440.8,2185.0,1032.0,55,959839.45
2026-07-10 12:37:22.463441853+05:30,441.2000000000001,443.9500000000001,440.5,443.4,1924.0,937.0,47,850455.2499999998
2026-07-10 12:45:39.146129539+05:30,443.55,445.4,443.5,444.0,1392.0,940.0,49,618585.2999999998
2026-07-10 12:53:59.809937691+05:30,443.8,443.8,441.0,443.0,2399.0,916.0,59,1061415.35
2026-07-10 13:02:04.434116161+05:30,442.85,443.5,439.9500000000001,440.0,2900.0,1174.0,68,1282608.0499999996
2026-07-10 13:10:11.733834243+05:30,439.9,442.5,438.25,442.15,2887.0,2134.0,61,1270786.7000000002
2026-07-10 13:18:17.757940019+05:30,442.0,443.55,441.3,441.55,2710.0,1087.0,68,1199310.3999999997
2026-07-10 13:26:21.458354772+05:30,441.4500000000001,445.55,441.4500000000001,443.25,2829.0,1827.0,47,1253874.5500000003
2026-07-10 13:34:31.870203105+05:30,443.4,446.7000000000001,443.4,446.7000000000001,2559.0,1366.0,47,1139414.7
2026-07-10 13:42:32.939558932+05:30,446.7000000000001,448.3,444.8,446.85,2840.0,1407.0,74,1268516.3499999999
2026-07-10 13:50:38.676190200+05:30,447.1,449.6,445.1,449.2000000000001,2188.0,1169.0,69,979965.9999999997
2026-07-10 13:58:44.083339723+05:30,448.9500000000001,450.6,447.4500000000001,448.05,3968.0,2223.0,69,1783553.8000000003
2026-07-10 14:06:57.417833188+05:30,448.0,450.7000000000001,444.75,450.5,3427.0,2240.0,88,1533671.45
2026-07-10 14:15:03.317861829+05:30,450.25,451.05,444.65,445.5,2261.0,636.0,69,1013342.9000000003
2026-07-10 14:23:07.271389104+05:30,444.9,447.15,444.15,445.75,3172.0,1441.0,64,1413628.2000000004
2026-07-10 14:31:12.392621355+05:30,445.85,447.1,444.5,445.15,3732.0,1832.0,85,1662524.25
2026-07-10 14:39:15.750677695+05:30,444.3,446.65,443.65,446.55,4022.0,2154.0,83,1788024.5000000002
2026-07-10 14:47:21.920474657+05:30,446.55,448.5,445.7000000000001,446.7000000000001,2904.0,1343.0,78,1299083.3
2026-07-10 14:55:25.537294497+05:30,446.7000000000001,448.0,443.9,448.0,4183.0,1752.0,80,1865602.2999999996
2026-07-10 15:03:26.696934819+05:30,448.35,448.5,445.8,447.05,6489.0,3527.0,110,2902123.150000001
2026-07-10 15:11:47.951387620+05:30,447.1,450.6,447.05,449.05,5914.0,3451.0,124,2655117.149999999
2026-07-10 15:19:50.979158499+05:30,449.15,450.05,445.85,448.25,7230.0,3124.0,183,3238625.099999999
2026-07-10 15:27:51.121147412+05:30,448.35,448.75,440.4,443.55,9963.0,4158.0,231,4444318.3500000015
2026-07-13 09:15:00.002909594+05:30,443.35,453.05,442.8,453.05,13749.0,6780.0,297,6128832.850000002
2026-07-13 09:23:00.585660473+05:30,453.2000000000001,461.6,451.55,457.9,41157.0,20736.0,878,18756238.899999972
2026-07-13 09:31:07.432476127+05:30,457.7000000000001,468.9,457.7000000000001,468.8,16291.0,7831.0,386,7517476.9499999955
2026-07-13 09:39:10.469663721+05:30,468.85,468.85,458.15,460.9,11847.0,5915.0,270,5497086.750000002
2026-07-13 09:47:11.996123547+05:30,460.8,460.8,449.75,450.4500000000001,9174.0,4020.0,191,4165122.4500000016
2026-07-13 09:55:14.470004667+05:30,450.1,450.1,445.1,445.3,7371.0,2652.0,183,3302438.950000002
2026-07-13 10:03:20.248453129+05:30,445.25,449.1,441.65,449.1,8916.0,5281.0,177,3972006.500000001
2026-07-13 10:11:35.326053954+05:30,449.4,454.15,448.4,453.05,7555.0,3607.0,141,3403562.5499999993
2026-07-13 10:19:38.074964557+05:30,452.85,455.4500000000001,449.9,453.3,6712.0,3934.0,173,3040521.3500000015
2026-07-13 10:27:39.334476210+05:30,453.35,454.0,446.15,446.15,7835.0,4460.0,142,3534175.5500000003
2026-07-13 10:35:39.967431654+05:30,445.55,449.7000000000001,444.6,447.8,5315.0,2843.0,118,2375004.8499999996
2026-07-13 10:43:40.528112164+05:30,447.3,448.8,445.35,445.65,7065.0,3500.0,121,3161439.999999999
2026-07-13 10:51:41.374048177+05:30,445.65,446.2000000000001,442.05,442.5,6324.0,2666.0,132,2806726.2
2026-07-13 10:59:41.983591757+05:30,442.35,442.35,438.85,438.85,5354.0,1833.0,123,2357244.900000001
2026-07-13 11:07:54.648885515+05:30,438.75,438.75,431.6,431.9,4323.0,2129.0,101,1879848.3499999994
2026-07-13 11:16:02.471064318+05:30,431.7000000000001,434.9,431.0,434.25,5746.0,2632.0,112,2487927.1000000006
2026-07-13 11:24:04.707062397+05:30,434.15,437.6,433.4500000000001,437.25,5803.0,3376.0,128,2526110.5500000003
2026-07-13 11:32:08.258580023+05:30,436.6,440.9,435.15,435.15,5523.0,2024.0,121,2418653.9499999993
2026-07-13 11:40:14.114375639+05:30,434.5,441.2000000000001,433.75,440.2000000000001,4109.0,2075.0,123,1797508.8500000003
2026-07-13 11:48:20.037264158+05:30,440.3,440.9500000000001,437.55,437.75,6056.0,2991.0,125,2660735.2499999995
2026-07-13 11:56:22.103604807+05:30,438.35,442.9,436.9500000000001,442.85,5749.0,2926.0,108,2528665.3000000003
2026-07-13 12:04:35.638997878+05:30,442.4500000000001,446.05,441.15,441.35,6712.0,3691.0,117,2976548.8
2026-07-13 12:12:45.552109653+05:30,441.5,443.15,438.5,441.9,5093.0,2500.0,109,2246584.749999999
2026-07-13 12:20:46.811324991+05:30,441.9,441.9,438.9500000000001,438.9500000000001,5400.0,1967.0,119,2379725.150000001
2026-07-13 12:28:51.170176037+05:30,438.35,439.9500000000001,435.65,436.1,4074.0,1788.0,97,1783212.7999999996
2026-07-13 12:37:14.439830653+05:30,436.5,436.5,431.4,432.35,4337.0,1400.0,98,1882240.8500000003
2026-07-13 12:45:18.867871041+05:30,432.7000000000001,433.15,429.7000000000001,432.75,5317.0,2258.0,112,2293919.5499999993
2026-07-13 12:53:33.488674827+05:30,432.75,432.75,425.75,427.6,5177.0,2059.0,114,2217958.1000000006
2026-07-13 13:01:36.902129819+05:30,427.65,430.4500000000001,426.9500000000001,428.3,3899.0,1314.0,91,1670032.9999999993
2026-07-13 13:09:46.253784430+05:30,428.25,432.9,427.8,429.9,4185.0,2159.0,118,1801149.1499999992
2026-07-13 13:17:48.821535874+05:30,430.15,430.35,424.3,425.6,5493.0,3284.0,113,2342199.6999999993
2026-07-13 13:25:49.508973+05:30,425.65,426.75,422.8,425.25,6197.0,2420.0,116,2634157.5500000017
2026-07-13 13:33:50.436519979+05:30,424.65,425.1,421.15,424.25,3183.0,1623.0,98,1347891.7500000002
2026-07-13 13:41:55.740275457+05:30,424.5,427.4,421.85,427.0,4570.0,2510.0,124,1936456.0999999999
2026-07-13 13:50:02.239328735+05:30,427.0,428.9500000000001,424.85,425.75,5529.0,3038.0,123,2359456.2499999995
2026-07-13 13:58:03.979490394+05:30,425.7000000000001,430.4,422.55,429.7000000000001,4647.0,2376.0,123,1978506.5499999993
2026-07-13 14:06:05.607487247+05:30,429.7000000000001,442.3,429.7000000000001,441.9500000000001,7460.0,4032.0,155,3252460.6000000006
2026-07-13 14:14:08.013267061+05:30,441.9500000000001,446.55,441.15,443.15,5206.0,2194.0,140,2307689.6999999993
2026-07-13 14:22:18.405884648+05:30,442.9500000000001,447.8,441.6,447.0,5173.0,2795.0,156,2299263.9500000016
2026-07-13 14:30:22.383213931+05:30,447.15,448.35,441.05,441.1,6359.0,2475.0,140,2830004.299999999
2026-07-13 14:38:23.425536999+05:30,440.8,445.2000000000001,437.35,445.0,7018.0,4279.0,157,3095123.449999998
2026-07-13 14:46:25.712046962+05:30,445.2000000000001,445.9500000000001,441.9500000000001,444.5,8125.0,4787.0,187,3609849.000000001
2026-07-13 14:54:27.001891540+05:30,443.9500000000001,449.0,443.55,447.25,9396.0,3824.0,187,4194628.1000000015
2026-07-13 15:02:27.927787051+05:30,446.85,452.2000000000001,445.3,451.4,10026.0,5559.0,203,4493542.999999998
2026-07-13 15:10:28.336680474+05:30,451.75,453.15,446.7000000000001,447.85,10132.0,4562.0,235,4560841.200000002
2026-07-13 15:18:29.990174928+05:30,447.25,447.8,440.5,446.85,12805.0,6486.0,273,5687937.55
2026-07-13 15:26:31.495652571+05:30,446.75,447.3,438.4,441.9,20273.0,8802.0,502,8958290.449999997
2026-07-14 09:15:00.000014485+05:30,441.4500000000001,444.5,432.2000000000001,432.2000000000001,33297.0,14951.0,663,14655033.149999999
2026-07-14 09:23:00.150838162+05:30,432.55,440.35,431.6,438.25,26330.0,12352.0,581,11470216.999999998
2026-07-14 09:31:01.491766058+05:30,438.05,444.4500000000001,438.05,440.6,9200.0,4502.0,215,4061496.6499999994
2026-07-14 09:39:07.905567993+05:30,440.9,441.9,433.85,435.7000000000001,8834.0,2880.0,167,3855025.1500000013
2026-07-14 09:47:15.233732941+05:30,435.8,438.9500000000001,434.65,436.3,6445.0,3443.0,155,2813429.2999999993
2026-07-14 09:55:20.826848450+05:30,435.85,438.15,431.75,436.2000000000001,5023.0,2107.0,122,2186378.900000001
2026-07-14 10:03:24.016560895+05:30,436.7000000000001,438.05,432.9,435.35,5119.0,2566.0,108,2226150.95
2026-07-14 10:11:48.704281177+05:30,435.1,439.6,433.3,438.4,4359.0,1994.0,96,1903019.0499999998
2026-07-14 10:19:50.402967050+05:30,438.55,439.65,436.8,437.5,4668.0,3111.0,105,2044650.9000000006
2026-07-14 10:27:50.488996109+05:30,437.6,442.25,436.8,441.1,3537.0,1502.0,88,1553006.9999999998
2026-07-14 10:35:51.479096739+05:30,440.9,441.8,437.15,438.05,3600.0,1147.0,76,1580905.4000000001
2026-07-14 10:43:58.549649891+05:30,437.5,438.85,435.6,437.4500000000001,2947.0,1097.0,74,1287100.5
2026-07-14 10:52:04.165522950+05:30,438.0,438.4500000000001,434.65,437.1,4296.0,2436.0,92,1875953.0000000005
2026-07-14 11:00:12.373036913+05:30,437.15,437.2000000000001,431.1,431.9500000000001,4992.0,1610.0,81,2161551.1499999994
2026-07-14 11:08:20.204034020+05:30,432.15,432.35,429.0,431.0,3792.0,2704.0,82,1635862.7999999998
2026-07-14 11:16:33.357668542+05:30,430.9500000000001,431.65,428.55,429.4,3052.0,1486.0,76,1313820.5000000005
2026-07-14 11:24:33.622631749+05:30,429.55,432.55,428.5,429.3,4165.0,2544.0,83,1793330.4
2026-07-14 11:32:45.738137535+05:30,429.3,435.65,429.1,434.9,3326.0,1418.0,75,1442361.7999999998
2026-07-14 11:40:56.694580764+05:30,434.9500000000001,435.9500000000001,429.5,429.5,3993.0,2093.0,78,1724775.2
2026-07-14 11:49:32.829533687+05:30,429.65,429.65,425.2000000000001,426.85,3909.0,1808.0,89,1669370.7000000004
2026-07-14 11:57:36.261220789+05:30,426.65,430.9,426.3,430.3,2371.0,1394.0,67,1017423.1000000006
2026-07-14 12:05:45.978042711+05:30,430.55,432.6,429.8,431.15,2711.0,1249.0,62,1169178.4999999998
2026-07-14 12:13:53.620932747+05:30,430.8,431.6,429.55,431.5,3671.0,1356.0,65,1580336.4000000006
2026-07-14 12:21:57.489147697+05:30,431.55,433.9,430.65,431.85,2138.0,1267.0,77,923751.65
2026-07-14 12:30:05.356620816+05:30,431.15,433.65,430.85,432.65,3864.0,2091.0,81,1670497.4000000001
2026-07-14 12:38:05.591537003+05:30,432.9,437.05,432.0,435.85,3998.0,2618.0,84,1736269.0000000002
2026-07-14 12:46:17.694960811+05:30,436.2000000000001,436.2000000000001,430.9500000000001,431.2000000000001,3423.0,1415.0,61,1481525.8999999994
2026-07-14 12:54:35.851262113+05:30,430.85,434.7000000000001,430.2000000000001,433.75,2708.0,1441.0,73,1171555.5499999996
2026-07-14 13:02:37.379803645+05:30,434.2000000000001,437.4500000000001,433.3,435.55,3385.0,1684.0,73,1472559.2999999998
2026-07-14 13:10:43.811937991+05:30,435.65,436.3,432.6,432.7000000000001,4050.0,1787.0,74,1761667.9500000002
2026-07-14 13:19:09.206404211+05:30,432.5,436.6,431.75,435.7000000000001,3288.0,1980.0,70,1425689.3499999996
2026-07-14 13:27:13.491510841+05:30,435.4,436.25,432.2000000000001,432.4,2484.0,1085.0,72,1080167.0
2026-07-14 13:35:29.067993707+05:30,432.8,433.6,431.0,432.05,2726.0,1265.0,69,1177637.7499999998
2026-07-14 13:43:39.928824858+05:30,431.9,433.65,430.75,431.35,3344.0,1600.0,77,1445267.8500000006
2026-07-14 13:51:59.245082611+05:30,431.75,432.75,426.55,427.55,3739.0,1454.0,82,1602814.6500000006
2026-07-14 14:00:13.511880303+05:30,428.15,429.35,426.65,428.7000000000001,2504.0,1017.0,78,1071527.2
2026-07-14 14:08:22.968531560+05:30,428.8,430.4,427.6,430.35,4103.0,1865.0,93,1759563.0000000005
2026-07-14 14:16:41.954641644+05:30,430.55,434.25,430.2000000000001,434.25,4608.0,2461.0,87,1989620.0
2026-07-14 14:25:04.891815636+05:30,434.15,434.85,431.3,431.4500000000001,5000.0,2907.0,100,2165233.9
2026-07-14 14:33:10.970345815+05:30,431.35,433.05,430.4,431.4,3938.0,1953.0,91,1699234.8000000007
2026-07-14 14:41:15.020133898+05:30,431.0,432.9500000000001,427.4,431.55,5250.0,2350.0,98,2263832.1500000004
2026-07-14 14:49:19.015367059+05:30,432.2000000000001,436.2000000000001,431.55,435.35,4763.0,2532.0,106,2066277.1000000006
2026-07-14 14:57:28.223805512+05:30,434.9,439.9,434.9,438.15,5998.0,3321.0,128,2627674.6500000013
2026-07-14 15:05:29.877457527+05:30,437.85,440.1,435.9500000000001,437.7000000000001,5648.0,3315.0,137,2471982.0999999996
2026-07-14 15:13:34.220735221+05:30,437.65,441.8,435.65,437.4,8983.0,4848.0,181,3943492.7000000025
2026-07-14 15:21:35.433800097+05:30,438.1,438.6,432.8,434.9,9960.0,4982.0,234,4336697.45
2026-07-14 15:29:35.501426108+05:30,435.15,439.35,433.9500000000001,436.5,21052.0,12169.0,457,9193077.65
2026-07-15 09:15:00.000070518+05:30,436.8,440.15,434.15,440.15,5530.0,2884.0,135,2415701.250000001
2026-07-15 09:23:00.191223615+05:30,440.35,445.35,433.2000000000001,440.9500000000001,33283.0,17089.0,705,14625684.649999991
2026-07-15 09:31:00.746491283+05:30,441.25,449.3,440.8,446.85,8425.0,4860.0,218,3753747.9999999995
2026-07-15 09:39:00.852814234+05:30,447.1,448.25,441.75,446.1,7861.0,3824.0,207,3493006.9000000004
2026-07-15 09:47:15.402818946+05:30,445.9500000000001,447.35,443.7000000000001,445.5,5449.0,2430.0,141,2429408.7499999986
2026-07-15 09:55:16.099063281+05:30,445.4,445.85,438.85,439.35,4904.0,2454.0,150,2166019.9999999995
2026-07-15 10:03:18.967854765+05:30,439.3,441.0,435.8,437.25,4594.0,2109.0,132,2014943.2999999996
2026-07-15 10:11:19.975735893+05:30,437.75,440.9500000000001,434.7000000000001,434.9500000000001,6192.0,3040.0,134,2713374.2
2026-07-15 10:19:24.874140718+05:30,434.85,441.05,434.1,441.05,5484.0,3568.0,123,2401990.7000000007
2026-07-15 10:27:44.176805845+05:30,441.35,449.7000000000001,440.8,449.7000000000001,3484.0,2248.0,100,1554626.3000000005
2026-07-15 10:35:57.000508537+05:30,449.6,454.9500000000001,449.2000000000001,453.75,4473.0,2315.0,94,2023659.8000000003
2026-07-15 10:44:05.338264507+05:30,453.7000000000001,456.25,451.2000000000001,455.85,2921.0,1454.0,82,1326688.5
2026-07-15 10:52:21.008652449+05:30,456.35,456.35,451.9500000000001,454.35,4671.0,2081.0,108,2122222.400000001
2026-07-15 11:00:21.949468411+05:30,454.25,459.9500000000001,454.25,459.2000000000001,3211.0,2269.0,88,1467522.1499999997
2026-07-15 11:08:26.533021375+05:30,459.25,460.75,455.75,460.35,4689.0,3166.0,101,2147255.8000000007
2026-07-15 11:16:38.720875939+05:30,460.7000000000001,469.05,460.4,468.6,4754.0,3019.0,98,2208342.4499999997
2026-07-15 11:24:58.878544285+05:30,468.3,470.1,466.6,468.8,3066.0,1688.0,77,1436252.6499999997
2026-07-15 11:33:02.650227863+05:30,468.55,473.1,467.7000000000001,467.7000000000001,3838.0,1947.0,72,1804092.4999999998
2026-07-15 11:41:06.181644822+05:30,467.85,471.25,466.4,471.25,5717.0,2649.0,90,2677031.050000001
2026-07-15 11:49:09.513727493+05:30,471.65,473.75,467.8,469.5,3707.0,1952.0,80,1747622.5499999996
2026-07-15 11:57:22.810731475+05:30,469.55,469.75,463.25,463.25,3548.0,2310.0,73,1659777.8000000003
2026-07-15 12:05:27.123790109+05:30,463.25,468.35,462.9,468.35,3090.0,1925.0,82,1435754.3
2026-07-15 12:13:46.314994908+05:30,467.85,468.25,462.85,464.25,2720.0,1019.0,80,1266640.15
2026-07-15 12:21:49.739554963+05:30,464.25,467.4500000000001,463.65,467.05,2805.0,1408.0,64,1307620.4000000001
2026-07-15 12:29:54.274379638+05:30,467.5,471.55,467.05,468.4,2946.0,1747.0,82,1383071.3500000003
2026-07-15 12:37:56.252247647+05:30,468.2000000000001,468.25,465.85,466.65,4265.0,2335.0,72,1990734.7499999998
2026-07-15 12:46:06.887790558+05:30,466.4500000000001,467.0,463.9500000000001,465.7000000000001,2362.0,1072.0,59,1098615.0
2026-07-15 12:54:08.250659283+05:30,465.3,467.2000000000001,462.85,465.7000000000001,3400.0,1862.0,72,1581820.4000000004
2026-07-15 13:02:46.438614718+05:30,466.1,466.75,459.4,459.4,3905.0,1781.0,76,1806945.4
2026-07-15 13:10:50.562786690+05:30,459.3,461.4500000000001,458.85,460.75,2813.0,1817.0,73,1294459.7999999998
2026-07-15 13:18:52.990893301+05:30,460.85,462.35,459.9500000000001,462.3,3710.0,2143.0,74,1711328.85
2026-07-15 13:27:08.639612816+05:30,462.5,463.9,458.4500000000001,459.05,5561.0,2653.0,95,2566915.95
2026-07-15 13:35:14.464014381+05:30,458.7000000000001,458.8,452.15,453.1,5266.0,2321.0,102,2395422.05
2026-07-15 13:43:16.280848774+05:30,452.65,453.2000000000001,446.1,448.2000000000001,3449.0,1555.0,80,1547527.1500000006
2026-07-15 13:51:20.091362553+05:30,448.4,448.8,441.85,441.9,4290.0,1357.0,105,1911397.4499999995
2026-07-15 13:59:22.649724265+05:30,442.15,447.8,440.55,444.6,4249.0,2555.0,96,1887480.7499999998
2026-07-15 14:07:23.309051822+05:30,444.15,446.6,443.75,443.8,5962.0,3878.0,95,2653703.4499999993
2026-07-15 14:15:25.617528037+05:30,444.0,445.85,439.85,440.65,5326.0,2811.0,112,2359117.15
2026-07-15 14:23:26.179997461+05:30,440.6,441.1,437.4500000000001,438.25,6092.0,2359.0,104,2677173.1
2026-07-15 14:31:34.720856909+05:30,438.55,440.05,437.3,438.2000000000001,5785.0,3707.0,99,2538620.3000000007
2026-07-15 14:39:38.181261019+05:30,438.55,441.15,435.65,439.5,7858.0,4880.0,112,3445050.9000000013
2026-07-15 14:47:43.118113359+05:30,439.4500000000001,444.15,438.65,442.4500000000001,6426.0,3651.0,135,2830808.6
2026-07-15 14:55:50.824383599+05:30,442.65,447.25,440.7000000000001,447.1,7519.0,4454.0,147,3333307.1500000004
2026-07-15 15:03:54.313657711+05:30,446.9500000000001,448.8,444.7000000000001,447.4,8688.0,3393.0,156,3880107.8000000007
2026-07-15 15:11:55.444974533+05:30,447.85,448.0,439.75,440.85,9333.0,3439.0,200,4146918.699999999
2026-07-15 15:19:56.161904221+05:30,441.0,441.6,436.7000000000001,438.0,10658.0,5731.0,241,4674157.45
2026-07-15 15:27:56.849388726+05:30,437.9500000000001,439.9,433.5,438.9,16035.0,7846.0,360,7010233.350000006
2026-07-16 09:15:00.000000764+05:30,439.05,440.55,427.05,427.05,15130.0,7840.0,358,6554367.099999998
2026-07-16 09:23:00.246720581+05:30,427.35,434.55,423.7000000000001,430.7000000000001,42737.0,20795.0,971,18317065.45000002
2026-07-16 09:31:02.600335166+05:30,430.35,433.6,425.3,429.1,17872.0,10145.0,362,7667058.099999997
2026-07-16 09:39:10.705865525+05:30,428.9,432.2000000000001,425.25,425.75,10128.0,4909.0,245,4340527.349999999
2026-07-16 09:47:11.565983177+05:30,425.7000000000001,430.6,423.05,429.0,10943.0,5541.0,223,4667840.9
2026-07-16 09:55:13.049741037+05:30,429.25,432.1,427.6,431.1,11681.0,7150.0,220,5023911.349999999
2026-07-16 10:03:14.022112064+05:30,430.9,434.9500000000001,427.7000000000001,429.6,8305.0,3928.0,192,3579842.249999998
2026-07-16 10:11:15.019057141+05:30,430.15,432.8,428.0,428.8,8426.0,4867.0,135,3626454.100000001
2026-07-16 10:19:16.063799757+05:30,428.8,432.15,427.55,430.2000000000001,8090.0,3547.0,165,3477703.9500000007
2026-07-16 10:27:20.000673810+05:30,430.1,430.5,425.8,427.8,7142.0,3620.0,150,3059093.4500000016
2026-07-16 10:35:20.805035660+05:30,427.25,433.2000000000001,426.15,432.05,7582.0,2829.0,156,3259292.1999999997
2026-07-16 10:43:26.479362347+05:30,432.05,434.5,430.25,430.7000000000001,6369.0,2860.0,140,2753258.6999999997
2026-07-16 10:51:28.960734338+05:30,430.9,432.4500000000001,429.4,431.4500000000001,5677.0,2500.0,135,2445843.65
2026-07-16 10:59:39.018161488+05:30,431.4,436.9500000000001,430.65,436.9500000000001,5017.0,2542.0,121,2175679.65
2026-07-16 11:07:48.812831675+05:30,437.15,439.0,435.9,436.4,5128.0,2437.0,104,2243447.150000001
2026-07-16 11:15:48.992747418+05:30,436.05,442.6,435.7000000000001,439.25,5032.0,2545.0,115,2212566.5
2026-07-16 11:23:55.528996037+05:30,439.4,445.05,439.4,441.15,5140.0,2676.0,117,2275208.5
2026-07-16 11:32:11.889135980+05:30,440.9,442.65,437.1,440.6,7352.0,3788.0,134,3230703.6999999997
2026-07-16 11:40:15.242092633+05:30,440.65,444.4,439.35,444.4,5882.0,3186.0,122,2601000.250000001
2026-07-16 11:48:16.012387730+05:30,444.6,447.6,444.6,445.6,6765.0,2962.0,120,3019524.1500000013
2026-07-16 11:56:24.607517070+05:30,445.65,448.9,445.4500000000001,446.75,4185.0,2004.0,108,1870968.85
2026-07-16 12:04:40.272158777+05:30,446.4500000000001,452.35,444.6,449.6,4415.0,2516.0,105,1982772.3000000003
2026-07-16 12:12:40.327192608+05:30,449.55,451.9,448.9500000000001,451.6,4231.0,2266.0,102,1906736.450000001
2026-07-16 12:20:51.097886737+05:30,451.55,453.2000000000001,445.75,446.9,5428.0,2290.0,113,2437922.0499999993
2026-07-16 12:28:55.978695603+05:30,446.85,451.9,445.65,449.4500000000001,5584.0,2809.0,106,2506678.65
2026-07-16 12:37:01.992404673+05:30,449.35,452.5,448.35,449.6,5648.0,2812.0,110,2544323.6000000006
2026-07-16 12:45:02.009737076+05:30,449.7000000000001,455.55,449.3,449.6,4695.0,2530.0,112,2122712.9000000004
2026-07-16 12:53:03.843713244+05:30,449.65,451.1,443.4500000000001,444.7000000000001,6379.0,3178.0,110,2846425.100000001
2026-07-16 13:01:10.870065921+05:30,444.55,448.25,444.4500000000001,444.9,7306.0,4705.0,121,3261563.750000002
2026-07-16 13:09:11.025723038+05:30,444.05,449.2000000000001,443.25,448.55,5391.0,2515.0,126,2404092.15
2026-07-16 13:17:15.897349106+05:30,449.0,450.35,446.2000000000001,446.75,5061.0,2661.0,115,2265003.3000000003
2026-07-16 13:25:17.437400278+05:30,446.9,448.9,444.55,445.9,4644.0,2248.0,116,2074643.050000001
2026-07-16 13:33:21.424802191+05:30,446.4500000000001,452.5,446.35,450.75,4609.0,2218.0,109,2073283.3499999999
2026-07-16 13:41:23.248136923+05:30,450.05,452.25,446.9500000000001,448.8,5790.0,3278.0,132,2606118.4
2026-07-16 13:49:28.603790481+05:30,448.9,452.55,447.2000000000001,447.8,5283.0,2339.0,118,2376976.5
2026-07-16 13:57:37.037751248+05:30,448.0,449.1,442.85,444.85,4165.0,2246.0,106,1859395.7500000005
2026-07-16 14:05:37.964805331+05:30,444.85,446.0,442.25,442.4,6066.0,2459.0,130,2692167.0000000005
2026-07-16 14:13:43.603624508+05:30,443.1,452.0,442.0,450.85,5367.0,2965.0,137,2397109.8499999996
2026-07-16 14:21:53.866364683+05:30,451.05,453.55,445.05,446.55,7141.0,3186.0,167,3219016.5500000003
2026-07-16 14:29:53.943404505+05:30,446.55,448.85,444.2000000000001,446.65,7658.0,4221.0,160,3421685.9500000016
2026-07-16 14:37:56.704689834+05:30,446.4,447.4,442.5,444.15,5775.0,2664.0,141,2570069.4000000004
2026-07-16 14:46:00.325324938+05:30,443.9,446.1,440.7000000000001,442.15,6279.0,2408.0,161,2781313.650000001
2026-07-16 14:54:03.068087179+05:30,442.55,449.1,441.25,446.6,7943.0,3966.0,172,3534164.450000001
2026-07-16 15:02:05.386552620+05:30,446.7000000000001,447.4,438.25,438.9500000000001,9157.0,4248.0,219,4056557.1500000004
2026-07-16 15:10:05.481237334+05:30,438.9,451.4,438.25,451.4,10089.0,6081.0,243,4482536.349999998
2026-07-16 15:18:05.547868467+05:30,451.4500000000001,453.3,444.75,448.35,14531.0,6294.0,300,6531111.25
2026-07-16 15:26:07.467780512+05:30,448.0,456.25,446.4,456.25,18694.0,9969.0,436,8441836.199999997
2026-07-17 09:15:00.000009360+05:30,456.3,459.4,439.05,439.05,31199.0,14770.0,701,14082260.700000003
2026-07-17 09:23:03.410407394+05:30,439.25,457.55,439.05,456.0,21008.0,10282.0,479,9334752.599999996
2026-07-17 09:31:08.430414408+05:30,456.0,459.9500000000001,455.7000000000001,456.55,8708.0,4384.0,199,3988552.0
2026-07-17 09:39:13.550137301+05:30,456.8,459.05,452.75,453.4500000000001,8988.0,4015.0,149,4098522.6499999994
2026-07-17 09:47:26.183866828+05:30,453.55,455.55,452.35,454.25,4904.0,1899.0,118,2226291.55
2026-07-17 09:55:27.225470037+05:30,454.55,462.7000000000001,454.55,461.65,6258.0,4347.0,118,2878428.7500000014
2026-07-17 10:03:39.062688736+05:30,461.7000000000001,464.4500000000001,459.85,459.85,4872.0,2139.0,107,2253461.4500000007
2026-07-17 10:11:40.125396854+05:30,459.75,461.0,458.55,459.25,3854.0,1921.0,88,1771967.1
2026-07-17 10:19:50.240271288+05:30,458.75,464.35,458.75,461.85,4333.0,2311.0,100,1999283.5
2026-07-17 10:27:51.378396408+05:30,461.7000000000001,464.55,461.35,461.35,3590.0,1997.0,79,1661789.6999999995
2026-07-17 10:36:04.174423587+05:30,462.35,462.65,457.85,459.4,4831.0,2206.0,86,2220741.85
2026-07-17 10:44:05.484358833+05:30,459.7000000000001,461.25,455.55,456.75,4383.0,1351.0,80,2013285.6000000003
2026-07-17 10:52:14.199432214+05:30,457.1,458.05,453.9500000000001,455.05,2337.0,1045.0,60,1066035.7000000002
2026-07-17 11:00:19.007883553+05:30,455.15,456.5,452.1,454.9,4267.0,2152.0,64,1939256.0999999996
2026-07-17 11:08:26.433386708+05:30,455.5,456.5,453.8,454.15,2355.0,1187.0,75,1072418.3
2026-07-17 11:16:36.824614782+05:30,453.9500000000001,456.7000000000001,453.7000000000001,455.25,3163.0,1577.0,71,1439791.4500000002
2026-07-17 11:24:45.031343252+05:30,455.05,458.7000000000001,455.05,458.1,2074.0,816.0,55,947918.9500000002
2026-07-17 11:33:31.180920780+05:30,458.0,458.6,454.9500000000001,454.9500000000001,3546.0,1493.0,71,1619898.5999999996
2026-07-17 11:41:40.615491536+05:30,455.05,455.1,452.75,453.85,3141.0,1394.0,62,1425398.6999999997
2026-07-17 11:49:45.992560241+05:30,453.7000000000001,455.1,451.35,451.55,2956.0,1240.0,55,1340212.1000000006
2026-07-17 11:57:49.005134736+05:30,451.8,453.15,449.05,449.55,3358.0,1234.0,53,1513402.8
2026-07-17 12:06:07.371701871+05:30,449.9500000000001,449.9500000000001,445.05,446.0,2245.0,759.0,58,1004576.7999999999
2026-07-17 12:14:22.152014606+05:30,445.6,450.15,443.15,449.6,2634.0,1418.0,68,1175035.8
2026-07-17 12:22:34.537798710+05:30,448.85,451.9500000000001,448.6,450.5,3677.0,1328.0,63,1655838.2
2026-07-17 12:30:36.640789579+05:30,450.6,454.4,450.6,453.0,3653.0,1892.0,68,1654202.1500000001
2026-07-17 12:38:39.262763666+05:30,453.65,457.4500000000001,453.55,457.4500000000001,2278.0,1603.0,52,1036366.9000000001
2026-07-17 12:46:44.729230471+05:30,457.55,460.2000000000001,456.9500000000001,459.6,3077.0,1681.0,59,1412032.2499999998
2026-07-17 12:54:44.917221794+05:30,459.55,460.75,458.05,458.7000000000001,3882.0,1859.0,80,1783285.1
2026-07-17 13:02:46.369420934+05:30,458.7000000000001,461.9,458.35,461.75,2406.0,1657.0,52,1106507.4000000001
2026-07-17 13:10:51.205590205+05:30,462.4,463.5,460.4,461.4,2512.0,795.0,56,1159939.5999999999
2026-07-17 13:18:52.065763454+05:30,461.35,464.75,460.65,464.7000000000001,4837.0,2839.0,77,2239348.1
2026-07-17 13:26:53.153230356+05:30,464.1,465.85,462.05,464.65,3280.0,1799.0,61,1523738.85
2026-07-17 13:35:02.539060691+05:30,464.85,465.3,461.7000000000001,462.0,3527.0,2024.0,63,1633986.8499999999
2026-07-17 13:43:20.527492716+05:30,461.9500000000001,463.7000000000001,461.25,463.05,2591.0,1486.0,67,1197907.0000000002
2026-07-17 13:51:30.362099690+05:30,463.2000000000001,464.25,459.9500000000001,460.55,3849.0,2237.0,72,1776713.7500000002
2026-07-17 13:59:40.350719345+05:30,460.9,461.3,456.9500000000001,458.9500000000001,3304.0,1582.0,72,1516227.0000000002
2026-07-17 14:07:41.203731188+05:30,458.35,460.7000000000001,458.0,458.7000000000001,1932.0,1215.0,53,887263.9000000001
2026-07-17 14:15:48.341128861+05:30,458.65,461.3,458.65,461.0,3759.0,1724.0,82,1730381.2000000004
2026-07-17 14:23:51.376998819+05:30,460.6,462.8,458.65,462.55,3007.0,1607.0,77,1384530.1
2026-07-17 14:31:52.476283289+05:30,462.9,464.5,462.15,463.0,4318.0,2624.0,84,2000331.9000000004
2026-07-17 14:39:53.692086835+05:30,463.2000000000001,465.05,461.0,462.0,4376.0,2072.0,82,2023674.5999999999
2026-07-17 14:47:57.697853258+05:30,462.05,462.05,454.0,454.4500000000001,4434.0,1487.0,107,2031267.3499999994
2026-07-17 14:56:01.603292586+05:30,453.8,454.75,449.1,449.75,4487.0,2033.0,96,2026554.6999999997
2026-07-17 15:04:01.922175682+05:30,449.6,450.4,446.9500000000001,449.2000000000001,5499.0,2391.0,120,2468888.6499999994
2026-07-17 15:12:04.646251586+05:30,449.05,455.9,447.65,455.25,5190.0,2658.0,139,2348543.5499999993
2026-07-17 15:20:05.959851048+05:30,455.3,459.15,451.35,451.4,6905.0,2744.0,169,3136838.0000000014
2026-07-17 15:28:06.335474838+05:30,451.5,452.8,446.8,449.3,14748.0,7514.0,319,6635966.7499999935
2026-07-20 09:15:00.000515369+05:30,449.4,449.9,442.2000000000001,445.5,10773.0,4073.0,250,4795641.750000002
2026-07-20 09:23:00.154412501+05:30,445.4500000000001,448.9500000000001,440.05,442.8,18580.0,8916.0,445,8245990.2
2026-07-20 09:31:00.373189995+05:30,442.75,446.3,440.6,440.75,7602.0,2960.0,151,3363461.600000001
2026-07-20 09:39:04.492784879+05:30,440.6,443.35,438.15,438.75,5702.0,2476.0,129,2514371.300000001
2026-07-20 09:47:06.298198858+05:30,438.8,438.8,434.0,434.3,3664.0,1430.0,94,1597527.7500000007
2026-07-20 09:55:10.693924639+05:30,433.4500000000001,440.3,432.3,439.9,4177.0,1970.0,96,1820760.6999999997
2026-07-20 10:03:13.253693371+05:30,439.75,442.4500000000001,438.25,438.25,4572.0,2172.0,83,2010967.9
2026-07-20 10:11:20.763938182+05:30,437.9,439.05,435.2000000000001,436.55,4067.0,1293.0,86,1777007.45
2026-07-20 10:19:26.105651604+05:30,437.3,441.85,437.3,441.5,2981.0,2019.0,79,1312452.05
2026-07-20 10:27:27.155509340+05:30,442.05,443.2000000000001,439.9,439.9,2764.0,914.0,66,1220989.35
2026-07-20 10:35:28.719569566+05:30,440.1,442.8,438.9,442.1,3109.0,1380.0,72,1371414.2499999998
2026-07-20 10:44:00.054325317+05:30,442.8,444.3,441.75,443.25,2468.0,1166.0,66,1092650.3000000003
2026-07-20 10:52:01.442826200+05:30,442.6,442.6,437.65,438.35,2879.0,1380.0,69,1264380.4500000002
2026-07-20 11:00:05.034192774+05:30,438.4500000000001,440.25,437.5,439.9,3376.0,1941.0,66,1481241.7500000007
2026-07-20 11:08:12.734356849+05:30,439.9,441.2000000000001,438.05,440.3,2880.0,1627.0,67,1266212.8500000006
2026-07-20 11:16:21.539765460+05:30,440.5,440.9,436.35,436.35,2295.0,1137.0,61,1007872.3999999999
2026-07-20 11:24:22.513665434+05:30,436.35,438.1,434.9,437.75,2009.0,1052.0,50,877178.9500000002
2026-07-20 11:32:24.292412017+05:30,437.65,438.4,436.35,437.9,3026.0,1804.0,68,1323096.5000000002
2026-07-20 11:40:25.748958240+05:30,437.9,438.55,435.3,438.05,3494.0,1055.0,54,1526681.0500000003
2026-07-20 11:48:26.261459934+05:30,437.85,440.15,437.4,438.8,2016.0,717.0,59,883827.1999999998
2026-07-20 11:56:30.521691602+05:30,438.85,440.85,438.85,440.85,2125.0,1292.0,45,935061.6
2026-07-20 12:04:35.085824059+05:30,440.65,440.7000000000001,437.65,438.9500000000001,3287.0,1492.0,65,1444534.2500000002
2026-07-20 12:12:40.446551014+05:30,438.85,440.0,437.05,437.55,2804.0,1243.0,65,1230124.6
2026-07-20 12:20:42.691329341+05:30,437.75,439.0,436.15,437.5,3047.0,1642.0,54,1332653.15
2026-07-20 12:28:48.545516885+05:30,437.6,437.6,433.85,434.65,2475.0,1579.0,53,1078129.8
2026-07-20 12:36:53.483558979+05:30,434.4500000000001,438.85,433.9,438.85,2425.0,1766.0,63,1058326.6500000001
2026-07-20 12:44:56.155840109+05:30,438.85,439.6,436.35,436.35,2079.0,767.0,51,911134.4
2026-07-20 12:53:08.013622047+05:30,436.35,437.4,435.0,436.1,1477.0,527.0,41,644437.3499999999
2026-07-20 13:01:15.554671608+05:30,436.0,436.9500000000001,434.4500000000001,436.4,3153.0,1330.0,56,1374881.4500000002
2026-07-20 13:09:32.785035748+05:30,436.9,439.9,434.9,434.9,2190.0,1140.0,64,957403.4499999998
2026-07-20 13:17:36.735966737+05:30,434.75,437.15,433.9500000000001,434.1,2964.0,1032.0,57,1290410.25
2026-07-20 13:25:42.815068147+05:30,434.55,438.15,434.3,437.4500000000001,2265.0,1404.0,52,985971.1499999998
2026-07-20 13:33:54.595545811+05:30,437.1,437.2000000000001,434.6,435.75,2385.0,763.0,49,1039601.0499999999
2026-07-20 13:41:56.000111791+05:30,436.05,437.75,435.0,435.85,3410.0,2219.0,58,1487405.85
2026-07-20 13:50:23.786203384+05:30,435.65,437.8,435.0,436.5,3505.0,1907.0,67,1529149.8000000003
2026-07-20 13:58:44.030259913+05:30,436.65,438.9500000000001,436.65,438.7000000000001,3104.0,1627.0,70,1360039.8000000003
2026-07-20 14:06:48.075119725+05:30,438.55,439.9,434.2000000000001,434.2000000000001,4352.0,2462.0,72,1906265.3
2026-07-20 14:15:01.881281586+05:30,433.9,433.9500000000001,430.25,430.5,3070.0,1314.0,82,1324300.7500000005
2026-07-20 14:23:06.305306827+05:30,430.85,431.55,429.9500000000001,430.0,3287.0,1738.0,65,1415643.0999999999
2026-07-20 14:31:09.838081554+05:30,429.4,430.7000000000001,427.55,429.05,2731.0,1181.0,66,1171734.2500000002
2026-07-20 14:39:09.879497051+05:30,428.9500000000001,430.3,425.7000000000001,428.2000000000001,4552.0,2258.0,83,1950969.15
2026-07-20 14:47:15.424046549+05:30,428.4500000000001,429.9,426.6,429.4,3419.0,1750.0,93,1464474.7
2026-07-20 14:55:28.243026959+05:30,429.5,430.05,424.3,424.85,3474.0,1788.0,82,1482292.1000000003
2026-07-20 15:03:30.912874215+05:30,425.4500000000001,425.9500000000001,422.4500000000001,423.5,4246.0,1769.0,94,1801472.7500000002
2026-07-20 15:11:41.700444827+05:30,423.3,425.05,422.25,423.3,4537.0,2547.0,114,1921219.3500000003
2026-07-20 15:19:42.720395357+05:30,423.3,424.2000000000001,417.4500000000001,417.5,5732.0,2975.0,137,2414517.6499999994
2026-07-20 15:27:44.437306411+05:30,417.9,423.9,416.1,418.4,9063.0,4318.0,233,3801482.05
2026-07-21 09:15:00.000175789+05:30,418.3,422.2000000000001,414.2000000000001,420.1,12222.0,5263.0,242,5105686.900000003
2026-07-21 09:23:03.570919782+05:30,420.4500000000001,422.9500000000001,404.6,405.6,44014.0,20634.0,971,18351790.850000005
2026-07-21 09:31:09.405629214+05:30,405.65,411.05,404.3,407.7000000000001,15811.0,7780.0,352,6451860.950000001
2026-07-21 09:39:13.344333284+05:30,407.9,413.65,407.05,409.25,11247.0,6056.0,260,4614068.399999999
2026-07-21 09:47:18.670109019+05:30,409.9,410.3,404.1,406.65,10084.0,4203.0,203,4099017.9000000004
2026-07-21 09:55:28.997415922+05:30,406.7000000000001,408.2000000000001,404.9,407.9500000000001,8458.0,3791.0,199,3436967.550000001
2026-07-21 10:03:29.152826842+05:30,407.8,411.0,406.7000000000001,408.0,7728.0,4300.0,184,3157609.15
2026-07-21 10:11:33.198857547+05:30,407.6,408.1,403.3,404.7000000000001,7078.0,3098.0,163,2868663.7999999993
2026-07-21 10:19:36.242469409+05:30,404.6,407.0,401.3,406.3,8253.0,3889.0,164,3335334.099999999
2026-07-21 10:27:40.105696212+05:30,406.5,407.85,404.4500000000001,407.65,5618.0,2588.0,143,2283557.2500000014
2026-07-21 10:35:45.974163628+05:30,407.7000000000001,408.35,403.4,403.85,6180.0,2992.0,138,2506767.9499999993
2026-07-21 10:43:48.510223128+05:30,403.65,405.05,399.85,400.6,5462.0,2549.0,124,2199833.450000001
2026-07-21 10:51:48.780914044+05:30,400.9500000000001,402.15,394.3,394.6,5726.0,2780.0,125,2284376.200000001
2026-07-21 11:00:00.426790927+05:30,394.1,399.9,393.5,399.05,6227.0,3480.0,144,2477243.349999999
2026-07-21 11:08:01.381167422+05:30,399.35,400.9500000000001,397.55,398.6,5962.0,2633.0,112,2376832.4500000007
2026-07-21 11:16:01.899738247+05:30,398.35,401.6,395.3,401.25,5533.0,2702.0,118,2204136.75
2026-07-21 11:24:04.029026651+05:30,400.9500000000001,405.9,400.6,403.05,5052.0,2980.0,118,2035840.8500000003
2026-07-21 11:32:05.463806092+05:30,402.9,407.65,401.8,407.0,6002.0,2635.0,139,2425594.8499999987
2026-07-21 11:40:05.867316281+05:30,406.9,407.7000000000001,405.8,406.0,5179.0,1969.0,113,2105929.049999999
2026-07-21 11:48:07.328747860+05:30,405.7000000000001,406.15,402.4500000000001,402.55,4486.0,1965.0,113,1814848.6499999994
2026-07-21 11:56:09.330122956+05:30,402.4,403.2000000000001,400.35,401.6,5100.0,2378.0,109,2050549.949999999
2026-07-21 12:04:20.054295927+05:30,402.0,405.3,400.9500000000001,405.3,4589.0,2402.0,112,1846399.0500000007
2026-07-21 12:12:37.751505583+05:30,405.8,407.1,403.75,405.4500000000001,6797.0,3999.0,130,2754166.8000000003
2026-07-21 12:20:44.927877573+05:30,405.25,406.9,403.0,404.0,5752.0,3203.0,114,2325754.750000001
2026-07-21 12:28:57.182566907+05:30,404.15,404.15,400.85,401.85,4998.0,2006.0,122,2011479.2999999996
2026-07-21 12:37:07.871740509+05:30,402.0,402.8,400.0,401.4500000000001,4300.0,1883.0,121,1727258.9000000004
2026-07-21 12:45:11.616878359+05:30,401.5,406.25,401.05,406.25,5563.0,3045.0,132,2241722.750000001
2026-07-21 12:53:14.215783838+05:30,406.1,410.75,405.85,409.5,4233.0,2588.0,99,1729988.55
2026-07-21 13:01:16.702642174+05:30,409.4,411.7000000000001,406.7000000000001,411.15,4620.0,2581.0,125,1889976.9999999993
2026-07-21 13:09:19.932017380+05:30,410.9500000000001,415.15,410.05,414.4,4629.0,2373.0,121,1913565.6999999997
2026-07-21 13:17:23.679492558+05:30,414.25,422.4,414.2000000000001,421.3,6066.0,3745.0,121,2536184.149999999
2026-07-21 13:25:26.356437729+05:30,421.35,422.65,418.35,422.2000000000001,4050.0,2240.0,105,1702488.5500000003
2026-07-21 13:33:30.872793229+05:30,422.55,426.7000000000001,422.2000000000001,424.75,5238.0,2606.0,134,2224954.7999999993
2026-07-21 13:41:31.706904300+05:30,424.6,427.75,424.6,426.5,5077.0,2904.0,129,2165661.0000000005
2026-07-21 13:49:31.783793012+05:30,426.3,426.9,421.85,424.7000000000001,7548.0,3837.0,139,3202021.000000001
2026-07-21 13:57:35.339673639+05:30,424.7000000000001,425.85,421.5,425.4,6396.0,3632.0,141,2709355.3499999996
2026-07-21 14:05:37.241846750+05:30,425.4500000000001,426.7000000000001,421.35,423.9,7081.0,3192.0,151,2999475.85
2026-07-21 14:13:40.713861465+05:30,424.15,433.7000000000001,423.9,432.9500000000001,5534.0,2715.0,134,2375371.9000000004
2026-07-21 14:21:40.866719767+05:30,433.0,433.0,427.0,427.0,5924.0,1956.0,146,2547205.900000001
2026-07-21 14:29:42.478768642+05:30,427.35,427.5,420.6,423.85,6073.0,3336.0,156,2575311.1500000004
2026-07-21 14:37:44.679986736+05:30,423.85,425.8,422.3,425.5,7618.0,3627.0,151,3227944.599999999
2026-07-21 14:45:47.184856934+05:30,425.3,433.55,424.6,430.9,7546.0,4693.0,169,3243724.900000001
2026-07-21 14:53:47.215758669+05:30,430.9500000000001,434.5,429.9500000000001,431.5,9644.0,4993.0,200,4167733.6499999994
2026-07-21 15:01:48.013329662+05:30,431.55,439.15,430.9,437.5,7627.0,4204.0,175,3317349.9999999995
2026-07-21 15:09:51.074483896+05:30,437.5,441.35,435.55,438.65,11542.0,6642.0,258,5059400.1000000015
2026-07-21 15:17:52.006771019+05:30,438.4,445.4,437.7000000000001,441.35,14032.0,6530.0,301,6208014.05
2026-07-21 15:25:52.626648335+05:30,441.4500000000001,441.55,434.4500000000001,435.05,21215.0,10021.0,450,9279453.900000002
2026-07-22 09:15:00.000003248+05:30,434.9500000000001,446.15,433.1,443.65,30602.0,15851.0,682,13426096.45
2026-07-22 09:23:00.267105910+05:30,443.7000000000001,446.2000000000001,432.65,433.85,33004.0,13972.0,731,14531420.149999987
2026-07-22 09:31:03.989965746+05:30,434.15,441.8,431.9,441.25,12570.0,5748.0,250,5485623.300000001
2026-07-22 09:39:06.329693586+05:30,441.4500000000001,447.85,440.15,446.0,7953.0,4282.0,193,3533289.3000000017
2026-07-22 09:47:09.560327157+05:30,445.75,451.75,445.65,450.15,8706.0,4683.0,159,3908992.400000001
2026-07-22 09:55:12.814378202+05:30,450.6,452.15,448.0,448.4500000000001,8082.0,3823.0,170,3636032.2999999993
2026-07-22 10:03:14.199866184+05:30,448.8,455.55,448.8,451.75,6439.0,3452.0,142,2907670.7499999995
2026-07-22 10:11:18.546417206+05:30,451.5,454.7000000000001,449.4,454.7000000000001,5532.0,2540.0,107,2499115.2500000005
2026-07-22 10:19:21.956371072+05:30,454.85,455.65,452.4,455.65,3413.0,1953.0,98,1550272.1
2026-07-22 10:27:27.539111849+05:30,456.25,461.35,456.25,461.35,4330.0,2581.0,89,1983311.9500000002
2026-07-22 10:35:42.688273812+05:30,461.85,467.1,461.85,467.1,3739.0,2066.0,99,1737838.75
2026-07-22 10:43:45.145577482+05:30,466.8,468.75,466.25,466.75,4886.0,1887.0,95,2282965.5500000007
2026-07-22 10:51:57.929758769+05:30,466.9500000000001,472.75,466.75,471.9,3528.0,1772.0,93,1654566.2000000002
2026-07-22 11:00:05.154945637+05:30,471.85,472.35,467.8,469.3,3999.0,2037.0,87,1879804.2000000002
2026-07-22 11:08:27.676776436+05:30,469.5,471.15,464.0,464.25,4493.0,2148.0,105,2101971.45
2026-07-22 11:16:31.144356074+05:30,464.15,465.4,462.4500000000001,464.0,4287.0,2166.0,82,1989308.3000000003
2026-07-22 11:24:46.620051747+05:30,463.9500000000001,465.35,462.15,462.8,4446.0,2223.0,105,2061759.7499999993
2026-07-22 11:32:54.184249060+05:30,462.7000000000001,468.2000000000001,462.7000000000001,466.35,3541.0,1953.0,90,1648673.5499999998
2026-07-22 11:40:58.798317903+05:30,466.55,467.9,464.4,465.05,3149.0,1679.0,78,1467753.4500000004
2026-07-22 11:48:59.333331679+05:30,465.25,466.4,464.2000000000001,464.8,2404.0,1354.0,76,1118115.4
2026-07-22 11:57:00.718092119+05:30,464.5,467.4500000000001,463.9500000000001,465.85,5829.0,2539.0,85,2712967.549999999
2026-07-22 12:05:01.154106597+05:30,465.4,468.25,463.7000000000001,467.75,3124.0,1379.0,89,1454233.05
2026-07-22 12:13:04.046188139+05:30,467.8,468.5,463.4,464.65,3773.0,1418.0,88,1757519.7000000002
2026-07-22 12:21:14.166009930+05:30,464.55,468.2000000000001,463.05,463.85,4544.0,2275.0,86,2116836.6000000006
2026-07-22 12:29:25.018586138+05:30,463.35,465.35,460.25,461.35,3784.0,1781.0,92,1751263.5499999996
2026-07-22 12:37:29.158292996+05:30,461.3,461.9500000000001,457.7000000000001,458.9500000000001,3673.0,1764.0,85,1689107.4999999998
2026-07-22 12:45:32.277200115+05:30,459.35,463.5,459.35,461.4500000000001,2714.0,1186.0,79,1250888.8
2026-07-22 12:53:35.248815065+05:30,461.25,462.2000000000001,457.4500000000001,459.35,3485.0,1898.0,83,1603103.1500000001
2026-07-22 13:01:41.836832684+05:30,459.25,461.3,455.4500000000001,458.3,4786.0,1990.0,87,2194150.05
2026-07-22 13:09:48.826934314+05:30,458.4500000000001,460.3,457.2000000000001,459.35,4414.0,2851.0,90,2023699.6
2026-07-22 13:17:49.291703801+05:30,459.15,462.9,457.9,458.5,3949.0,1806.0,83,1818192.9999999993
2026-07-22 13:25:50.852462729+05:30,458.3,458.3,452.4500000000001,453.15,4635.0,2297.0,102,2108431.400000001
2026-07-22 13:33:52.760605666+05:30,453.8,453.8,446.75,447.4,4404.0,1775.0,101,1982240.6500000008
2026-07-22 13:42:04.707968043+05:30,447.65,448.3,444.75,445.2000000000001,3619.0,2242.0,86,1617680.5000000002
2026-07-22 13:50:10.930060449+05:30,445.4,446.6,443.0,444.8,4614.0,3177.0,111,2053595.0000000005
2026-07-22 13:58:11.800293334+05:30,444.85,449.15,444.35,444.35,4463.0,2255.0,93,1995806.3000000003
2026-07-22 14:06:13.996475771+05:30,444.8,449.15,444.65,448.8,3615.0,1624.0,98,1615895.1499999997
2026-07-22 14:14:16.724816903+05:30,448.55,450.1,445.6,446.7000000000001,4381.0,1638.0,103,1964755.4000000001
2026-07-22 14:22:20.241112455+05:30,446.4,447.35,443.7000000000001,446.8,4849.0,2745.0,121,2161123.4499999993
2026-07-22 14:30:26.372982131+05:30,446.8,447.15,443.1,443.6,6402.0,3009.0,121,2848474.1
2026-07-22 14:38:31.378956448+05:30,443.1,444.85,439.4,444.85,6990.0,2903.0,139,3092634.1499999994
2026-07-22 14:46:33.085121405+05:30,444.7000000000001,447.3,442.15,443.75,4828.0,1822.0,110,2146615.5000000005
2026-07-22 14:54:39.971207704+05:30,444.25,446.5,439.6,439.7000000000001,5555.0,2401.0,144,2461108.5000000005
2026-07-22 15:02:40.764134008+05:30,439.15,444.0,437.9,443.65,6711.0,3126.0,155,2956986.0
2026-07-22 15:10:42.772308626+05:30,443.55,443.55,434.4,434.75,8219.0,3681.0,178,3613046.6000000006
2026-07-22 15:18:43.118542912+05:30,434.7000000000001,443.2000000000001,432.4,442.6,8717.0,4459.0,238,3828207.150000001
2026-07-22 15:26:43.280145823+05:30,442.4500000000001,444.55,437.3,442.5,18854.0,10139.0,352,8328374.100000006
2026-07-23 09:15:00.000005696+05:30,442.05,443.05,434.9500000000001,437.75,19245.0,9287.0,488,8449074.649999999
2026-07-23 09:23:01.929956336+05:30,437.8,451.05,437.75,445.25,37882.0,20047.0,773,16872150.9
2026-07-23 09:31:03.266482114+05:30,445.1,447.9,442.65,444.85,11463.0,5042.0,297,5103821.250000002
2026-07-23 09:39:04.352316324+05:30,444.85,446.6,442.0,445.25,11382.0,4842.0,206,5059779.7
2026-07-23 09:47:09.838830353+05:30,445.4,451.25,443.9500000000001,449.55,7626.0,4377.0,177,3407060.75
2026-07-23 09:55:11.587681327+05:30,449.35,451.35,446.65,447.65,5906.0,2990.0,149,2653304.999999999
2026-07-23 10:03:15.872611139+05:30,448.0,450.05,445.6,449.15,7732.0,3486.0,148,3461594.1999999997
2026-07-23 10:11:18.343693182+05:30,448.4,451.05,447.9,448.65,5421.0,2488.0,136,2436148.9
2026-07-23 10:19:36.437869186+05:30,448.4,448.55,444.4500000000001,446.1,4005.0,2173.0,97,1787419.4
2026-07-23 10:28:04.011607651+05:30,446.25,446.9,443.05,444.3,4375.0,2164.0,127,1948742.7000000004
2026-07-23 10:36:09.482857600+05:30,444.6,445.4,441.0,441.75,4625.0,2120.0,112,2049758.4000000001
2026-07-23 10:44:14.353534302+05:30,442.05,442.8,440.2000000000001,440.7000000000001,5377.0,2931.0,125,2373913.5
2026-07-23 10:52:18.687111730+05:30,440.85,442.2000000000001,437.4,440.9,5147.0,2536.0,107,2264099.45
2026-07-23 11:00:22.975556559+05:30,441.4,446.4,441.4,443.2000000000001,4596.0,1805.0,104,2043359.3500000003
2026-07-23 11:08:32.473750607+05:30,443.0,443.3,438.9500000000001,439.25,4597.0,2381.0,108,2025168.1500000001
2026-07-23 11:16:36.010355012+05:30,439.9,444.25,438.7000000000001,442.6,4347.0,1954.0,102,1920727.4499999993
2026-07-23 11:24:42.710001030+05:30,442.4500000000001,445.75,442.0,444.65,3924.0,1975.0,97,1740912.05
2026-07-23 11:32:43.801077408+05:30,444.4,444.6,439.4,439.4500000000001,4518.0,1740.0,88,1996310.3500000008
2026-07-23 11:40:46.276340978+05:30,439.1,440.1,435.65,439.4500000000001,3002.0,1533.0,82,1315467.4499999997
2026-07-23 11:48:46.778165684+05:30,439.05,443.9,438.0,443.1,4443.0,2382.0,95,1958744.5499999989
2026-07-23 11:56:56.505330300+05:30,442.9,444.1,438.6,439.85,4836.0,2648.0,109,2136050.0499999993
2026-07-23 12:04:58.147397134+05:30,440.0,448.35,440.0,447.85,4892.0,2690.0,99,2173435.3999999985
2026-07-23 12:13:12.697421960+05:30,447.9500000000001,451.35,447.25,449.8,4110.0,1861.0,92,1844601.1499999997
2026-07-23 12:21:23.821592992+05:30,450.0,451.8,447.5,449.9,3735.0,1587.0,87,1680066.5000000002
2026-07-23 12:29:43.335446374+05:30,450.05,452.5,448.0,448.0,3237.0,1419.0,79,1458486.6
2026-07-23 12:37:48.479399461+05:30,447.6,449.85,446.15,447.3,4101.0,2261.0,96,1836988.7499999998
2026-07-23 12:45:54.599718895+05:30,447.1,449.4500000000001,444.7000000000001,446.4,4474.0,2374.0,105,1999629.2000000004
2026-07-23 12:53:54.972986304+05:30,446.35,446.35,437.2000000000001,438.9500000000001,3890.0,1880.0,92,1713703.1499999994
2026-07-23 13:02:07.445086473+05:30,438.9,440.35,437.9500000000001,439.3,4816.0,2453.0,91,2115165.5000000005
2026-07-23 13:10:09.710594208+05:30,439.75,439.8,436.9,439.25,3221.0,1779.0,92,1412444.4499999997
2026-07-23 13:18:14.625654594+05:30,439.05,441.5,437.25,438.9,4004.0,1792.0,97,1758868.3500000006
2026-07-23 13:26:17.565318616+05:30,438.25,438.55,434.15,434.15,3383.0,1358.0,85,1478500.5499999998
2026-07-23 13:34:24.871392717+05:30,434.15,436.1,434.15,435.1,4344.0,2668.0,86,1890658.9500000007
2026-07-23 13:42:27.616840229+05:30,435.9,439.3,435.2000000000001,437.85,5687.0,3158.0,101,2486868.100000001
2026-07-23 13:50:32.694585460+05:30,437.8,438.05,432.1,432.5,3720.0,1700.0,92,1613460.000000001
2026-07-23 13:58:34.032331773+05:30,432.55,433.6,428.1,428.5,3563.0,1606.0,94,1535521.0999999999
2026-07-23 14:06:34.639974006+05:30,428.65,429.55,424.85,426.6,4861.0,2807.0,121,2075389.8500000003
2026-07-23 14:14:37.710265873+05:30,426.75,429.2000000000001,422.9500000000001,425.75,5309.0,2230.0,107,2266742.6
2026-07-23 14:22:46.399698044+05:30,425.75,431.5,425.75,431.5,3677.0,1825.0,111,1578854.2000000004
2026-07-23 14:30:48.699037375+05:30,431.75,432.65,421.05,421.1,6896.0,2338.0,141,2946573.45
2026-07-23 14:38:54.573282202+05:30,421.15,423.4500000000001,417.4500000000001,418.9,6520.0,3501.0,142,2739991.1500000004
2026-07-23 14:46:59.739293037+05:30,419.0,419.9,413.55,413.9,6305.0,3094.0,135,2635674.8499999996
2026-07-23 14:55:03.602317967+05:30,414.1,416.65,409.4500000000001,409.4500000000001,7219.0,3568.0,159,2986061.5000000005
2026-07-23 15:03:04.024591262+05:30,409.25,413.65,408.4,413.25,5953.0,3443.0,163,2447324.5499999993
2026-07-23 15:11:08.718334179+05:30,413.25,415.25,409.65,415.05,9105.0,5212.0,198,3753937.8
2026-07-23 15:19:09.800742996+05:30,415.1,416.5,404.1,405.3,12266.0,5163.0,262,5042027.650000002
2026-07-23 15:27:10.321374158+05:30,405.8,416.4,404.1,410.9500000000001,20068.0,11675.0,407,8257846.800000001
2026-07-24 09:15:00.000008424+05:30,411.2000000000001,414.7000000000001,408.35,414.7000000000001,21815.0,9601.0,455,8988580.499999989
2026-07-24 09:23:00.220109756+05:30,414.85,432.7000000000001,413.4500000000001,432.4500000000001,35165.0,17961.0,835,14864426.649999995
2026-07-24 09:31:01.057809534+05:30,432.35,435.9500000000001,428.8,429.15,13781.0,7590.0,291,5972507.0
2026-07-24 09:39:06.176349040+05:30,428.7000000000001,430.5,423.75,423.75,10077.0,5503.0,228,4309008.000000002
2026-07-24 09:47:07.677067042+05:30,423.75,426.25,421.8,425.7000000000001,8625.0,3902.0,175,3660392.3
2026-07-24 09:55:10.550318662+05:30,426.0,427.4500000000001,423.55,424.9500000000001,6206.0,2813.0,161,2640084.0000000005
2026-07-24 10:03:14.464476536+05:30,424.6,426.55,423.2000000000001,424.3,7200.0,2979.0,137,3057997.7500000005
2026-07-24 10:11:19.497861719+05:30,423.9,426.85,421.1,422.15,7267.0,3338.0,159,3079773.8500000015
2026-07-24 10:19:19.903622271+05:30,422.65,426.15,422.4500000000001,423.4500000000001,6285.0,3151.0,137,2667190.9499999993
2026-07-24 10:27:19.999803724+05:30,423.75,423.75,419.5,420.75,4851.0,1919.0,125,2045175.4499999997
2026-07-24 10:35:24.063968621+05:30,420.2000000000001,420.65,417.4,418.55,5551.0,2192.0,113,2326654.7499999995
2026-07-24 10:43:26.188507527+05:30,418.7000000000001,419.5,414.4,415.4,5849.0,2441.0,134,2437405.3500000006
2026-07-24 10:51:35.996113826+05:30,415.05,417.7000000000001,413.0,417.4,5186.0,1962.0,114,2150848.8000000007
2026-07-24 10:59:40.567549440+05:30,417.15,421.8,416.35,421.55,4136.0,2260.0,100,1732521.9000000006
2026-07-24 11:07:42.425959481+05:30,421.4500000000001,421.4500000000001,417.1,417.25,3706.0,1771.0,94,1552224.9000000004
2026-07-24 11:15:44.612382040+05:30,417.25,423.2000000000001,416.4500000000001,422.65,5116.0,3721.0,131,2146504.5500000003
2026-07-24 11:23:52.743966467+05:30,422.75,425.1,421.15,422.0,4251.0,1746.0,98,1799774.5499999998
2026-07-24 11:31:52.935342590+05:30,421.85,425.5,420.0,425.5,4228.0,2133.0,112,1785796.6
2026-07-24 11:39:53.368522661+05:30,425.7000000000001,426.1,420.55,421.65,4264.0,2304.0,104,1808272.5000000005
2026-07-24 11:48:01.168710461+05:30,421.4,422.8,418.65,420.9500000000001,4936.0,2746.0,109,2077661.7500000007
2026-07-24 11:56:13.005032683+05:30,421.2000000000001,424.65,420.25,422.0,5859.0,2635.0,97,2470634.949999999
2026-07-24 12:04:22.246527210+05:30,421.85,423.25,420.25,422.25,3237.0,1504.0,89,1364366.8000000003
2026-07-24 12:12:24.489823124+05:30,422.2000000000001,422.3,418.0,418.15,6525.0,1973.0,98,2739956.6
2026-07-24 12:20:27.632176622+05:30,418.0,420.15,416.8,418.8,4905.0,1892.0,89,2055306.0000000005
2026-07-24 12:28:27.843972388+05:30,418.9,419.55,415.0,415.9,6165.0,3251.0,100,2575083.3499999996
2026-07-24 12:36:29.381953462+05:30,415.6,416.4500000000001,409.15,409.5,3515.0,1119.0,97,1453987.5500000003
2026-07-24 12:44:36.845593838+05:30,409.25,412.4500000000001,408.9500000000001,412.4500000000001,4373.0,1998.0,97,1794835.9000000004
2026-07-24 12:52:39.627615348+05:30,412.25,412.55,410.1,410.3,3090.0,1353.0,91,1270999.2000000004
2026-07-24 13:00:59.188496050+05:30,410.3,412.35,409.15,411.15,4223.0,2307.0,99,1734141.15
2026-07-24 13:09:00.696607939+05:30,411.0,411.0,406.35,407.0,4516.0,2014.0,91,1842383.7000000004
2026-07-24 13:17:01.467217778+05:30,407.1,407.4500000000001,404.9,407.15,6404.0,4015.0,97,2602348.4999999995
2026-07-24 13:25:05.924339642+05:30,407.25,409.35,406.7000000000001,408.1,4887.0,2301.0,118,1994551.0000000007
2026-07-24 13:33:08.300410312+05:30,407.3,408.05,399.8,401.85,5385.0,2560.0,112,2177147.4999999995
2026-07-24 13:41:09.196603765+05:30,402.4,402.4,397.85,398.15,4174.0,1799.0,81,1670051.15
2026-07-24 13:49:14.233913137+05:30,398.6,406.05,397.35,405.9,4885.0,2755.0,108,1960916.7499999993
2026-07-24 13:57:17.338163819+05:30,406.1,408.35,403.05,404.75,4271.0,2364.0,120,1731315.9500000004
2026-07-24 14:05:18.714323549+05:30,405.0,408.4500000000001,404.4,408.05,3618.0,2073.0,89,1470455.5500000005
2026-07-24 14:13:19.570887198+05:30,408.15,410.9,408.05,408.9,5759.0,3247.0,114,2357728.1499999994
2026-07-24 14:21:29.512853978+05:30,409.35,410.05,405.9500000000001,408.4500000000001,5404.0,2718.0,134,2204919.950000001
2026-07-24 14:29:34.566738338+05:30,408.25,409.85,406.9500000000001,408.35,4541.0,2310.0,124,1854030.85
2026-07-24 14:37:34.805552134+05:30,408.4500000000001,415.2000000000001,408.35,414.5,7106.0,3648.0,160,2919626.7
2026-07-24 14:45:37.681741305+05:30,414.35,415.6,409.85,410.65,6987.0,2678.0,141,2879050.25
2026-07-24 14:53:42.828419854+05:30,410.6,411.7000000000001,407.4,410.15,10317.0,4411.0,173,4224864.800000001
2026-07-24 15:01:46.131386904+05:30,410.35,410.35,403.05,406.7000000000001,9815.0,6336.0,188,3985726.5499999984
2026-07-24 15:09:46.413244740+05:30,406.7000000000001,407.25,401.4,403.9,9906.0,4390.0,219,3999827.8999999985
2026-07-24 15:17:47.936186164+05:30,403.9,408.85,401.65,404.65,11450.0,6661.0,264,4644904.750000003
2026-07-24 15:25:49.054152964+05:30,404.05,407.15,402.75,403.65,18992.0,9184.0,373,7683527.949999999
2026-07-27 09:15:00.000422494+05:30,403.25,403.9500000000001,395.3,395.3,26075.0,11395.0,609,10454204.249999993
2026-07-27 09:23:01.441710024+05:30,395.3,397.5,387.55,389.2000000000001,40438.0,21773.0,904,15901625.450000005
2026-07-27 09:31:02.176019604+05:30,388.75,396.6,386.25,393.55,17311.0,9869.0,350,6764534.499999995
2026-07-27 09:39:03.189151101+05:30,393.7000000000001,396.4,392.5,396.3,11462.0,6428.0,212,4524212.0
2026-07-27 09:47:03.210428623+05:30,396.2000000000001,397.1,391.85,392.3,7402.0,3856.0,180,2920679.2000000007
2026-07-27 09:55:04.666569509+05:30,392.3,395.75,390.05,395.2000000000001,7178.0,3605.0,191,2820708.2499999986
2026-07-27 10:03:12.520513432+05:30,395.2000000000001,397.6,391.65,396.8,7368.0,3293.0,158,2905006.9500000016
2026-07-27 10:11:13.869446020+05:30,397.1,397.25,392.8,394.5,7451.0,3645.0,149,2941314.0499999984
2026-07-27 10:19:15.179590662+05:30,394.35,395.0,390.0,395.0,8214.0,4665.0,142,3224427.0500000003
2026-07-27 10:27:16.568480139+05:30,395.05,398.4,394.4500000000001,396.5,7062.0,3042.0,150,2799476.5000000005
2026-07-27 10:35:20.975495530+05:30,396.6,399.25,394.8,398.05,5822.0,3597.0,134,2310644.7999999993
2026-07-27 10:43:21.452508938+05:30,397.8,400.75,397.8,398.15,5131.0,2311.0,120,2048466.5000000007
2026-07-27 10:51:24.027917906+05:30,398.2000000000001,402.4,396.2000000000001,400.65,4324.0,2481.0,121,1724130.5
2026-07-27 10:59:30.683541254+05:30,400.8,404.4,400.8,404.1,4648.0,2201.0,108,1871386.4
2026-07-27 11:07:31.047305333+05:30,404.0,404.85,402.4500000000001,403.2000000000001,4795.0,2403.0,106,1936460.1999999997
2026-07-27 11:15:39.577174929+05:30,403.5,406.65,403.05,406.55,4512.0,2382.0,97,1826729.7499999998
2026-07-27 11:23:42.547622170+05:30,406.8,406.8,403.35,405.9,7225.0,4259.0,118,2928037.1999999997
2026-07-27 11:31:44.238208151+05:30,405.8,406.8,403.55,404.85,4454.0,2775.0,83,1805488.1500000004
2026-07-27 11:39:45.521084851+05:30,405.05,408.3,404.6,406.75,4934.0,2783.0,104,2006509.4500000007
2026-07-27 11:47:45.995068596+05:30,406.3,408.2000000000001,406.2000000000001,407.85,3842.0,2262.0,94,1563445.3
2026-07-27 11:55:47.733256699+05:30,407.85,414.3,406.65,413.7000000000001,3705.0,1992.0,99,1517329.7499999998
2026-07-27 12:03:47.747561713+05:30,413.9500000000001,414.65,410.3,410.4,5292.0,2506.0,105,2183291.750000001
2026-07-27 12:11:49.376413145+05:30,409.9,417.8,409.1,417.8,5505.0,3274.0,104,2271548.7000000007
2026-07-27 12:20:00.116323842+05:30,417.5,418.85,415.9500000000001,416.35,3398.0,1458.0,95,1417575.8499999996
2026-07-27 12:28:04.447433950+05:30,416.15,422.1,415.35,417.4500000000001,7056.0,3142.0,121,2948376.199999999
2026-07-27 12:36:11.352725361+05:30,417.25,419.8,416.4,416.4,4080.0,2348.0,101,1707209.0500000007
2026-07-27 12:44:15.831120626+05:30,416.55,417.4,412.4,414.3,5661.0,1692.0,112,2348961.15
2026-07-27 12:52:20.467167120+05:30,413.9,418.15,413.9,416.35,6165.0,2793.0,123,2568959.8499999996
2026-07-27 13:00:30.858297261+05:30,416.35,420.9,416.35,419.0,3606.0,1748.0,83,1514430.5500000003
2026-07-27 13:08:33.813859542+05:30,419.35,419.65,416.35,418.4,3580.0,1607.0,90,1497570.2000000004
2026-07-27 13:16:38.233564100+05:30,418.3,423.9500000000001,417.9500000000001,423.05,4542.0,2737.0,90,1910789.55
2026-07-27 13:24:40.495172316+05:30,422.7000000000001,424.35,417.3,418.2000000000001,3016.0,1168.0,89,1268834.0500000005
2026-07-27 13:32:40.648607825+05:30,418.2000000000001,420.8,416.6,419.25,5112.0,2479.0,100,2139201.6
2026-07-27 13:40:43.970373025+05:30,419.05,422.9500000000001,418.4500000000001,421.85,6295.0,3425.0,119,2649184.8
2026-07-27 13:48:44.904497862+05:30,422.0,422.6,417.2000000000001,419.4,4021.0,1864.0,103,1686493.8999999994
2026-07-27 13:56:52.732209498+05:30,419.35,422.9500000000001,418.3,422.8,5380.0,2910.0,109,2263253.5500000003
2026-07-27 14:04:53.946825526+05:30,422.5,427.4,422.5,426.3,4723.0,2591.0,117,2007350.2499999998
2026-07-27 14:12:57.519191725+05:30,425.6,432.15,424.9500000000001,432.15,6495.0,3382.0,142,2778923.0999999996
2026-07-27 14:21:02.963746058+05:30,431.9500000000001,433.4500000000001,427.35,429.8,5044.0,2042.0,134,2175457.1500000004
2026-07-27 14:29:11.117842095+05:30,429.55,433.3,428.85,431.1,5647.0,2529.0,114,2433281.1999999997
2026-07-27 14:37:14.121012009+05:30,431.15,434.55,429.7000000000001,430.9,5294.0,2306.0,147,2289021.45
2026-07-27 14:45:15.475858160+05:30,430.75,432.35,427.3,429.4500000000001,7110.0,3541.0,151,3060036.0500000003
2026-07-27 14:53:16.273643100+05:30,429.5,429.75,422.15,427.2000000000001,9056.0,4026.0,175,3855171.9999999995
2026-07-27 15:01:16.555161951+05:30,426.9500000000001,436.65,426.9500000000001,436.0,9936.0,4809.0,198,4283255.499999997
2026-07-27 15:09:20.586673280+05:30,436.3,441.15,434.1,438.4500000000001,8492.0,4637.0,196,3722120.950000001
2026-07-27 15:17:21.868671361+05:30,438.6,441.75,435.2000000000001,436.2000000000001,11969.0,6722.0,270,5241797.150000001
2026-07-27 15:25:22.825761764+05:30,435.9,436.5,416.4,416.65,14460.0,6170.0,362,6151151.099999999
2026-07-28 09:15:00.001142319+05:30,416.6,430.9,415.85,429.0,30543.0,16052.0,653,12888302.499999998
2026-07-28 09:23:01.026868784+05:30,429.4500000000001,430.7000000000001,419.55,426.1,18271.0,9531.0,435,7775187.650000002
2026-07-28 09:31:04.244545238+05:30,425.55,431.25,425.0,429.4,9287.0,4086.0,184,3977548.9499999997
2026-07-28 09:39:05.498783908+05:30,428.9500000000001,431.85,428.6,431.55,8608.0,5194.0,139,3705180.949999999
2026-07-28 09:47:06.733429754+05:30,431.3,433.3,428.15,431.05,5663.0,3280.0,113,2438230.2499999986
2026-07-28 09:55:11.863393967+05:30,431.1,433.1,429.8,432.0,5021.0,3003.0,96,2166844.1499999994
2026-07-28 10:03:14.701136398+05:30,431.0,431.25,428.05,429.7000000000001,2998.0,1305.0,86,1288052.4499999995
2026-07-28 10:11:15.000761141+05:30,429.9,429.9500000000001,425.9,425.9,3396.0,1405.0,86,1452673.6499999997
2026-07-28 10:19:17.341201974+05:30,425.85,426.0,422.25,422.75,3345.0,1304.0,76,1419005.6499999997
2026-07-28 10:27:17.733939659+05:30,423.05,424.55,422.15,423.3,4603.0,2543.0,93,1949552.7
2026-07-28 10:35:31.064396802+05:30,423.25,423.25,421.2000000000001,422.4,3331.0,1222.0,65,1406358.5500000005
2026-07-28 10:43:58.724699948+05:30,422.3,425.75,422.3,425.75,4480.0,1250.0,62,1901129.1499999997
2026-07-28 10:52:00.102409290+05:30,425.55,425.65,423.9500000000001,424.85,2746.0,1291.0,51,1166995.9000000001
2026-07-28 11:00:02.032550296+05:30,425.4500000000001,428.35,424.85,426.8,1816.0,850.0,56,774720.4499999997
2026-07-28 11:08:06.425998628+05:30,427.0,431.35,426.85,430.6,1633.0,982.0,54,701904.6499999998
2026-07-28 11:16:07.177978578+05:30,430.25,431.7000000000001,426.8,428.3,3485.0,1596.0,85,1494969.75
2026-07-28 11:24:16.372799784+05:30,428.35,431.1,427.5,429.9500000000001,2110.0,1015.0,54,906415.9500000001
2026-07-28 11:32:16.381127366+05:30,430.15,431.7000000000001,428.65,430.9,2760.0,1592.0,58,1186949.35
2026-07-28 11:40:28.435148169+05:30,430.85,432.65,430.0,432.4500000000001,2341.0,1302.0,55,1009486.3499999997
2026-07-28 11:48:31.228632474+05:30,432.7000000000001,432.9,430.0,430.0,1341.0,530.0,53,579214.7499999999
2026-07-28 11:56:34.149976732+05:30,430.35,430.35,426.1,427.35,2635.0,753.0,61,1125712.9
2026-07-28 12:04:38.935427359+05:30,427.0,429.35,426.2000000000001,428.6,2784.0,1937.0,61,1189625.6500000004
2026-07-28 12:12:45.451646834+05:30,428.05,428.3,425.5,427.7000000000001,2033.0,1078.0,51,868109.1500000003
2026-07-28 12:20:51.654700738+05:30,427.9,430.35,427.2000000000001,427.4500000000001,3513.0,1631.0,79,1505257.1499999997
2026-07-28 12:28:56.187848406+05:30,428.1,428.35,425.15,425.15,2553.0,918.0,62,1089992.5999999996
2026-07-28 12:37:00.053780206+05:30,425.15,428.7000000000001,424.35,424.65,2414.0,770.0,60,1029215.6000000001
2026-07-28 12:45:02.262540214+05:30,424.9500000000001,429.6,424.9500000000001,429.6,4159.0,2914.0,67,1772693.7499999995
2026-07-28 12:53:03.676063859+05:30,429.6,431.6,429.1,429.9500000000001,3749.0,1970.0,71,1613575.8500000003
2026-07-28 13:01:47.464520374+05:30,429.9,431.05,428.0,429.0,2054.0,1143.0,51,882123.1000000003
2026-07-28 13:09:58.753232582+05:30,429.35,429.4,424.5,425.9500000000001,1689.0,800.0,47,721152.8000000003
2026-07-28 13:18:23.783882574+05:30,425.7000000000001,425.7000000000001,419.1,419.4500000000001,2748.0,441.0,54,1158820.9500000002
2026-07-28 13:26:28.832999885+05:30,419.4500000000001,419.9,416.75,417.0,1856.0,412.0,45,775639.9999999997
2026-07-28 13:34:29.762374309+05:30,416.8,418.5,416.2000000000001,418.2000000000001,1864.0,649.0,52,777410.9500000001
2026-07-28 13:42:36.690336895+05:30,418.4,423.9500000000001,415.6,423.9500000000001,3312.0,2352.0,59,1387519.8000000005
2026-07-28 13:50:45.962577898+05:30,424.3,427.9500000000001,424.25,424.25,2699.0,1332.0,59,1151280.9000000001
2026-07-28 13:58:47.543623794+05:30,424.25,426.55,423.8,425.75,3056.0,1855.0,69,1298172.95
2026-07-28 14:06:51.048435472+05:30,425.9,425.9,423.4500000000001,425.25,2588.0,1348.0,66,1098308.1000000006
2026-07-28 14:14:56.321254042+05:30,425.15,429.0,424.65,428.0,3023.0,1600.0,77,1290135.2499999995
2026-07-28 14:23:00.486817021+05:30,428.15,430.35,428.15,429.15,2742.0,1606.0,62,1177981.1499999994
2026-07-28 14:31:01.230246774+05:30,429.0,430.65,428.4,429.5,3545.0,2153.0,82,1523009.5999999994
2026-07-28 14:39:03.272556925+05:30,429.7000000000001,432.75,429.4,432.65,2975.0,1752.0,69,1280190.25
2026-07-28 14:47:11.274233233+05:30,431.8,432.75,430.35,431.8,2211.0,915.0,73,954813.2999999999
2026-07-28 14:55:14.665248333+05:30,432.0,432.4,427.5,427.65,4299.0,2622.0,99,1850664.4000000004
2026-07-28 15:03:15.816300461+05:30,427.7000000000001,427.75,421.2000000000001,423.4,5775.0,2828.0,109,2448043.900000001
2026-07-28 15:11:18.284291300+05:30,423.05,423.05,415.85,416.8,4532.0,2302.0,119,1897124.5999999992
2026-07-28 15:19:18.577913752+05:30,416.6,420.25,416.5,416.8,6483.0,3096.0,165,2709496.4500000007
2026-07-28 15:27:21.563590952+05:30,416.9,420.15,415.65,419.35,13043.0,6621.0,253,5454218.600000001
2026-07-29 09:15:00.000001150+05:30,420.05,428.2000000000001,418.9,423.7000000000001,12680.0,5312.0,315,5372320.650000005
2026-07-29 09:23:00.200538291+05:30,423.55,427.9500000000001,418.4500000000001,422.5,20280.0,10141.0,457,8575151.149999999
2026-07-29 09:31:00.989866247+05:30,422.75,424.75,420.05,422.9500000000001,8508.0,4572.0,180,3594634.350000001
2026-07-29 09:39:06.317339473+05:30,422.9,424.0,418.9,419.55,5591.0,3133.0,140,2355901.15
2026-07-29 09:47:11.293871289+05:30,419.5,421.7000000000001,416.8,420.4,5542.0,3172.0,110,2324754.15
2026-07-29 09:55:14.534137160+05:30,420.35,421.5,418.1,420.55,5638.0,2988.0,114,2365769.2000000007
2026-07-29 10:03:16.568416429+05:30,420.9,422.7000000000001,418.5,420.4,3386.0,1738.0,79,1425800.6500000001
2026-07-29 10:11:21.961502199+05:30,419.9500000000001,421.15,418.9,420.25,4593.0,2479.0,92,1929561.7000000011
2026-07-29 10:19:40.041700344+05:30,420.5,422.7000000000001,419.9500000000001,421.55,3637.0,2035.0,85,1532052.2999999998
2026-07-29 10:27:43.641201393+05:30,421.85,423.65,420.75,422.0,3450.0,1435.0,67,1457507.75
2026-07-29 10:35:47.188337518+05:30,422.15,427.55,421.8,426.2000000000001,3319.0,1730.0,90,1410532.9
2026-07-29 10:43:57.464641534+05:30,426.85,427.9500000000001,423.75,423.75,2573.0,1238.0,62,1097908.5999999999
2026-07-29 10:52:03.049318037+05:30,423.85,425.85,423.05,425.75,2812.0,1682.0,50,1193584.9000000001
2026-07-29 11:00:06.495244990+05:30,426.0,428.25,423.35,428.2000000000001,2734.0,1625.0,61,1163205.65
2026-07-29 11:08:11.853214750+05:30,428.65,431.65,428.35,430.65,4000.0,1696.0,77,1719188.0499999996
2026-07-29 11:16:23.649939245+05:30,430.75,431.8,429.75,431.4,3105.0,1606.0,82,1337476.1
2026-07-29 11:24:44.994277618+05:30,431.6,433.4500000000001,430.55,431.05,1940.0,750.0,48,837766.6500000001
2026-07-29 11:32:53.676107884+05:30,431.25,431.65,429.75,431.4500000000001,1367.0,767.0,51,588657.5000000001
2026-07-29 11:41:00.461256444+05:30,431.75,431.8,429.65,430.6,2925.0,1180.0,50,1259919.3000000003
2026-07-29 11:49:02.315445270+05:30,430.4,433.7000000000001,430.4,431.9500000000001,2679.0,1744.0,57,1157176.9000000004
2026-07-29 11:57:13.967795484+05:30,432.4500000000001,432.4500000000001,429.6,429.6,3743.0,2424.0,48,1613121.9000000001
2026-07-29 12:05:22.428133214+05:30,429.4,430.25,425.2000000000001,425.2000000000001,2634.0,552.0,50,1125780.55
2026-07-29 12:13:44.121035467+05:30,425.55,429.4500000000001,425.55,428.7000000000001,2023.0,1213.0,48,864790.8999999999
2026-07-29 12:21:45.038960441+05:30,428.75,428.9,425.05,425.05,2563.0,1020.0,51,1095169.9499999997
2026-07-29 12:29:48.153487547+05:30,426.0,427.2000000000001,425.25,427.2000000000001,2426.0,935.0,48,1033630.7000000002
2026-07-29 12:37:49.223714923+05:30,426.65,427.05,423.85,424.7000000000001,3148.0,1541.0,59,1340469.15
2026-07-29 12:45:58.992441783+05:30,424.9,427.4500000000001,423.3,427.4,2308.0,1481.0,61,982558.8500000001
2026-07-29 12:54:01.777122514+05:30,427.2000000000001,427.2000000000001,423.25,424.6,2277.0,1013.0,57,966856.6500000001
2026-07-29 13:02:06.870758537+05:30,424.5,425.9,422.85,423.0,2358.0,832.0,58,1000898.0
2026-07-29 13:10:17.765479194+05:30,422.4500000000001,423.0,420.65,420.75,3408.0,2203.0,69,1438165.4000000004
2026-07-29 13:18:17.794935695+05:30,421.2000000000001,428.4500000000001,421.2000000000001,428.4500000000001,3116.0,1859.0,55,1324893.7499999998
2026-07-29 13:26:25.749937609+05:30,429.0,431.05,428.8,430.4,2965.0,1380.0,53,1275702.3499999999
2026-07-29 13:34:28.120465592+05:30,430.4500000000001,432.15,429.8,431.4,2284.0,881.0,44,984812.3999999999
2026-07-29 13:42:34.697997223+05:30,432.2000000000001,432.5,425.6,426.5,3066.0,1274.0,68,1313664.3499999999
2026-07-29 13:50:41.696357605+05:30,426.5,431.85,426.5,431.15,2265.0,1574.0,70,974347.9500000002
2026-07-29 13:58:48.524531425+05:30,431.6,431.7000000000001,429.35,431.1,2168.0,879.0,49,933885.7000000001
2026-07-29 14:07:05.859016240+05:30,430.85,431.65,428.3,431.65,2552.0,895.0,61,1097637.2500000002
2026-07-29 14:15:19.256415863+05:30,431.85,434.5,431.75,431.75,3582.0,2121.0,75,1551540.4
2026-07-29 14:23:22.819649991+05:30,432.0,432.3,427.7000000000001,427.85,3381.0,1592.0,75,1453384.4999999998
2026-07-29 14:31:29.168811397+05:30,427.9,429.6,426.4500000000001,428.75,3240.0,1751.0,77,1387492.3499999999
2026-07-29 14:39:32.219824428+05:30,428.9,429.4500000000001,425.3,426.35,3945.0,1543.0,93,1687285.5
2026-07-29 14:47:45.410984929+05:30,426.25,426.75,422.85,424.2000000000001,4822.0,1946.0,92,2046976.7499999993
2026-07-29 14:55:47.528806061+05:30,424.2000000000001,426.85,422.75,424.3,4933.0,2169.0,107,2095242.6500000001
2026-07-29 15:03:55.879931378+05:30,424.4,429.2000000000001,423.65,427.85,6018.0,3630.0,107,2570642.9
2026-07-29 15:12:02.967536135+05:30,428.2000000000001,435.35,428.05,432.6,5100.0,3555.0,132,2205307.5499999993
2026-07-29 15:20:03.372542289+05:30,432.35,434.6,426.4500000000001,429.75,8201.0,3418.0,161,3527188.650000001
2026-07-29 15:28:04.136242299+05:30,429.15,430.9500000000001,423.9500000000001,426.75,14095.0,6305.0,296,6022648.650000003
2026-07-30 09:15:00.000144243+05:30,427.1,435.0,427.0,429.75,11806.0,5341.0,246,5099855.8
2026-07-30 09:23:01.986836777+05:30,429.4500000000001,441.7000000000001,427.4,435.9,37343.0,20123.0,850,16248000.700000009
2026-07-30 09:31:02.546289932+05:30,435.9,442.65,435.3,441.7000000000001,15397.0,7810.0,316,6759220.699999996
2026-07-30 09:39:03.056445684+05:30,441.75,450.3,439.15,445.6,10024.0,5280.0,237,4464759.150000003
2026-07-30 09:47:04.394754533+05:30,446.05,451.4500000000001,444.35,451.0,8959.0,4965.0,218,4011870.699999998
2026-07-30 09:55:05.299007747+05:30,450.8,451.4500000000001,445.8,447.75,8355.0,3258.0,186,3743714.150000002
2026-07-30 10:03:09.753738718+05:30,447.2000000000001,450.15,445.2000000000001,448.35,5667.0,2828.0,158,2539498.800000001
2026-07-30 10:11:12.211944760+05:30,448.15,451.8,446.5,448.0,6202.0,2922.0,153,2787118.45
2026-07-30 10:19:15.498830881+05:30,448.3,450.55,446.25,450.55,7531.0,3484.0,149,3375745.749999999
2026-07-30 10:27:19.937704246+05:30,451.15,454.15,445.9500000000001,446.65,5932.0,2545.0,144,2669530.8000000003
2026-07-30 10:35:20.866924327+05:30,447.0,449.9,445.1,449.55,4784.0,2170.0,105,2141849.95
2026-07-30 10:43:45.413385335+05:30,449.35,449.4500000000001,444.55,446.4500000000001,7598.0,3025.0,138,3395213.7500000014
2026-07-30 10:51:46.346375502+05:30,446.3,446.35,437.75,438.3,6768.0,2664.0,123,2993906.2499999986
2026-07-30 10:59:47.554343172+05:30,438.0,440.75,436.35,440.1,3942.0,1985.0,91,1729073.0999999996
2026-07-30 11:07:48.707246066+05:30,440.0,443.3,437.9,443.3,5937.0,3033.0,126,2611604.0499999993
2026-07-30 11:15:56.944799407+05:30,443.3,447.35,442.7000000000001,445.7000000000001,3445.0,1484.0,92,1535105.9999999998
2026-07-30 11:24:00.702680870+05:30,445.55,449.4,443.7000000000001,449.4,5630.0,2801.0,103,2510524.4000000004
2026-07-30 11:32:01.669312081+05:30,449.6,450.3,447.35,448.5,6119.0,2531.0,129,2746827.1
2026-07-30 11:40:22.413057906+05:30,448.7000000000001,449.4,443.0,445.1,5430.0,2724.0,114,2417517.949999999
2026-07-30 11:48:32.948110343+05:30,445.1,450.9,445.1,450.9,4599.0,3170.0,98,2059282.7499999993
2026-07-30 11:56:44.555050878+05:30,451.2000000000001,463.4,449.8,463.4,4407.0,2560.0,103,2005572.9
2026-07-30 12:04:44.698551074+05:30,463.5,467.75,463.05,467.25,6152.0,2365.0,110,2863831.2
2026-07-30 12:12:47.387382532+05:30,467.25,468.0,464.1,466.4,5553.0,2467.0,113,2588904.3
2026-07-30 12:20:48.108523493+05:30,466.35,473.3,465.7000000000001,473.3,6156.0,3507.0,108,2895339.0000000005
2026-07-30 12:28:49.292755088+05:30,473.15,474.4,469.65,471.9500000000001,4277.0,2469.0,105,2017576.6000000003
2026-07-30 12:36:49.335950787+05:30,471.75,476.25,470.2000000000001,475.65,4431.0,2617.0,100,2102137.6500000004
2026-07-30 12:44:51.840809245+05:30,475.7000000000001,478.0,474.75,475.05,4263.0,2620.0,86,2029482.8499999999
2026-07-30 12:52:53.295215848+05:30,475.25,475.9500000000001,473.2000000000001,474.15,4214.0,2069.0,101,2000898.5500000007
2026-07-30 13:00:54.296424065+05:30,473.8,480.4,472.75,480.0,5945.0,2138.0,95,2829010.2000000007
2026-07-30 13:09:04.589587543+05:30,480.35,480.35,471.35,473.25,4075.0,1468.0,100,1936980.6500000001
2026-07-30 13:17:05.259265014+05:30,473.05,475.25,471.9500000000001,474.9,5489.0,1969.0,104,2602339.25
2026-07-30 13:25:13.185412715+05:30,475.25,480.9,474.8,475.65,4111.0,1983.0,105,1963305.6000000003
2026-07-30 13:33:17.124310539+05:30,475.0,478.9500000000001,475.0,478.7000000000001,4275.0,1576.0,105,2038824.4999999998
2026-07-30 13:41:17.171827051+05:30,478.8,478.8,472.9500000000001,474.2000000000001,3405.0,1046.0,80,1617894.75
2026-07-30 13:49:18.209915306+05:30,474.15,475.65,469.55,469.8,6095.0,2920.0,120,2883474.400000002
2026-07-30 13:57:18.711122297+05:30,469.5,472.85,467.1,472.1,4952.0,2505.0,115,2327212.9499999997
2026-07-30 14:05:19.602990593+05:30,472.4,472.4,464.9,465.0,5434.0,2185.0,112,2547266.3
2026-07-30 14:13:20.694510536+05:30,465.15,468.8,463.4500000000001,466.9500000000001,5527.0,2988.0,137,2574283.75
2026-07-30 14:21:22.703491774+05:30,466.8,467.2000000000001,460.4500000000001,460.4500000000001,5665.0,2913.0,137,2625978.2499999995
2026-07-30 14:29:23.872820624+05:30,460.3,460.65,455.4500000000001,456.4500000000001,5616.0,2469.0,130,2574232.5000000005
2026-07-30 14:37:30.595915786+05:30,456.2000000000001,461.5,455.1,460.9500000000001,6535.0,3808.0,152,2993057.15
2026-07-30 14:45:32.198431866+05:30,461.3,463.9,460.3,463.35,7441.0,3793.0,154,3436663.749999999
2026-07-30 14:53:39.182642028+05:30,462.8,464.9500000000001,461.35,463.75,7562.0,3134.0,161,3503069.75
2026-07-30 15:01:42.204575266+05:30,464.05,468.15,463.3,463.4,8979.0,3416.0,194,4179808.4499999983
2026-07-30 15:09:46.273192689+05:30,463.3,463.3,458.05,460.15,10448.0,5188.0,199,4810599.100000001
2026-07-30 15:17:47.835965944+05:30,460.6,462.65,454.2000000000001,454.4,11790.0,6095.0,261,5421790.399999996
2026-07-30 15:25:49.188157336+05:30,454.75,455.5,448.15,450.4500000000001,15521.0,6624.0,406,7007259.249999998
2026-07-31 09:15:00.000021869+05:30,450.4,452.05,443.3,450.4,25007.0,13241.0,591,11198189.949999994
2026-07-31 09:23:00.136422587+05:30,450.4,452.55,440.35,444.05,36068.0,17894.0,817,16123778.799999997
2026-07-31 09:31:00.785912365+05:30,444.15,445.75,440.6,443.65,12518.0,6188.0,276,5548016.649999998
2026-07-31 09:39:01.060394274+05:30,443.7000000000001,456.7000000000001,442.4500000000001,455.1,12014.0,5349.0,245,5403188.749999999
2026-07-31 09:47:02.262920011+05:30,454.9500000000001,472.1,454.9500000000001,471.75,8057.0,4337.0,202,3729848.749999999
2026-07-31 09:55:02.487679075+05:30,471.9500000000001,474.65,467.9,470.05,6803.0,4459.0,162,3206738.6500000013
2026-07-31 10:03:05.998149195+05:30,470.3,474.05,469.4,469.4,6623.0,3746.0,152,3123649.7500000005
2026-07-31 10:11:08.757062021+05:30,469.25,470.85,467.0,470.85,7069.0,4080.0,147,3314688.8500000006
2026-07-31 10:19:09.135475342+05:30,471.1,476.15,470.25,476.15,7357.0,4124.0,162,3484672.7
2026-07-31 10:27:16.220699844+05:30,476.25,481.0,476.25,479.6,4718.0,2641.0,131,2258186.45
2026-07-31 10:35:26.963933408+05:30,479.9500000000001,480.15,472.55,473.35,4882.0,1918.0,117,2329188.8499999987
2026-07-31 10:43:30.642014520+05:30,473.4500000000001,475.75,472.05,474.55,5534.0,2665.0,119,2622576.949999999
2026-07-31 10:51:52.405694119+05:30,474.3,475.25,472.25,475.25,4886.0,2521.0,112,2314844.6999999997
2026-07-31 10:59:53.413067690+05:30,475.25,477.35,470.75,477.35,5466.0,2706.0,111,2588937.2
2026-07-31 11:07:54.486081023+05:30,477.5,481.4,477.4500000000001,478.7000000000001,5250.0,2423.0,113,2517620.850000001
2026-07-31 11:15:56.083344999+05:30,478.85,479.05,470.8,471.85,5520.0,2508.0,104,2613640.150000001
2026-07-31 11:23:58.883118514+05:30,472.1,479.1,472.1,476.5,4743.0,2339.0,112,2258462.7500000005
2026-07-31 11:31:59.841699580+05:30,475.9,475.9500000000001,470.5,470.5,4202.0,2035.0,109,1992497.0500000007
2026-07-31 11:40:02.784102628+05:30,470.35,474.0,468.85,473.55,4428.0,2430.0,110,2087763.4500000002
2026-07-31 11:48:15.051889121+05:30,474.15,474.4,469.8,472.65,5210.0,2888.0,110,2462011.8500000006
2026-07-31 11:56:16.106052259+05:30,472.85,476.6,471.65,471.9,2936.0,1685.0,83,1392744.0499999998
2026-07-31 12:04:27.143911998+05:30,471.85,472.15,465.4500000000001,466.1,5315.0,2464.0,90,2490767.2
2026-07-31 12:12:28.646340955+05:30,466.25,467.25,464.15,465.5,4492.0,2361.0,92,2092459.8499999999
2026-07-31 12:20:29.448296291+05:30,465.6,465.9,461.25,461.5,4253.0,1907.0,97,1972175.7499999995
2026-07-31 12:28:31.730057661+05:30,461.65,463.4,459.65,461.15,3849.0,1762.0,92,1777573.2999999993
2026-07-31 12:36:33.225363625+05:30,460.7000000000001,461.7000000000001,457.35,457.35,4170.0,1449.0,100,1917586.0500000003
2026-07-31 12:44:33.785516799+05:30,457.25,461.2000000000001,450.85,455.55,5622.0,2598.0,117,2562979.3999999994
2026-07-31 12:52:40.321132612+05:30,455.65,458.4500000000001,454.0,455.2000000000001,3581.0,2016.0,95,1633737.0000000002
2026-07-31 13:00:43.358327094+05:30,455.1,455.75,451.4500000000001,453.8,3479.0,1745.0,87,1578158.9500000002
2026-07-31 13:08:46.112948191+05:30,454.2000000000001,455.75,452.25,455.05,4388.0,2156.0,107,1991749.3499999999
2026-07-31 13:16:48.382299323+05:30,455.2000000000001,457.85,454.15,454.15,5677.0,2389.0,111,2588617.4500000007
2026-07-31 13:24:59.901362512+05:30,454.2000000000001,457.35,451.4500000000001,452.1,5623.0,3334.0,97,2555778.7000000007
2026-07-31 13:33:09.767516164+05:30,452.15,453.65,446.7000000000001,448.9500000000001,5330.0,2108.0,115,2399266.7999999993
2026-07-31 13:41:16.336548728+05:30,448.9,452.4500000000001,448.3,448.55,4731.0,2278.0,108,2129964.3
2026-07-31 13:49:17.547951501+05:30,448.4500000000001,449.4,443.9500000000001,444.8,6020.0,3180.0,129,2693660.85
2026-07-31 13:57:25.540392479+05:30,444.55,449.0,442.3,448.05,5390.0,2780.0,114,2402432.3999999994
2026-07-31 14:05:27.964646106+05:30,448.15,450.55,447.25,447.85,5017.0,2710.0,128,2253240.200000001
2026-07-31 14:13:30.407964112+05:30,447.6,452.5,444.4,444.55,5952.0,2570.0,129,2666214.3
2026-07-31 14:21:32.989726603+05:30,443.85,444.3,440.7000000000001,442.25,4945.0,2281.0,123,2189177.1
2026-07-31 14:29:39.776564746+05:30,442.05,446.5,442.05,446.5,4923.0,2306.0,116,2184138.5500000003
2026-07-31 14:37:42.340863295+05:30,446.8,446.8,441.6,442.4500000000001,6298.0,3136.0,168,2793486.5
2026-07-31 14:45:44.790906590+05:30,442.7000000000001,451.55,442.55,451.4500000000001,6383.0,3544.0,146,2852367.0500000003
2026-07-31 14:53:47.829897141+05:30,451.8,452.1,447.4,447.6,7257.0,3507.0,166,3264068.0999999996
2026-07-31 15:01:49.646006667+05:30,447.65,448.4500000000001,442.55,443.1,9864.0,4849.0,190,4403920.549999998
2026-07-31 15:09:51.830162761+05:30,443.1,445.0,432.5,433.15,7639.0,3490.0,203,3359292.5000000014
2026-07-31 15:17:53.480396481+05:30,432.7000000000001,433.15,428.85,430.6,10451.0,5142.0,270,4504203.199999998
2026-07-31 15:25:54.926683843+05:30,430.55,439.3,426.6,426.9,18958.0,8856.0,423,8193592.6499999985
2026-08-03 09:15:00.000741958+05:30,426.75,426.75,414.35,417.75,30117.0,13921.0,630,12687122.350000009
2026-08-03 09:23:00.629194557+05:30,417.8,424.25,412.75,414.2000000000001,40355.0,19919.0,858,16887168.0
2026-08-03 09:31:01.332584934+05:30,414.4,417.35,408.9500000000001,413.9,15129.0,8820.0,315,6245080.199999998
2026-08-03 09:39:05.483912625+05:30,414.0,416.65,411.4500000000001,411.9,10539.0,5709.0,256,4363732.049999999
2026-08-03 09:47:07.751578707+05:30,412.0,419.3,411.4500000000001,419.15,9781.0,6397.0,192,4051667.699999999
2026-08-03 09:55:09.504994844+05:30,418.9,422.8,417.3,422.4,9157.0,4717.0,199,3844814.999999999
2026-08-03 10:03:13.003388268+05:30,422.4500000000001,423.4500000000001,419.0,419.9,6893.0,2823.0,153,2905376.199999998
2026-08-03 10:11:15.169731870+05:30,419.9,421.1,415.9,418.35,6630.0,3248.0,141,2773212.899999999
2026-08-03 10:19:21.495193800+05:30,418.35,425.35,417.55,422.1,6929.0,3515.0,154,2926685.9999999995
2026-08-03 10:27:22.842799964+05:30,422.05,427.6,419.35,427.6,6029.0,3221.0,133,2548089.05
2026-08-03 10:35:31.740002286+05:30,427.8,436.0,427.8,435.8,6531.0,3583.0,141,2822409.7999999993
2026-08-03 10:43:32.853493039+05:30,435.85,438.4500000000001,433.55,436.3,6983.0,4061.0,143,3047704.6999999997
2026-08-03 10:51:37.282898293+05:30,436.0,436.9500000000001,432.8,435.4,6287.0,3839.0,126,2734980.8500000006
2026-08-03 10:59:39.407850987+05:30,435.1,435.5,428.05,429.5,5589.0,1880.0,115,2411446.35
2026-08-03 11:07:39.886888565+05:30,430.1,433.1,429.55,431.4500000000001,5606.0,2572.0,126,2420134.0500000007
2026-08-03 11:15:39.919603328+05:30,431.1,434.75,430.85,432.75,5907.0,3711.0,125,2556677.3499999996
2026-08-03 11:23:41.136502665+05:30,432.9500000000001,439.0,432.2000000000001,438.4,5302.0,3888.0,106,2313540.1
2026-08-03 11:31:43.451136110+05:30,438.7000000000001,443.35,438.3,440.7000000000001,4041.0,2230.0,101,1780525.4499999997
2026-08-03 11:39:45.769680127+05:30,441.1,443.3,438.9500000000001,441.75,4759.0,2214.0,115,2097916.4500000007
2026-08-03 11:47:56.890416731+05:30,441.75,442.6,439.7000000000001,440.5,5116.0,2383.0,122,2258614.749999999
2026-08-03 11:56:02.686209545+05:30,440.4,441.2000000000001,436.55,437.65,5755.0,2850.0,120,2525080.2000000007
2026-08-03 12:04:05.444801664+05:30,437.9,438.2000000000001,433.75,434.0,4855.0,2742.0,107,2117756.8499999987
2026-08-03 12:12:13.935172355+05:30,433.9,436.9500000000001,433.3,435.65,4469.0,2366.0,122,1944086.8500000008
2026-08-03 12:20:19.278045311+05:30,435.65,437.7000000000001,433.9500000000001,437.2000000000001,4716.0,2088.0,103,2058410.3000000003
2026-08-03 12:28:23.119310923+05:30,436.75,438.5,434.4,435.5,6500.0,3396.0,126,2835809.900000001
2026-08-03 12:36:24.800690859+05:30,435.1,435.2000000000001,427.8,432.35,4026.0,2256.0,101,1734147.5000000007
2026-08-03 12:44:27.181378622+05:30,432.65,437.85,432.6,437.85,4791.0,2486.0,119,2083884.3500000013
2026-08-03 12:52:34.678778790+05:30,438.0,442.4500000000001,438.0,442.25,4972.0,3175.0,112,2187567.4499999997
2026-08-03 13:00:43.025780999+05:30,442.35,449.05,441.3,449.05,3893.0,2501.0,90,1732693.0
2026-08-03 13:08:44.595705449+05:30,449.25,452.4,448.65,451.1,5778.0,2860.0,117,2600658.5
2026-08-03 13:16:52.631278806+05:30,451.4500000000001,457.4500000000001,450.25,455.7000000000001,5023.0,2689.0,103,2280721.2499999995
2026-08-03 13:24:55.371625778+05:30,455.9500000000001,460.9500000000001,455.65,459.6,5380.0,3751.0,109,2464838.5999999996
2026-08-03 13:33:18.999999281+05:30,459.8,463.0,458.0,462.5,6407.0,2546.0,129,2953107.7499999986
2026-08-03 13:41:19.640021115+05:30,461.85,462.35,458.25,460.9,4778.0,1944.0,106,2201217.1999999997
2026-08-03 13:49:19.662518423+05:30,461.8,463.3,461.2000000000001,462.4,5675.0,3327.0,119,2623155.5000000005
2026-08-03 13:57:26.614113335+05:30,463.2000000000001,466.7000000000001,460.55,463.0,6340.0,2871.0,127,2941166.7500000005
2026-08-03 14:05:50.751391712+05:30,463.15,463.15,457.0,457.65,5931.0,1982.0,113,2730624.9499999997
2026-08-03 14:13:51.574205300+05:30,457.4,457.4500000000001,451.0,451.0,5794.0,1911.0,132,2629470.0
2026-08-03 14:21:52.674845150+05:30,450.85,451.5,448.85,450.15,6174.0,2742.0,139,2779879.5500000003
2026-08-03 14:29:54.787371729+05:30,449.7000000000001,450.4500000000001,445.75,447.4500000000001,7878.0,3762.0,144,3524673.0500000007
2026-08-03 14:37:57.058686371+05:30,447.9,447.9,441.4,441.65,7185.0,3306.0,157,3201933.999999998
2026-08-03 14:45:58.773650031+05:30,441.6,442.05,437.7000000000001,439.4500000000001,6939.0,2557.0,162,3050590.999999999
2026-08-03 14:54:07.423456559+05:30,438.9500000000001,444.35,437.25,441.7000000000001,7525.0,3611.0,171,3311174.100000002
2026-08-03 15:02:07.981176086+05:30,441.6,444.0,436.75,437.75,7082.0,3583.0,197,3124563.4500000007
2026-08-03 15:10:09.999530055+05:30,438.1,439.5,435.1,437.8,10114.0,5629.0,235,4422137.000000003
2026-08-03 15:18:10.916044889+05:30,437.75,438.3,433.35,433.9500000000001,10400.0,4591.0,254,4530089.350000004
2026-08-03 15:26:11.403316366+05:30,433.8,439.25,429.7000000000001,439.0,20125.0,10422.0,423,8736853.950000007
2026-08-04 09:15:00.000117356+05:30,439.8,449.65,438.1,448.25,24096.0,12269.0,595,10709685.749999998
2026-08-04 09:23:00.952598184+05:30,448.6,457.05,444.5,445.2000000000001,30569.0,17011.0,655,13762919.700000001
2026-08-04 09:31:03.632316718+05:30,445.1,445.4500000000001,434.4,437.65,11200.0,5839.0,266,4917552.950000001
2026-08-04 09:39:05.061117730+05:30,437.4500000000001,441.65,436.35,437.75,7651.0,3593.0,172,3361335.8999999985
2026-08-04 09:47:05.970994817+05:30,437.05,438.75,435.1,436.9,5945.0,3387.0,153,2598767.2999999993
2026-08-04 09:55:09.218303285+05:30,437.05,437.85,433.55,436.9,6611.0,3944.0,135,2882030.7500000023
2026-08-04 10:03:18.878857683+05:30,436.9,437.55,433.9,436.4500000000001,5386.0,2606.0,125,2347171.2000000007
2026-08-04 10:11:20.478284243+05:30,436.8,437.9,433.4500000000001,435.55,6083.0,3617.0,123,2647498.3499999987
2026-08-04 10:19:30.213875203+05:30,435.6,437.65,433.75,436.5,5631.0,3050.0,115,2452492.349999999
2026-08-04 10:27:33.673977130+05:30,436.4500000000001,440.55,436.3,440.5,5556.0,3307.0,121,2439427.7
2026-08-04 10:35:49.691918772+05:30,441.0,442.4500000000001,437.15,439.4,4266.0,1802.0,107,1875548.3000000003
2026-08-04 10:44:03.837475497+05:30,439.35,440.1,437.3,438.9,4397.0,2262.0,91,1930008.5999999996
2026-08-04 10:52:20.748505091+05:30,439.2000000000001,439.2000000000001,433.55,436.1,4979.0,3031.0,101,2169506.6000000006
2026-08-04 11:00:30.612850101+05:30,435.9,436.75,432.4,432.5,3974.0,1656.0,84,1726307.3
2026-08-04 11:08:30.775211350+05:30,432.1,435.15,431.05,432.3,4460.0,2067.0,90,1931235.0999999999
2026-08-04 11:16:38.495400127+05:30,432.4,433.5,430.6,433.5,4202.0,2249.0,88,1815192.95
2026-08-04 11:25:00.033948744+05:30,433.4500000000001,436.0,432.65,434.05,4528.0,2872.0,72,1967800.9500000002
2026-08-04 11:33:04.509587173+05:30,434.0,434.9,428.5,428.8,4335.0,1250.0,98,1873721.0000000012
2026-08-04 11:41:05.446524281+05:30,428.5,428.5,423.8,423.8,4289.0,2295.0,85,1826072.7500000002
2026-08-04 11:49:06.806483181+05:30,424.05,427.8,423.85,426.8,4120.0,2759.0,70,1753967.0500000005
2026-08-04 11:57:09.696254130+05:30,427.25,430.3,426.0,429.55,3265.0,1848.0,78,1399436.4499999993
2026-08-04 12:05:48.588921379+05:30,429.4,434.9,428.9,432.85,4040.0,2417.0,97,1743601.15
2026-08-04 12:13:54.702690962+05:30,432.9,437.9,432.9,436.4500000000001,3685.0,1761.0,90,1605465.2500000002
2026-08-04 12:22:32.658488639+05:30,436.55,440.05,436.25,438.9,3078.0,1893.0,78,1348769.8499999996
2026-08-04 12:30:33.742665496+05:30,438.8,438.8,435.9500000000001,437.3,4377.0,1880.0,97,1913163.7000000002
2026-08-04 12:38:36.319288774+05:30,436.4500000000001,439.9500000000001,436.05,438.1,3401.0,1457.0,74,1489338.45
2026-08-04 12:46:44.269280045+05:30,438.0,442.4500000000001,437.9,441.55,2959.0,1450.0,74,1302122.85
2026-08-04 12:54:44.534847513+05:30,441.5,441.9500000000001,439.5,441.15,3574.0,1586.0,76,1575518.3500000003
2026-08-04 13:02:51.399151387+05:30,441.4,442.2000000000001,439.6,440.4500000000001,4630.0,2664.0,98,2042156.7500000007
2026-08-04 13:10:51.937707186+05:30,440.5,441.25,436.55,436.65,3850.0,1944.0,74,1687184.45
2026-08-04 13:19:03.142835529+05:30,436.65,438.85,435.85,437.6,4223.0,2077.0,93,1846659.8999999994
2026-08-04 13:27:05.155614946+05:30,437.7000000000001,438.15,430.55,430.85,3262.0,1378.0,90,1416494.8499999996
2026-08-04 13:35:30.026550797+05:30,430.8,432.1,430.4500000000001,431.15,3319.0,1924.0,72,1431381.3999999997
2026-08-04 13:43:40.411235564+05:30,430.75,431.4500000000001,428.0,431.4500000000001,2640.0,1221.0,81,1134987.75
2026-08-04 13:51:42.436757237+05:30,431.7000000000001,432.3,428.35,428.6,3280.0,1395.0,87,1410366.65
2026-08-04 13:59:43.050047982+05:30,428.85,429.05,425.4500000000001,426.0,3867.0,1739.0,92,1650870.3999999992
2026-08-04 14:07:52.446531397+05:30,425.75,427.05,423.6,424.15,4539.0,1647.0,103,1931895.3999999997
2026-08-04 14:15:55.102387771+05:30,424.2000000000001,425.4500000000001,421.9500000000001,423.8,4602.0,2010.0,98,1950737.5499999996
2026-08-04 14:23:59.310844288+05:30,423.65,424.65,420.05,421.0,4173.0,2663.0,94,1767059.5499999998
2026-08-04 14:32:00.812442828+05:30,421.05,421.5,416.25,418.05,3338.0,1585.0,101,1397469.4
2026-08-04 14:40:02.593521437+05:30,418.55,422.8,418.1,422.8,5200.0,2503.0,109,2186040.1499999994
2026-08-04 14:48:06.739307984+05:30,422.6,423.8,418.75,419.7000000000001,4630.0,2442.0,108,1949294.2000000002
2026-08-04 14:56:09.413062919+05:30,419.6,424.5,419.25,422.35,5929.0,2262.0,122,2505757.1499999985
2026-08-04 15:04:10.621566314+05:30,422.2000000000001,423.25,418.4,418.7000000000001,7867.0,2984.0,166,3317332.1500000004
2026-08-04 15:12:12.408395103+05:30,418.6,423.15,416.85,417.35,8349.0,4551.0,171,3502519.0500000007
2026-08-04 15:20:13.239875299+05:30,417.1,420.15,415.5,417.4,10923.0,4311.0,217,4564956.1000000015
2026-08-04 15:28:13.711742505+05:30,417.55,423.15,417.3,418.4500000000001,16493.0,7317.0,420,6943385.700000001
2026-08-05 09:15:00.000128657+05:30,418.8,420.85,412.85,414.15,14996.0,6325.0,362,6267575.599999996
2026-08-05 09:23:01.869728071+05:30,414.05,419.9,411.25,415.7000000000001,42224.0,20923.0,919,17510843.299999967
2026-08-05 09:31:02.235477023+05:30,415.75,425.65,413.65,425.3,13632.0,7923.0,314,5707979.0
2026-08-05 09:39:02.617841695+05:30,425.05,428.75,422.85,428.25,13025.0,5834.0,248,5542645.699999999
2026-08-05 09:47:03.418098119+05:30,427.85,434.05,427.2000000000001,433.3,8329.0,4733.0,213,3586771.499999999
2026-08-05 09:55:12.751516309+05:30,433.1,433.7000000000001,427.1,427.85,8619.0,3440.0,190,3705920.3500000024
2026-08-05 10:03:22.112606629+05:30,427.9500000000001,432.05,426.9500000000001,430.9500000000001,6540.0,3147.0,157,2806925.1999999997
2026-08-05 10:11:23.383333557+05:30,431.3,441.15,431.1,440.2000000000001,6961.0,3698.0,176,3039320.000000001
2026-08-05 10:19:26.587097282+05:30,440.15,445.0,439.25,445.0,6185.0,4014.0,141,2728568.75
2026-08-05 10:27:36.141065777+05:30,444.5,445.15,439.85,440.15,7261.0,2919.0,143,3215334.3500000015
2026-08-05 10:35:37.710658206+05:30,440.55,445.1,439.6,444.6,5570.0,3358.0,135,2466885.2500000005
2026-08-05 10:43:38.642439672+05:30,444.75,447.7000000000001,443.2000000000001,447.35,5901.0,4064.0,115,2627771.2
2026-08-05 10:51:39.299507615+05:30,447.3,447.3,439.55,441.7000000000001,5179.0,2789.0,115,2295676.349999999
2026-08-05 10:59:40.445377826+05:30,441.9500000000001,444.0,439.75,443.15,5743.0,2613.0,136,2539652.95
2026-08-05 11:07:43.892614031+05:30,442.8,447.7000000000001,442.55,447.7000000000001,5618.0,3575.0,121,2501415.85
2026-08-05 11:15:46.148052194+05:30,447.35,451.35,447.15,450.55,6576.0,2802.0,114,2956705.5999999996
2026-08-05 11:23:50.105424927+05:30,450.8,458.05,450.8,456.75,5066.0,3076.0,100,2307068.6999999997
2026-08-05 11:31:53.817923601+05:30,456.85,456.9500000000001,450.25,450.85,5561.0,2174.0,107,2517213.6500000004
2026-08-05 11:39:58.347416128+05:30,449.9,450.4,445.0,450.4,5569.0,3135.0,110,2494765.45
2026-08-05 11:47:59.871812546+05:30,450.85,452.6,447.7000000000001,448.05,4762.0,2500.0,105,2143485.4499999997
2026-08-05 11:56:00.788585480+05:30,448.3,449.85,444.9,445.55,4694.0,1755.0,103,2101665.1999999997
2026-08-05 12:04:03.270131110+05:30,445.75,446.85,442.6,446.75,4558.0,1818.0,100,2026910.1500000001
2026-08-05 12:12:13.726318232+05:30,446.9500000000001,450.2000000000001,446.75,447.6,4506.0,1903.0,107,2019542.1500000001
2026-08-05 12:20:21.535723745+05:30,447.4,452.65,446.9,449.55,6004.0,2569.0,104,2700477.35
2026-08-05 12:28:31.234213628+05:30,450.0,451.05,448.15,448.4,4749.0,2092.0,119,2135751.0
2026-08-05 12:36:38.865416408+05:30,447.85,453.6,446.15,453.55,6371.0,3479.0,128,2857259.899999998
2026-08-05 12:44:43.286406959+05:30,453.4500000000001,456.55,453.4500000000001,454.4500000000001,3635.0,2235.0,88,1654218.9000000004
2026-08-05 12:52:46.296817496+05:30,454.4500000000001,461.0,454.05,460.8,3501.0,2210.0,90,1601850.95
2026-08-05 13:00:50.721623657+05:30,461.65,461.65,457.8,458.6,6296.0,3274.0,110,2895208.8499999996
2026-08-05 13:08:51.675629319+05:30,459.05,465.85,458.4,464.5,4061.0,2681.0,105,1874921.5000000002
2026-08-05 13:17:03.005732429+05:30,464.4500000000001,464.65,454.4500000000001,454.4500000000001,4915.0,2628.0,123,2261831.3000000003
2026-08-05 13:25:05.887570658+05:30,454.9500000000001,457.2000000000001,450.6,456.9,4968.0,2671.0,105,2257672.7000000007
2026-08-05 13:33:09.427192204+05:30,456.4500000000001,459.9500000000001,455.4,457.4,4884.0,2347.0,102,2236625.6999999997
2026-08-05 13:41:23.452865055+05:30,457.25,459.05,451.9500000000001,459.05,3663.0,1775.0,88,1666633.3000000007
2026-08-05 13:49:25.680039804+05:30,458.75,465.6,458.6,465.25,5926.0,3051.0,126,2743451.45
2026-08-05 13:57:30.050647514+05:30,465.3,466.0,459.25,461.25,6630.0,3934.0,114,3062758.1499999994
2026-08-05 14:05:31.391256894+05:30,461.1,463.85,460.0,463.6,5675.0,3057.0,129,2618299.5000000005
2026-08-05 14:13:38.632121764+05:30,463.8,465.85,462.4,464.85,4758.0,2626.0,131,2209842.9
2026-08-05 14:21:39.521838392+05:30,464.35,464.6,454.75,454.85,5776.0,2683.0,143,2660262.85
2026-08-05 14:29:51.318045230+05:30,454.8,456.35,453.6,455.9500000000001,6523.0,3018.0,152,2967096.8
2026-08-05 14:37:53.787558128+05:30,456.05,459.65,455.5,457.1,6526.0,4167.0,130,2987171.800000002
2026-08-05 14:45:54.687342260+05:30,457.15,461.4,453.85,457.7000000000001,9842.0,4958.0,176,4498651.100000001
2026-08-05 14:53:55.810756766+05:30,456.75,457.9500000000001,451.35,452.5,10500.0,4035.0,186,4773961.599999998
2026-08-05 15:01:57.111791229+05:30,452.6,454.05,446.4500000000001,446.55,7949.0,3506.0,166,3578632.5999999996
2026-08-05 15:10:01.650172134+05:30,447.4,448.75,441.75,444.2000000000001,11847.0,5094.0,253,5270872.949999999
2026-08-05 15:18:03.551906650+05:30,444.0,446.6,438.1,439.55,13984.0,5980.0,282,6190675.350000003
2026-08-05 15:26:03.696053247+05:30,439.85,440.2000000000001,432.9,437.2000000000001,20615.0,10758.0,470,8989302.950000003
2026-08-06 09:15:00.000901458+05:30,437.2000000000001,437.5,429.2000000000001,431.9500000000001,26980.0,12546.0,622,11683214.00000001
2026-08-06 09:23:01.481694585+05:30,431.5,437.25,425.1,425.1,28072.0,13073.0,709,12144856.000000013
2026-08-06 09:31:04.888023365+05:30,425.2000000000001,425.6,417.7000000000001,421.9,11952.0,6141.0,281,5037937.399999998
2026-08-06 09:39:09.920544400+05:30,421.85,428.55,421.85,428.55,9274.0,5000.0,210,3943693.299999998
2026-08-06 09:47:10.395922133+05:30,428.55,435.3,428.05,435.3,11270.0,5992.0,212,4871518.35
2026-08-06 09:55:17.763471728+05:30,435.4500000000001,437.1,430.75,433.7000000000001,7531.0,3251.0,145,3264007.349999999
2026-08-06 10:03:23.993334162+05:30,434.1,438.25,428.9500000000001,431.2000000000001,8507.0,4633.0,171,3695310.45
2026-08-06 10:11:31.235705835+05:30,431.15,436.85,431.15,435.55,4778.0,2541.0,139,2073942.999999999
2026-08-06 10:19:34.520152366+05:30,435.55,435.8,431.75,433.7000000000001,4141.0,2139.0,107,1796017.7500000012
2026-08-06 10:27:34.797661791+05:30,433.7000000000001,434.8,431.7000000000001,434.65,4495.0,2784.0,118,1946973.5000000007
2026-08-06 10:35:39.749906092+05:30,434.9,436.5,433.1,435.4,5507.0,3486.0,118,2396579.4
2026-08-06 10:43:41.326128763+05:30,435.2000000000001,437.65,430.85,430.9,6087.0,2964.0,142,2647563.9999999995
2026-08-06 10:51:41.897684813+05:30,431.0,432.85,428.6,430.9,4339.0,1188.0,96,1867353.1499999997
2026-08-06 10:59:47.028890807+05:30,430.9500000000001,433.65,428.9500000000001,432.7000000000001,5082.0,1815.0,110,2194897.099999999
2026-08-06 11:08:14.957278167+05:30,432.85,435.75,431.15,431.15,6101.0,3138.0,119,2640844.3500000015
2026-08-06 11:16:30.121550114+05:30,431.4500000000001,432.7000000000001,430.35,431.9500000000001,4834.0,2754.0,96,2087996.2500000007
2026-08-06 11:24:30.981176583+05:30,431.6,435.4500000000001,429.8,435.3,5573.0,2273.0,89,2405934.5499999993
2026-08-06 11:32:32.064601561+05:30,434.8,436.6,432.55,433.2000000000001,4298.0,1937.0,98,1865754.4000000004
2026-08-06 11:40:36.991334604+05:30,433.8,435.05,432.15,432.5,3117.0,1797.0,89,1351744.9
2026-08-06 11:48:38.139305786+05:30,432.5,434.4500000000001,431.15,431.9500000000001,4211.0,2320.0,92,1823437.4
2026-08-06 11:56:55.136591440+05:30,432.3,435.4500000000001,430.5,435.1,4493.0,2163.0,99,1946394.2000000004
2026-08-06 12:04:57.178671073+05:30,435.5,435.55,430.9,431.35,4395.0,1258.0,85,1902242.35
2026-08-06 12:13:02.343373769+05:30,431.4,432.15,428.3,429.9500000000001,3692.0,1800.0,81,1587500.6
2026-08-06 12:21:16.406987732+05:30,429.8,431.4500000000001,428.2000000000001,429.8,3671.0,2021.0,76,1577858.55
2026-08-06 12:29:25.742537649+05:30,429.3,429.65,426.65,428.0,3999.0,1615.0,78,1710691.0999999994
2026-08-06 12:37:38.751908421+05:30,428.1,428.25,424.85,425.25,3330.0,1390.0,92,1420553.95
2026-08-06 12:45:39.327277077+05:30,424.9500000000001,427.15,424.4,425.65,3493.0,1370.0,79,1487145.7500000002
2026-08-06 12:53:41.467870028+05:30,425.5,428.4,425.35,428.4,4647.0,2572.0,82,1982981.6999999997
2026-08-06 13:01:46.785444778+05:30,428.2000000000001,428.4500000000001,424.75,426.5,4624.0,1719.0,94,1972498.7500000005
2026-08-06 13:09:52.980872826+05:30,427.05,430.35,425.2000000000001,430.25,4767.0,2506.0,97,2038067.4499999995
2026-08-06 13:18:01.100523078+05:30,430.15,431.3,427.9,430.65,3684.0,1520.0,99,1582541.299999999
2026-08-06 13:26:01.362105097+05:30,430.7000000000001,430.7000000000001,426.65,427.55,4146.0,2271.0,111,1777194.6999999988
2026-08-06 13:34:06.438475846+05:30,427.8,428.85,424.55,425.1,4594.0,2441.0,104,1963408.0999999994
2026-08-06 13:42:10.470942876+05:30,424.9,425.0,421.65,421.65,5480.0,2508.0,92,2320232.9499999997
2026-08-06 13:50:13.947417341+05:30,420.9500000000001,424.4500000000001,420.85,423.4500000000001,5287.0,3074.0,98,2237811.0999999996
2026-08-06 13:58:21.998787506+05:30,423.8,426.75,421.6,426.35,5524.0,3557.0,125,2343398.55
2026-08-06 14:06:26.381374888+05:30,426.2000000000001,428.85,425.25,425.6,5116.0,2604.0,107,2185706.7499999995
2026-08-06 14:14:28.289364830+05:30,425.65,426.75,421.55,424.5,4548.0,2107.0,112,1930971.9999999998
2026-08-06 14:22:28.709389182+05:30,424.7000000000001,429.35,424.7000000000001,429.05,5105.0,2187.0,110,2179933.4499999997
2026-08-06 14:30:37.903937681+05:30,429.5,432.05,428.4,428.4500000000001,5544.0,2643.0,121,2386225.4500000007
2026-08-06 14:38:43.182588937+05:30,428.65,437.25,428.3,436.25,8609.0,5729.0,147,3732220.8
2026-08-06 14:46:44.895482458+05:30,435.9500000000001,438.5,433.15,436.1,5904.0,2619.0,145,2576513.850000001
2026-08-06 14:54:54.041697487+05:30,436.2000000000001,436.7000000000001,432.65,436.25,6975.0,3380.0,169,3031613.5
2026-08-06 15:02:55.551286329+05:30,435.9,436.4500000000001,431.7000000000001,435.1,7308.0,3736.0,159,3175377.7999999993
2026-08-06 15:11:03.200417010+05:30,434.9,438.05,431.3,434.5,8627.0,4106.0,181,3749528.85
2026-08-06 15:19:03.414963415+05:30,434.7000000000001,435.9,428.4500000000001,429.75,10984.0,5225.0,252,4738480.9
2026-08-06 15:27:03.465845666+05:30,429.35,437.35,429.3,435.75,16529.0,8789.0,377,7169791.200000001
2026-08-07 09:15:00.000001447+05:30,435.55,436.4500000000001,423.5,425.85,22410.0,9170.0,466,9629694.09999999
2026-08-07 09:23:00.110093119+05:30,425.35,436.2000000000001,424.3,429.65,33958.0,18044.0,807,14641934.900000008
2026-08-07 09:31:00.439907250+05:30,429.7000000000001,431.8,426.8,428.05,11796.0,5700.0,299,5060151.300000003
2026-08-07 09:39:02.215354227+05:30,427.8,428.4500000000001,422.7000000000001,422.9500000000001,9184.0,4819.0,193,3910159.349999999
2026-08-07 09:47:05.372430971+05:30,423.0,423.1,417.75,421.3,9218.0,5198.0,162,3873436.35
2026-08-07 09:55:10.822521802+05:30,421.4500000000001,423.6,418.85,420.2000000000001,6523.0,2925.0,164,2746016.899999999
2026-08-07 10:03:23.315193167+05:30,420.35,420.35,415.4,417.6,8085.0,4603.0,176,3374700.9
2026-08-07 10:11:23.801971459+05:30,417.35,417.5,412.0,415.75,4765.0,1967.0,125,1975453.400000001
2026-08-07 10:19:31.477083484+05:30,415.8,419.65,415.8,418.35,5591.0,2812.0,142,2335641.3
2026-08-07 10:27:31.717251418+05:30,418.35,421.0,415.65,420.4500000000001,6726.0,2378.0,156,2813795.6500000004
2026-08-07 10:35:40.689973311+05:30,420.65,421.0,416.25,418.6,5561.0,2834.0,131,2327817.5500000003
2026-08-07 10:44:03.905055722+05:30,418.75,419.15,416.25,417.0,5520.0,3210.0,112,2304400.5000000005
2026-08-07 10:52:06.337393039+05:30,416.85,420.0,416.85,419.15,3833.0,1947.0,97,1604795.0500000003
2026-08-07 11:00:07.036233845+05:30,419.0,420.55,416.15,417.05,5085.0,2454.0,119,2128120.5
2026-08-07 11:08:07.737293746+05:30,417.0,417.65,411.0,411.0,5676.0,2227.0,116,2358481.55
2026-08-07 11:16:09.692076712+05:30,410.7000000000001,411.8,407.55,407.65,4005.0,1824.0,93,1640114.7000000002
2026-08-07 11:24:13.641342180+05:30,407.35,409.6,405.6,407.75,4878.0,2364.0,95,1988456.15
2026-08-07 11:32:14.920009784+05:30,407.4,409.9500000000001,407.0,408.5,2768.0,1346.0,81,1130802.4500000002
2026-08-07 11:40:31.239107973+05:30,408.4,411.25,408.15,409.05,3073.0,1778.0,89,1259082.8499999999
2026-08-07 11:48:31.410099350+05:30,408.6,410.0,406.1,406.85,4013.0,2038.0,87,1638749.0999999996
2026-08-07 11:56:31.467353920+05:30,407.4,407.4,403.9,404.6,4646.0,2030.0,101,1882075.0999999999
2026-08-07 12:04:32.387049756+05:30,404.9,405.9500000000001,404.05,404.55,5498.0,2902.0,94,2226059.15
2026-08-07 12:12:40.259986810+05:30,404.35,408.25,404.05,406.8,4649.0,2170.0,103,1887867.8500000006
2026-08-07 12:20:45.326088546+05:30,406.65,410.65,404.9,409.6,5868.0,3478.0,98,2385849.550000001
2026-08-07 12:28:47.793668324+05:30,409.85,410.3,405.35,407.75,3720.0,1600.0,98,1517294.0
2026-08-07 12:36:50.314119845+05:30,407.8,413.2000000000001,407.5,412.75,4132.0,3007.0,99,1695000.2000000004
2026-08-07 12:45:05.052816184+05:30,413.1,413.3,408.0,409.85,4485.0,2331.0,105,1839651.6500000004
2026-08-07 12:53:11.791692121+05:30,409.7000000000001,410.4,407.2000000000001,409.7000000000001,4070.0,2313.0,97,1664954.7999999998
2026-08-07 13:01:12.421139847+05:30,409.9500000000001,410.7000000000001,408.15,410.1,3199.0,1248.0,95,1309121.0000000002
2026-08-07 13:09:17.218007930+05:30,410.2000000000001,411.85,407.6,408.8,5795.0,2320.0,107,2373449.95
2026-08-07 13:17:20.798708885+05:30,409.15,412.25,408.7000000000001,408.7000000000001,4147.0,2071.0,116,1703192.6499999994
2026-08-07 13:25:23.432515914+05:30,409.0,410.25,406.85,406.85,4266.0,2167.0,104,1744062.4999999998
2026-08-07 13:33:27.779705236+05:30,406.55,409.7000000000001,405.05,407.3,4923.0,2246.0,99,2002499.3499999999
2026-08-07 13:41:33.088857541+05:30,407.35,413.1,407.3,412.7000000000001,5154.0,2506.0,98,2111574.95
2026-08-07 13:49:39.462092293+05:30,412.75,414.35,411.25,414.25,3741.0,2201.0,112,1543943.0000000005
2026-08-07 13:57:41.920327646+05:30,414.2000000000001,414.55,409.7000000000001,410.75,4970.0,2604.0,105,2048519.4000000001
2026-08-07 14:05:43.096709964+05:30,411.5,412.4,406.9,407.05,5317.0,2550.0,125,2175610.649999999
2026-08-07 14:13:45.278823762+05:30,407.05,408.75,404.9,408.6,5209.0,2651.0,131,2119587.45
2026-08-07 14:21:45.697170503+05:30,408.4,408.6,404.2000000000001,406.7000000000001,4364.0,2724.0,115,1772361.0999999994
2026-08-07 14:29:48.071823140+05:30,406.35,410.25,406.3,407.9,6291.0,3715.0,145,2566226.500000001
2026-08-07 14:37:51.953433821+05:30,407.4,410.3,405.9500000000001,409.9500000000001,6885.0,4474.0,146,2808546.6999999997
2026-08-07 14:46:03.576601661+05:30,409.9500000000001,414.4500000000001,409.05,414.4500000000001,7040.0,5015.0,142,2900986.3499999996
2026-08-07 14:54:10.035116890+05:30,414.65,417.8,410.9500000000001,417.3,8901.0,4163.0,177,3684110.3499999987
2026-08-07 15:02:10.109722757+05:30,417.3,417.3,410.5,410.6,7693.0,3421.0,175,3179056.200000002
2026-08-07 15:10:12.603717993+05:30,410.7000000000001,420.5,408.05,418.15,8833.0,4388.0,192,3663843.4499999997
2026-08-07 15:18:13.053810766+05:30,418.3,420.15,415.3,418.9500000000001,9242.0,4250.0,243,3862712.8499999996
2026-08-07 15:26:13.279294615+05:30,419.4,430.65,418.85,430.1,18006.0,9918.0,393,7636574.699999996
2026-08-10 09:15:00.000030660+05:30,429.1,436.35,425.7000000000001,428.3,26333.0,11829.0,543,11362181.2
2026-08-10 09:23:01.176093638+05:30,428.5,433.05,423.9,427.15,32224.0,15429.0,733,13800099.1
2026-08-10 09:31:01.533858444+05:30,427.3,431.2000000000001,426.15,431.15,12496.0,5742.0,246,5349712.25
2026-08-10 09:39:07.057964125+05:30,430.7000000000001,431.25,427.25,429.2000000000001,8702.0,3248.0,192,3735501.9499999993
2026-08-10 09:47:17.080128239+05:30,429.0,429.0,421.15,424.1,9690.0,3547.0,188,4114998.849999999
2026-08-10 09:55:19.230959242+05:30,424.15,424.15,420.05,423.15,6802.0,3121.0,142,2872194.6500000013
2026-08-10 10:03:25.282073922+05:30,423.35,424.1,419.55,419.55,5433.0,2495.0,115,2291642.0499999993
2026-08-10 10:11:25.882228599+05:30,419.35,421.05,417.25,417.4500000000001,5186.0,3142.0,116,2172800.449999999
2026-08-10 10:19:30.107856776+05:30,416.85,417.8,412.55,415.3,5435.0,2430.0,122,2260749.6
2026-08-10 10:27:30.499552425+05:30,414.8,414.8,411.9,412.35,3852.0,1592.0,99,1591478.6500000004
2026-08-10 10:35:36.150042669+05:30,412.15,413.1,409.0,411.8,3548.0,1997.0,99,1457277.2999999998
2026-08-10 10:43:39.295312686+05:30,412.4500000000001,418.65,412.1,414.9,4671.0,2089.0,106,1943321.2999999998
2026-08-10 10:51:48.102034317+05:30,415.1,418.85,414.4500000000001,416.6,3570.0,1955.0,78,1488120.65
2026-08-10 10:59:56.400946723+05:30,417.0,417.1,414.7000000000001,414.7000000000001,5649.0,2717.0,104,2350702.4999999995
2026-08-10 11:07:56.775583447+05:30,414.55,417.5,414.55,416.3,4991.0,2508.0,106,2075461.4000000004
2026-08-10 11:15:58.225531508+05:30,417.15,417.6,414.8,415.75,5004.0,2904.0,101,2083589.95
2026-08-10 11:24:07.571918144+05:30,416.05,418.4,414.6,417.9,4155.0,1486.0,89,1727518.0000000005
2026-08-10 11:32:08.083778971+05:30,417.4,421.65,417.25,420.4,3401.0,1625.0,82,1427434.0000000005
2026-08-10 11:40:09.703515394+05:30,420.0,421.35,415.8,415.8,3882.0,1426.0,93,1625537.65
2026-08-10 11:48:15.084204426+05:30,415.4500000000001,416.65,411.6,411.9500000000001,3545.0,1739.0,91,1471195.9999999998
2026-08-10 11:56:22.367766522+05:30,411.65,414.3,411.25,413.7000000000001,2988.0,1498.0,81,1232967.1500000006
2026-08-10 12:04:25.798487816+05:30,414.15,416.15,413.8,413.8,3796.0,1401.0,77,1575063.5
2026-08-10 12:12:26.212438599+05:30,413.4500000000001,414.6,409.75,411.05,4180.0,2144.0,76,1724036.9500000002
2026-08-10 12:20:37.548569742+05:30,410.9,412.2000000000001,409.9,412.1,4317.0,1851.0,91,1774528.9999999998
2026-08-10 12:28:44.869533581+05:30,412.0,415.15,410.85,413.9,3977.0,1955.0,86,1642516.5500000005
2026-08-10 12:36:50.159918641+05:30,413.75,415.0,411.25,412.65,4018.0,2277.0,92,1661101.95
2026-08-10 12:44:55.183760990+05:30,412.8,415.0,411.55,415.0,3823.0,1010.0,74,1576865.8499999999
2026-08-10 12:52:56.460961326+05:30,416.0,416.9500000000001,412.05,413.0,4127.0,1788.0,91,1714766.2499999998
2026-08-10 13:00:58.911922273+05:30,412.9,414.9,410.35,410.55,3316.0,1464.0,79,1369634.4500000002
2026-08-10 13:09:05.478285781+05:30,411.0,412.85,409.4500000000001,412.85,2792.0,1676.0,77,1146686.4999999998
2026-08-10 13:17:09.982261113+05:30,412.6,414.9500000000001,412.5,412.9,4269.0,2275.0,108,1765560.4000000004
2026-08-10 13:25:22.405936266+05:30,413.1,413.6,411.35,411.85,4467.0,1967.0,87,1842865.6
2026-08-10 13:33:24.338359068+05:30,411.4500000000001,417.55,411.4500000000001,415.6,3495.0,1616.0,75,1447737.9000000001
2026-08-10 13:41:25.583911483+05:30,415.35,418.05,415.3,417.25,3898.0,2003.0,86,1624445.25
2026-08-10 13:49:27.572158605+05:30,416.7000000000001,419.5,416.35,417.4,3781.0,1776.0,90,1581267.6499999997
2026-08-10 13:57:29.296519514+05:30,416.9,418.05,413.65,414.5,5429.0,2318.0,90,2261132.150000001
2026-08-10 14:05:38.600231992+05:30,414.25,416.35,413.85,415.5,5151.0,2989.0,116,2138939.55
2026-08-10 14:13:40.275035850+05:30,415.7000000000001,418.1,414.2000000000001,415.25,5295.0,2462.0,102,2204873.9499999997
2026-08-10 14:21:42.702037881+05:30,416.15,417.05,411.05,411.5,4504.0,2159.0,117,1864808.2500000005
2026-08-10 14:29:44.964235999+05:30,412.15,413.55,409.4,410.8,4348.0,2250.0,106,1788510.0000000002
2026-08-10 14:37:46.055209824+05:30,411.05,411.1,405.2000000000001,407.0,4792.0,2218.0,117,1955969.8500000003
2026-08-10 14:45:48.611808163+05:30,406.6,408.55,405.55,406.05,5545.0,3089.0,132,2256062.650000001
2026-08-10 14:53:53.148211999+05:30,406.25,408.15,403.15,404.2000000000001,5121.0,2321.0,119,2073619.15
2026-08-10 15:01:53.438989742+05:30,404.0,405.2000000000001,400.6,400.9500000000001,6387.0,2827.0,157,2572821.2
2026-08-10 15:09:56.036756579+05:30,401.0,401.7000000000001,393.15,395.8,7783.0,3948.0,187,3084613.3000000007
2026-08-10 15:17:56.501565626+05:30,395.4500000000001,400.9500000000001,394.15,400.75,9979.0,5073.0,223,3962769.0999999964
2026-08-10 15:25:58.935110119+05:30,400.75,409.65,400.65,405.4,14009.0,7166.0,334,5700922.1
2026-08-11 09:15:00.000007491+05:30,405.75,410.9,401.3,410.15,27567.0,15348.0,557,11202253.39999999
2026-08-11 09:23:00.505718137+05:30,410.25,415.15,409.3,409.5,26333.0,12657.0,586,10853864.350000005
2026-08-11 09:31:02.938818215+05:30,409.9,414.2000000000001,407.5,410.4,10741.0,4999.0,232,4414378.999999997
2026-08-11 09:39:04.627317473+05:30,410.5,412.4,406.9500000000001,411.1,7963.0,4356.0,176,3261861.6499999994
2026-08-11 09:47:13.457767835+05:30,411.2000000000001,411.65,406.85,407.4500000000001,5605.0,2702.0,131,2295503.0000000005
2026-08-11 09:55:13.911664014+05:30,407.35,408.0,404.85,406.9,5032.0,2695.0,126,2044633.2499999998
2026-08-11 10:03:15.075130528+05:30,406.55,408.5,404.9500000000001,404.9500000000001,4605.0,2376.0,107,1874313.5500000003
2026-08-11 10:11:17.049789076+05:30,404.55,405.6,400.4500000000001,401.8,6148.0,3150.0,110,2475252.549999999
2026-08-11 10:19:21.792798570+05:30,402.2000000000001,402.85,401.15,402.6,4510.0,2337.0,97,1812949.65
2026-08-11 10:27:23.318415778+05:30,403.05,405.85,402.55,403.65,3702.0,1964.0,95,1494682.9500000004
2026-08-11 10:35:26.334907861+05:30,403.05,405.2000000000001,401.3,401.65,3986.0,1632.0,94,1609153.8999999997
2026-08-11 10:43:31.870690599+05:30,401.0,401.7000000000001,399.2000000000001,399.2000000000001,3052.0,1492.0,68,1222449.4499999997
2026-08-11 10:51:32.108190570+05:30,399.05,403.55,398.2000000000001,401.5,3343.0,2011.0,71,1341441.0499999998
2026-08-11 10:59:35.047094596+05:30,401.75,402.9500000000001,398.8,398.8,4298.0,2306.0,81,1726645.6000000003
2026-08-11 11:07:40.280238534+05:30,399.05,402.85,398.9500000000001,401.4500000000001,3966.0,2566.0,79,1590325.6999999997
2026-08-11 11:15:46.209211337+05:30,401.65,404.75,401.4500000000001,403.0,2538.0,1564.0,75,1023428.0499999999
2026-08-11 11:23:51.356121565+05:30,402.9500000000001,404.8,402.3,404.1,3239.0,1303.0,80,1306487.5999999999
2026-08-11 11:32:00.051280734+05:30,404.25,408.55,404.05,408.0,3633.0,1888.0,78,1473205.4499999997
2026-08-11 11:40:01.501446138+05:30,407.9,407.9,404.85,406.3,2422.0,838.0,67,982963.7499999999
2026-08-11 11:48:04.007165196+05:30,406.7000000000001,409.5,405.9,408.05,3423.0,1947.0,87,1394225.1500000001
2026-08-11 11:56:16.532031759+05:30,408.4,410.05,406.3,407.5,4541.0,2232.0,71,1853501.2500000002
2026-08-11 12:04:20.411499554+05:30,407.2000000000001,412.7000000000001,407.2000000000001,409.75,2869.0,1798.0,60,1177690.7
2026-08-11 12:12:24.880014527+05:30,409.9500000000001,410.25,407.8,409.35,2829.0,924.0,70,1157576.3000000005
2026-08-11 12:20:46.075702322+05:30,408.9,414.75,408.7000000000001,414.5,2717.0,1533.0,70,1120771.4000000004
2026-08-11 12:28:47.281317417+05:30,414.55,420.5,414.55,420.5,3997.0,3003.0,74,1665723.5500000003
2026-08-11 12:36:49.028819244+05:30,420.6,424.0,419.55,424.0,2893.0,1786.0,57,1219665.5
2026-08-11 12:44:58.094408177+05:30,423.65,429.85,423.65,429.4,3967.0,2976.0,72,1697031.9999999998
2026-08-11 12:53:10.544395178+05:30,429.1,432.1,428.2000000000001,430.85,3705.0,1898.0,73,1592417.8499999994
2026-08-11 13:01:10.903057574+05:30,430.9500000000001,431.0,427.05,429.35,2275.0,933.0,68,976330.7999999997
2026-08-11 13:09:18.121344369+05:30,429.4,430.6,428.05,429.9,3624.0,1472.0,86,1556269.45
2026-08-11 13:17:26.295330494+05:30,429.9500000000001,432.85,428.05,428.15,2298.0,1051.0,70,991430.0500000003
2026-08-11 13:26:14.646522937+05:30,428.4500000000001,429.35,424.2000000000001,427.6,2479.0,1126.0,78,1059284.25
2026-08-11 13:34:20.738007647+05:30,427.75,427.75,424.1,425.85,4999.0,1855.0,79,2126728.15
2026-08-11 13:42:58.822477631+05:30,425.7000000000001,427.15,424.65,425.0,3874.0,1934.0,77,1649667.2
2026-08-11 13:51:09.877755137+05:30,425.55,426.15,423.8,425.0,3208.0,1763.0,76,1363595.0499999998
2026-08-11 13:59:10.851691801+05:30,424.9500000000001,430.25,424.8,430.25,3818.0,2295.0,91,1632639.2000000004
2026-08-11 14:07:20.237252966+05:30,430.0,436.5,429.5,434.9,4059.0,2162.0,91,1759077.7499999995
2026-08-11 14:15:26.214452343+05:30,434.5,434.7000000000001,430.4,430.55,4153.0,1785.0,88,1797097.3999999997
2026-08-11 14:23:27.299411877+05:30,430.55,432.2000000000001,427.1,428.1,5172.0,1728.0,86,2223348.3499999996
2026-08-11 14:31:33.032828888+05:30,428.3,430.75,427.35,428.65,3917.0,1549.0,99,1680953.0
2026-08-11 14:39:35.698990969+05:30,428.7000000000001,430.4500000000001,427.35,428.0,3914.0,1499.0,101,1677145.3500000003
2026-08-11 14:47:36.810751031+05:30,427.55,429.1,425.0,425.0,4701.0,2085.0,126,2009912.0499999998
2026-08-11 14:55:37.811427957+05:30,424.8,429.4,424.4,427.8,5339.0,3320.0,116,2284184.400000001
2026-08-11 15:03:39.630470914+05:30,427.75,438.15,427.4500000000001,437.7000000000001,7041.0,4519.0,148,3059244.5500000017
2026-08-11 15:11:42.857045850+05:30,437.55,439.15,435.8,438.85,8886.0,4246.0,173,3884331.5499999993
2026-08-11 15:19:46.688115652+05:30,439.9500000000001,446.2000000000001,438.75,444.65,10580.0,6126.0,205,4677386.600000001
2026-08-11 15:27:47.093371279+05:30,444.8,449.05,439.85,447.9,15144.0,6390.0,343,6737920.299999997
2026-08-12 09:15:00.000063975+05:30,447.8,448.0,441.4500000000001,445.9500000000001,15761.0,7798.0,350,7013833.549999999
2026-08-12 09:23:00.407204995+05:30,446.15,453.65,443.4,452.5,39624.0,20691.0,941,17760385.75
2026-08-12 09:31:01.309543200+05:30,452.3,455.85,447.4,451.35,17360.0,8790.0,363,7847812.399999998
2026-08-12 09:39:03.013493891+05:30,451.3,461.25,450.6,458.9,10429.0,5306.0,275,4761823.700000001
2026-08-12 09:47:03.219136901+05:30,458.9,459.05,451.1,451.85,10882.0,4666.0,247,4964752.849999996
2026-08-12 09:55:04.510135011+05:30,452.05,457.6,450.9,455.75,8926.0,5892.0,194,4052918.0500000003
2026-08-12 10:03:08.279983524+05:30,455.7000000000001,463.25,455.7000000000001,462.85,8347.0,5173.0,184,3835218.8499999978
2026-08-12 10:11:11.953337123+05:30,462.75,464.9,459.9,464.05,6150.0,3370.0,158,2846435.35
2026-08-12 10:19:13.346422346+05:30,463.85,472.9,463.5,469.8,7782.0,4813.0,164,3654453.799999999
2026-08-12 10:27:16.040792815+05:30,470.0,474.0,469.8,472.8,6593.0,3837.0,151,3110066.999999999
2026-08-12 10:35:22.590324230+05:30,472.7000000000001,473.4500000000001,466.4,466.9,5417.0,2518.0,151,2542349.400000001
2026-08-12 10:43:26.261381806+05:30,467.55,470.3,465.4,466.4500000000001,6336.0,3680.0,142,2959819.4500000007
2026-08-12 10:51:27.412407451+05:30,466.5,467.8,462.55,467.8,6612.0,3106.0,150,3074456.3
2026-08-12 10:59:27.783463992+05:30,468.1,468.1,463.8,467.35,6608.0,3247.0,132,3079858.2500000023
2026-08-12 11:07:36.827085684+05:30,467.4500000000001,468.9,463.1,463.35,8063.0,3369.0,146,3754753.3499999996
2026-08-12 11:15:45.796652200+05:30,463.6,467.4,461.4,465.0,5291.0,3222.0,133,2456735.55
2026-08-12 11:23:51.296531984+05:30,464.9,470.55,462.9500000000001,470.4,5715.0,2928.0,125,2659734.6999999997
2026-08-12 11:31:57.483118494+05:30,470.35,474.8,469.7000000000001,474.35,4623.0,2623.0,107,2184278.4
2026-08-12 11:39:58.607218031+05:30,474.35,478.4500000000001,473.4,478.4500000000001,5119.0,3262.0,124,2433309.3000000017
2026-08-12 11:48:04.091566395+05:30,478.2000000000001,485.0,477.25,481.0,5077.0,2457.0,126,2443327.7500000014
2026-08-12 11:56:04.538839365+05:30,480.9,485.3,478.9500000000001,485.3,5129.0,2546.0,105,2467879.1999999997
2026-08-12 12:04:08.268357153+05:30,485.2000000000001,487.1,483.85,484.7000000000001,4969.0,3029.0,121,2413247.900000001
2026-08-12 12:12:15.506146589+05:30,484.8,488.35,481.25,487.3,5408.0,3062.0,114,2623270.45
2026-08-12 12:20:20.830892068+05:30,487.75,489.25,483.7000000000001,489.25,6123.0,3590.0,114,2977276.7999999993
2026-08-12 12:28:22.754774605+05:30,489.0,489.0,480.1,484.1,4304.0,2136.0,111,2082301.1000000003
2026-08-12 12:36:25.937172824+05:30,483.9500000000001,483.9500000000001,480.65,481.6,4141.0,1367.0,90,1996765.3000000003
2026-08-12 12:44:31.659125076+05:30,482.9500000000001,482.9500000000001,475.7000000000001,476.25,5540.0,2055.0,118,2649932.650000001
2026-08-12 12:52:34.905620077+05:30,476.1,479.6,473.6,473.6,4177.0,2114.0,111,1989010.6
2026-08-12 13:00:35.273173753+05:30,473.5,475.7000000000001,471.55,475.15,6499.0,3897.0,134,3075491.1
2026-08-12 13:08:37.551998436+05:30,475.8,479.25,475.2000000000001,478.2000000000001,7040.0,4196.0,139,3362022.8000000007
2026-08-12 13:16:40.932286561+05:30,478.3,483.5,475.75,482.75,5757.0,3313.0,111,2763231.900000001
2026-08-12 13:24:41.504084404+05:30,482.9,484.15,479.85,482.2000000000001,5331.0,2245.0,128,2570750.4000000004
2026-08-12 13:32:42.871999493+05:30,482.25,484.55,481.55,483.55,4679.0,2358.0,108,2259711.2499999995
2026-08-12 13:41:01.788381774+05:30,483.5,488.75,482.8,488.75,5690.0,3394.0,135,2762789.999999999
2026-08-12 13:49:03.943621507+05:30,489.05,490.4,486.7000000000001,489.0,6609.0,2257.0,141,3228057.4999999995
2026-08-12 13:57:13.518729750+05:30,489.4,490.9,486.4,487.35,7193.0,3131.0,144,3511280.150000001
2026-08-12 14:05:20.480690828+05:30,486.85,492.55,486.55,490.35,7307.0,3891.0,138,3585009.1000000006
2026-08-12 14:13:22.578804796+05:30,489.9,490.3,486.4500000000001,489.75,7353.0,2849.0,152,3593772.7
2026-08-12 14:21:22.841654618+05:30,489.9,490.35,486.4,487.5,6633.0,2822.0,145,3242296.649999999
2026-08-12 14:29:26.595220209+05:30,488.55,491.6,485.2000000000001,486.05,6083.0,2860.0,140,2971522.7499999986
2026-08-12 14:37:27.761535673+05:30,486.2000000000001,487.35,479.15,482.55,8354.0,3920.0,188,4029817.25
2026-08-12 14:45:29.259669148+05:30,482.25,482.75,474.5,474.7000000000001,5991.0,2394.0,163,2878730.2
2026-08-12 14:53:35.777753231+05:30,475.25,475.25,468.9500000000001,474.25,10433.0,5695.0,188,4917571.7
2026-08-12 15:01:36.398242871+05:30,474.25,475.55,469.4,469.65,8471.0,4129.0,212,4000226.600000002
2026-08-12 15:09:36.859449449+05:30,469.65,471.1,466.25,469.75,10595.0,5880.0,253,4965172.250000002
2026-08-12 15:17:38.324934283+05:30,469.65,472.8,462.85,467.65,13011.0,6582.0,284,6093813.599999997
2026-08-12 15:25:39.746831168+05:30,467.7000000000001,474.85,465.0,468.05,17927.0,8270.0,425,8437831.049999999
2026-08-13 09:15:00.000002825+05:30,468.25,479.15,464.3,475.25,37548.0,19886.0,750,17797485.95000001
2026-08-13 09:23:00.818831374+05:30,475.65,494.4,473.35,486.85,40236.0,20972.0,918,19557356.550000012
2026-08-13 09:31:04.837404049+05:30,486.2000000000001,489.9500000000001,484.85,486.75,16305.0,7973.0,371,7938071.45
2026-08-13 09:39:05.904515252+05:30,486.85,488.6,481.5,485.35,12163.0,5967.0,271,5910769.8999999985
2026-08-13 09:47:06.755318096+05:30,486.0,490.9500000000001,484.2000000000001,488.65,9899.0,4813.0,242,4837381.6999999955
2026-08-13 09:55:08.049300007+05:30,488.55,495.25,487.3,490.7000000000001,10247.0,4900.0,207,5039156.499999998
2026-08-13 10:03:09.152708044+05:30,491.0,495.4500000000001,485.75,486.7000000000001,8412.0,3528.0,180,4128399.349999999
2026-08-13 10:11:14.379379208+05:30,486.4500000000001,490.9,483.8,490.6,5902.0,3103.0,173,2872755.2999999984
2026-08-13 10:19:17.113653328+05:30,490.2000000000001,493.15,490.0,491.4,6841.0,3537.0,156,3363402.2000000007
2026-08-13 10:27:17.725072385+05:30,491.5,491.5,482.0,482.0,6406.0,2368.0,151,3113639.6
2026-08-13 10:35:22.040098731+05:30,481.3,483.9500000000001,479.65,480.7000000000001,5169.0,2631.0,133,2490619.700000001
2026-08-13 10:43:22.855601971+05:30,481.0,488.6,481.0,488.35,5920.0,3353.0,138,2877905.8000000007
2026-08-13 10:51:24.194936622+05:30,488.3,492.5,487.7000000000001,492.5,5294.0,3009.0,138,2590472.299999999
2026-08-13 10:59:27.878354557+05:30,492.05,493.35,488.0,489.65,7356.0,3860.0,148,3607867.649999999
2026-08-13 11:07:41.337725124+05:30,489.7000000000001,491.6,486.85,486.85,4760.0,1976.0,120,2331463.0000000005
2026-08-13 11:15:43.157947349+05:30,486.9,491.65,484.0,487.25,6452.0,3762.0,129,3152719.65
2026-08-13 11:23:44.256900427+05:30,486.9,488.05,481.4,484.2000000000001,5867.0,3103.0,132,2838352.95
2026-08-13 11:31:50.858066953+05:30,485.3,488.35,481.5,486.25,6017.0,2406.0,128,2918964.6499999994
2026-08-13 11:39:57.151658824+05:30,486.35,486.35,481.7000000000001,481.7000000000001,4230.0,1910.0,120,2045474.4500000004
2026-08-13 11:47:59.852046407+05:30,482.2000000000001,484.25,480.3,481.0,5014.0,2110.0,107,2416902.999999999
2026-08-13 11:56:01.091943182+05:30,480.9,481.4500000000001,476.65,476.65,5049.0,2373.0,122,2420260.8000000017
2026-08-13 12:04:04.348932664+05:30,476.6,477.6,472.65,473.6,5766.0,3070.0,116,2738909.0500000003
2026-08-13 12:12:11.814819252+05:30,474.25,479.9,473.9500000000001,479.5,5607.0,2245.0,110,2673894.949999999
2026-08-13 12:20:13.865205280+05:30,479.0,480.5,475.8,475.8,3278.0,1435.0,101,1569415.6
2026-08-13 12:28:18.408454989+05:30,475.75,479.65,475.2000000000001,478.25,3736.0,2256.0,94,1784818.65
2026-08-13 12:36:20.043651006+05:30,478.6,479.05,474.1,475.8,5579.0,2249.0,107,2660447.1500000004
2026-08-13 12:44:30.238446451+05:30,475.35,476.25,470.75,470.75,4999.0,2102.0,113,2371332.2500000005
2026-08-13 12:52:34.008152069+05:30,470.65,474.4,470.65,473.9,3940.0,2507.0,107,1862423.75
2026-08-13 13:00:34.309630686+05:30,473.55,480.55,472.55,479.5,7217.0,4671.0,133,3441398.4500000007
2026-08-13 13:08:44.486669058+05:30,479.8,480.5,476.05,479.4,4156.0,2234.0,102,1988388.7999999996
2026-08-13 13:16:45.386336874+05:30,479.1,482.0,478.75,480.3,5167.0,3271.0,102,2480336.4999999995
2026-08-13 13:24:50.574633476+05:30,480.3,486.3,480.25,485.05,6044.0,3859.0,105,2919208.9499999993
2026-08-13 13:32:51.579850971+05:30,485.1,494.3,484.8,494.3,5995.0,3423.0,131,2935457.549999999
2026-08-13 13:40:54.647406451+05:30,494.25,500.05,493.3,499.5,4379.0,3064.0,100,2171376.9499999997
2026-08-13 13:49:04.937612725+05:30,499.85,505.9,498.4,504.85,6739.0,4194.0,145,3385529.4999999995
2026-08-13 13:57:10.964715009+05:30,504.5,505.7000000000001,502.25,503.6,5456.0,3342.0,107,2749442.650000002
2026-08-13 14:05:11.269269802+05:30,503.7000000000001,505.75,500.2000000000001,503.9,5136.0,2143.0,134,2583675.1999999993
2026-08-13 14:13:11.814342079+05:30,503.9500000000001,508.25,502.25,502.85,6313.0,3118.0,130,3190668.6000000015
2026-08-13 14:21:12.238539925+05:30,502.9,505.05,500.4,504.35,6077.0,1952.0,134,3055354.5500000007
2026-08-13 14:29:13.324101279+05:30,504.7000000000001,508.8,501.8,508.15,7193.0,4707.0,143,3635601.9000000013
2026-08-13 14:37:15.160364056+05:30,507.2000000000001,507.2000000000001,501.0,502.05,6876.0,3211.0,152,3467442.499999999
2026-08-13 14:45:25.322774137+05:30,502.2000000000001,503.7000000000001,495.1,495.9,8204.0,4033.0,175,4105927.65
2026-08-13 14:53:30.020109397+05:30,495.9,501.4500000000001,491.6,499.9500000000001,8616.0,3489.0,181,4263387.2
2026-08-13 15:01:30.291409990+05:30,499.35,499.35,488.7000000000001,489.9,8819.0,3881.0,195,4344846.399999999
2026-08-13 15:09:31.362823237+05:30,489.6,494.9500000000001,484.85,493.3,12293.0,5622.0,234,6032270.850000002
2026-08-13 15:17:35.714867197+05:30,493.05,497.7000000000001,491.85,495.15,13200.0,6366.0,283,6524757.9
2026-08-13 15:25:36.147258681+05:30,495.35,500.0,491.9500000000001,497.25,19237.0,9901.0,399,9556139.05
2026-08-14 09:15:00.002910465+05:30,497.3,498.85,491.0,491.0,37869.0,18276.0,726,18735472.549999993
2026-08-14 09:23:00.569538775+05:30,491.1,491.1,476.5,485.85,36594.0,16776.0,822,17675731.550000016
2026-08-14 09:31:10.750546214+05:30,485.7000000000001,497.15,485.1,495.9500000000001,14349.0,9191.0,301,7066353.449999996
2026-08-14 09:39:14.849976200+05:30,495.4,500.6,492.0,500.6,9151.0,5305.0,223,4532425.8
2026-08-14 09:47:15.016150002+05:30,500.4,501.05,496.9,497.7000000000001,8321.0,3985.0,181,4151431.1499999994
2026-08-14 09:55:22.206624135+05:30,497.5,498.75,491.75,492.9,6646.0,2725.0,157,3290495.1000000015
2026-08-14 10:03:22.249198896+05:30,493.6,496.3,492.15,495.1,6730.0,3275.0,159,3325072.1999999993
2026-08-14 10:11:25.049427973+05:30,495.7000000000001,498.5,494.4500000000001,496.05,6853.0,3020.0,129,3401892.4999999995
2026-08-14 10:19:26.604602585+05:30,495.4500000000001,498.35,493.0,494.65,6160.0,2981.0,121,3053463.4
2026-08-14 10:27:29.824211113+05:30,494.5,498.15,493.15,493.6,4605.0,2359.0,103,2281640.000000001
2026-08-14 10:35:30.773851367+05:30,493.35,494.7000000000001,491.25,491.4500000000001,3526.0,1805.0,110,1738102.4000000001
2026-08-14 10:43:48.047286037+05:30,491.5,491.75,488.25,489.1,5625.0,1939.0,107,2756623.15
2026-08-14 10:51:51.112922202+05:30,489.2000000000001,494.0,487.85,494.0,5644.0,3367.0,110,2765532.7000000016
2026-08-14 10:59:52.215532196+05:30,493.85,494.4500000000001,490.55,491.6,3291.0,1691.0,87,1622550.2499999998
2026-08-14 11:07:56.651236105+05:30,491.6,495.05,489.0,495.05,4032.0,2370.0,95,1982701.4500000007
2026-08-14 11:16:01.822070766+05:30,494.9,494.9500000000001,490.7000000000001,492.85,4708.0,2264.0,103,2322552.750000001
2026-08-14 11:24:03.511479782+05:30,493.0,498.75,492.7000000000001,495.4500000000001,3307.0,1743.0,81,1641197.0999999994
2026-08-14 11:32:07.035034990+05:30,495.1,497.9500000000001,493.75,493.75,4510.0,1993.0,112,2238141.3499999996
2026-08-14 11:40:13.941020157+05:30,493.65,493.8,488.7000000000001,491.25,4713.0,2353.0,97,2316259.1499999994
2026-08-14 11:48:37.928567539+05:30,491.4,494.5,488.7000000000001,494.05,4475.0,2486.0,91,2200491.3
2026-08-14 11:56:38.875638612+05:30,493.8,495.55,490.9500000000001,495.55,2877.0,1822.0,76,1421316.8499999996
2026-08-14 12:04:43.577855225+05:30,495.25,495.55,491.25,492.75,3513.0,1283.0,95,1732434.7499999998
2026-08-14 12:12:51.495219100+05:30,492.25,495.25,489.8,494.55,4316.0,1899.0,96,2126004.5
2026-08-14 12:20:53.241709227+05:30,494.9,494.9500000000001,489.4,490.1,3542.0,882.0,76,1741584.999999999
2026-08-14 12:28:56.256570014+05:30,490.2000000000001,492.5,486.9,492.5,3684.0,1454.0,87,1804544.2499999998
2026-08-14 12:36:56.630211380+05:30,492.15,494.3,490.65,491.85,3875.0,2008.0,86,1908441.6500000004
2026-08-14 12:44:59.922128502+05:30,491.75,495.1,491.75,493.1,3433.0,1856.0,73,1694633.5500000007
2026-08-14 12:53:14.469317444+05:30,493.4500000000001,494.5,490.4500000000001,492.4500000000001,2958.0,1410.0,82,1456583.2000000002
2026-08-14 13:01:14.622493846+05:30,492.55,492.7000000000001,489.4500000000001,490.35,4551.0,2125.0,91,2234305.5999999996
2026-08-14 13:09:16.327758067+05:30,490.35,492.5,487.9,490.55,4051.0,1834.0,96,1982612.2
2026-08-14 13:17:30.117997229+05:30,490.5,491.15,483.9,483.9,6078.0,3224.0,102,2961344.4499999993
2026-08-14 13:25:31.758809689+05:30,484.0,484.0,476.05,476.05,6373.0,1910.0,103,3059588.5
2026-08-14 13:33:36.379976607+05:30,476.15,479.2000000000001,475.7000000000001,478.5,2780.0,1174.0,85,1327279.55
2026-08-14 13:41:40.168064635+05:30,478.75,481.3,477.5,477.5,4028.0,1497.0,97,1931254.7999999998
2026-08-14 13:49:44.979081920+05:30,476.9,479.1,475.15,475.7000000000001,4059.0,1803.0,99,1936626.0000000005
2026-08-14 13:57:45.644889424+05:30,475.65,477.35,473.4500000000001,473.4500000000001,4991.0,2356.0,99,2375274.9500000007
2026-08-14 14:05:50.764854794+05:30,473.5,473.85,469.15,469.3,4199.0,1717.0,95,1978350.900000001
2026-08-14 14:13:55.215014008+05:30,468.9,473.0,468.0,469.3,7270.0,4508.0,134,3416101.6
2026-08-14 14:21:56.000024762+05:30,469.25,470.2000000000001,464.7000000000001,465.05,5434.0,2582.0,119,2539679.9499999997
2026-08-14 14:30:01.993252885+05:30,465.2000000000001,467.0,462.6,465.55,5691.0,2323.0,133,2643459.9999999995
2026-08-14 14:38:10.523914188+05:30,465.5,473.9,465.15,473.65,4967.0,2841.0,129,2332131.9000000013
2026-08-14 14:46:11.368676550+05:30,473.6,485.2000000000001,473.2000000000001,484.0,7720.0,5162.0,142,3710527.250000001
2026-08-14 14:54:11.594294970+05:30,483.5,489.6,482.35,488.65,8578.0,4645.0,153,4170083.8500000006
2026-08-14 15:02:13.079033528+05:30,489.3,489.75,480.9500000000001,480.9500000000001,7809.0,3811.0,167,3786054.45
2026-08-14 15:10:14.749087353+05:30,481.15,482.5,475.65,479.35,9767.0,4384.0,204,4677049.349999999
2026-08-14 15:18:18.164323971+05:30,479.6,483.3,475.55,476.5,10625.0,5548.0,255,5081270.949999999
2026-08-14 15:26:19.140666367+05:30,476.4,476.75,459.9,460.25,17042.0,6976.0,397,7978158.400000003
2026-08-17 09:15:00.004086498+05:30,460.15,461.25,447.35,449.6,28839.0,13958.0,545,13129097.299999995
2026-08-17 09:23:00.759650693+05:30,449.4,459.1,448.55,451.9500000000001,23852.0,13594.0,549,10843000.599999996
2026-08-17 09:31:02.281233114+05:30,452.3,458.3,451.35,454.75,10518.0,6046.0,229,4790407.700000001
2026-08-17 09:39:04.062744696+05:30,454.4500000000001,457.0,452.85,455.6,6231.0,3273.0,155,2831957.5499999993
2026-08-17 09:47:10.421700793+05:30,455.6,455.8,447.35,448.75,6453.0,2543.0,142,2911652.8
2026-08-17 09:55:11.061771211+05:30,448.8,449.1,440.9,442.6,5232.0,2502.0,125,2320975.6500000004
2026-08-17 10:03:11.816274369+05:30,442.85,443.35,441.25,442.6,4704.0,2113.0,94,2080394.1000000003
2026-08-17 10:11:19.605810893+05:30,443.25,444.2000000000001,440.35,442.8,4815.0,2460.0,109,2130511.5500000003
2026-08-17 10:19:21.046136667+05:30,442.7000000000001,446.75,442.6,446.05,5554.0,3822.0,117,2469243.45
2026-08-17 10:27:23.995252112+05:30,445.9500000000001,450.1,445.9500000000001,449.8,4977.0,2600.0,96,2231478.25
2026-08-17 10:35:50.049008023+05:30,449.9,453.7000000000001,449.0,453.7000000000001,3625.0,1503.0,69,1634625.1499999997
2026-08-17 10:43:51.233976682+05:30,453.35,456.5,452.75,454.85,2938.0,1393.0,87,1337038.6
2026-08-17 10:51:56.285342401+05:30,454.75,457.4500000000001,453.75,456.35,3630.0,2024.0,82,1653438.6999999997
2026-08-17 11:00:00.985896251+05:30,456.55,459.7000000000001,455.5,456.25,3002.0,1669.0,86,1372878.8
2026-08-17 11:08:11.480508178+05:30,456.4,461.3,456.05,459.85,3516.0,1956.0,88,1615178.7500000002
2026-08-17 11:16:11.651576484+05:30,459.9,460.15,456.65,459.05,2852.0,1731.0,69,1306265.8499999996
2026-08-17 11:24:20.809849351+05:30,459.5,465.3,459.5,463.5,2826.0,1870.0,63,1305969.6500000004
2026-08-17 11:32:21.558680317+05:30,463.65,464.25,462.3,463.75,3122.0,2127.0,57,1446470.45
2026-08-17 11:40:27.892805383+05:30,464.15,464.15,461.6,463.4,2308.0,1380.0,55,1069016.95
2026-08-17 11:48:34.311251240+05:30,463.55,468.15,463.15,465.2000000000001,4194.0,2352.0,79,1951547.25
2026-08-17 11:56:38.623437241+05:30,464.8,465.4,460.7000000000001,461.7000000000001,4018.0,1568.0,77,1861184.4
2026-08-17 12:04:57.023611455+05:30,462.1,462.85,460.2000000000001,460.8,3608.0,1484.0,53,1665676.0500000003
2026-08-17 12:12:59.107477608+05:30,460.9500000000001,462.4500000000001,460.85,461.8,2421.0,828.0,57,1117310.7499999998
2026-08-17 12:21:10.790506467+05:30,461.3,461.4,458.4500000000001,461.2000000000001,2369.0,1356.0,66,1089459.7499999998
2026-08-17 12:29:18.735352054+05:30,461.3,461.8,459.0,459.85,2930.0,1533.0,62,1348176.8000000003
2026-08-17 12:37:28.611695311+05:30,459.4500000000001,461.5,459.25,461.5,3291.0,1347.0,66,1514764.6500000004
2026-08-17 12:45:30.658756322+05:30,461.9,464.85,461.7000000000001,464.5,3317.0,1800.0,73,1537399.9
2026-08-17 12:53:34.219165307+05:30,464.55,464.9500000000001,460.4,463.9500000000001,3202.0,1289.0,75,1481757.6999999997
2026-08-17 13:01:41.143415730+05:30,464.0,464.05,460.25,460.25,3493.0,1864.0,76,1615018.500000001
2026-08-17 13:09:42.647891489+05:30,460.4500000000001,461.9,455.9500000000001,455.9500000000001,3107.0,1108.0,75,1425333.0499999998
2026-08-17 13:17:45.687388318+05:30,456.05,456.1,452.5,452.9500000000001,3073.0,1713.0,63,1396490.2500000002
2026-08-17 13:25:47.589361826+05:30,452.9,454.8,451.4500000000001,454.4,2186.0,1227.0,65,990794.05
2026-08-17 13:33:48.966694762+05:30,454.15,457.6,454.15,457.6,3084.0,1973.0,64,1405955.9000000001
2026-08-17 13:41:52.710838078+05:30,457.6,458.0,454.9,455.3,3347.0,1252.0,68,1527100.0000000005
2026-08-17 13:49:57.332852687+05:30,455.35,455.4,451.15,451.15,3660.0,1159.0,69,1659671.3999999997
2026-08-17 13:58:01.975967926+05:30,451.65,452.6,448.2000000000001,448.2000000000001,4499.0,2607.0,78,2027116.2
2026-08-17 14:06:03.687260945+05:30,448.75,449.2000000000001,446.35,448.65,4947.0,2413.0,111,2214966.2999999993
2026-08-17 14:14:03.949505839+05:30,448.75,450.5,446.4,450.4500000000001,3870.0,1716.0,84,1734315.2499999998
2026-08-17 14:22:04.312221095+05:30,450.8,455.0,450.35,453.4500000000001,6402.0,3452.0,101,2898370.05
2026-08-17 14:30:09.554433225+05:30,453.4500000000001,456.7000000000001,451.4,452.2000000000001,4002.0,2270.0,108,1817056.6999999995
2026-08-17 14:38:24.632191547+05:30,451.7000000000001,452.0,443.9,443.9500000000001,3793.0,1569.0,95,1694675.0000000002
2026-08-17 14:46:41.449004020+05:30,443.9,445.75,439.3,441.4500000000001,5502.0,2174.0,107,2430546.65
2026-08-17 14:54:49.073488470+05:30,441.2000000000001,444.7000000000001,440.2000000000001,440.2000000000001,5801.0,2168.0,119,2565918.25
2026-08-17 15:02:50.457402089+05:30,440.75,442.85,438.8,441.35,4403.0,2257.0,119,1940150.5000000002
2026-08-17 15:10:57.998085799+05:30,440.8,441.9,430.8,431.5,6340.0,2313.0,131,2765500.500000001
2026-08-17 15:19:00.898498459+05:30,431.9500000000001,436.25,429.4500000000001,433.55,9056.0,3756.0,193,3918042.950000001
2026-08-17 15:27:01.258609344+05:30,433.5,449.55,433.5,449.25,13781.0,8460.0,293,6074261.900000002
2026-08-18 09:15:00.001416950+05:30,448.9,456.15,446.75,448.9,17948.0,9402.0,374,8105263.099999992
2026-08-18 09:23:01.017645161+05:30,448.1,463.5,447.5,461.3,31343.0,14501.0,698,14291978.14999999
2026-08-18 09:31:03.007577726+05:30,461.35,465.05,458.25,461.75,13610.0,6425.0,264,6284787.999999998
2026-08-18 09:39:09.767379112+05:30,461.7000000000001,461.9,454.9500000000001,457.1,7903.0,3519.0,189,3620066.0000000005
2026-08-18 09:47:10.842864404+05:30,456.75,461.8,455.2000000000001,461.6,7661.0,4134.0,167,3504328.6500000004
2026-08-18 09:55:22.423048775+05:30,461.6,462.4500000000001,458.4500000000001,459.9,5533.0,2256.0,137,2548947.8500000006
2026-08-18 10:03:37.593941807+05:30,459.4500000000001,460.2000000000001,457.15,457.4,6095.0,3294.0,142,2796756.2000000007
2026-08-18 10:11:43.202510950+05:30,457.75,462.4,456.8,461.5,7215.0,4238.0,127,3308711.4500000007
2026-08-18 10:19:54.620756855+05:30,461.5,464.9500000000001,459.7000000000001,462.65,6433.0,3390.0,128,2973535.4499999993
2026-08-18 10:27:55.978943437+05:30,462.65,464.0,459.8,461.1,5083.0,2405.0,120,2348931.8500000006
2026-08-18 10:35:57.239544876+05:30,461.15,467.05,460.25,467.05,3574.0,1756.0,93,1656031.250000001
2026-08-18 10:44:04.173968875+05:30,467.15,469.75,467.0,469.25,3302.0,1415.0,92,1546423.8500000003
2026-08-18 10:52:05.356338855+05:30,469.5,469.5,465.6,468.1,5528.0,2132.0,89,2585172.8
2026-08-18 11:00:14.170236025+05:30,467.8,469.05,464.75,467.85,4073.0,2718.0,97,1901397.8500000006
2026-08-18 11:08:26.140626187+05:30,467.6,467.6,459.8,460.65,5028.0,2687.0,101,2329150.000000001
2026-08-18 11:16:26.496026247+05:30,460.4500000000001,460.4500000000001,452.4500000000001,452.55,3945.0,1163.0,93,1798173.05
2026-08-18 11:24:30.457314167+05:30,452.75,454.3,448.9500000000001,453.35,4405.0,1956.0,97,1988374.8000000005
2026-08-18 11:32:37.648788461+05:30,453.2000000000001,455.0,452.15,455.0,4067.0,2432.0,83,1843551.8000000005
2026-08-18 11:40:37.744236201+05:30,455.1,456.35,453.9500000000001,454.4500000000001,4583.0,2556.0,84,2086183.7499999998
2026-08-18 11:48:40.540461555+05:30,455.1,460.0,455.1,459.9,4188.0,2199.0,89,1915967.4500000007
2026-08-18 11:56:43.519556620+05:30,459.8,462.15,457.55,460.75,3157.0,1482.0,84,1450462.8500000008
2026-08-18 12:05:08.704470485+05:30,460.35,463.9500000000001,460.35,463.35,3668.0,2368.0,80,1698293.2999999998
2026-08-18 12:13:09.428188855+05:30,462.55,462.8,455.05,456.5,3043.0,1114.0,73,1396007.2499999998
2026-08-18 12:21:13.692426714+05:30,455.9500000000001,458.15,454.1,455.55,3536.0,1771.0,81,1615922.5999999994
2026-08-18 12:29:17.514153168+05:30,455.8,458.2000000000001,455.5,456.9,4221.0,2469.0,78,1927931.4000000006
2026-08-18 12:37:30.337101577+05:30,456.65,458.25,455.9,456.35,3404.0,2286.0,84,1556040.9000000006
2026-08-18 12:45:49.911240252+05:30,456.8,457.15,450.15,452.35,3287.0,1655.0,86,1491202.0500000003
2026-08-18 12:54:05.606466324+05:30,452.9500000000001,455.5,452.3,453.3,3631.0,1891.0,92,1648248.7500000002
2026-08-18 13:02:05.754084045+05:30,452.85,458.35,452.85,457.15,3202.0,1879.0,86,1458496.85
2026-08-18 13:10:07.047358862+05:30,457.35,459.05,455.35,458.0,3251.0,2055.0,77,1485791.1999999997
2026-08-18 13:18:11.147737208+05:30,458.1,459.1,455.55,456.25,5181.0,2501.0,104,2366780.0
2026-08-18 13:26:24.592175976+05:30,456.4,456.7000000000001,450.9,451.4,4830.0,1865.0,99,2191929.749999999
2026-08-18 13:34:24.846242407+05:30,452.1,453.0,448.55,452.25,3931.0,1479.0,80,1774891.2499999998
2026-08-18 13:42:39.707078707+05:30,452.4500000000001,453.65,450.2000000000001,451.8,4730.0,1812.0,82,2137916.3
2026-08-18 13:50:43.709861340+05:30,452.1,455.3,452.05,454.2000000000001,4661.0,2903.0,92,2115284.7000000007
2026-08-18 13:58:57.646323371+05:30,453.75,454.1,448.35,450.55,4890.0,2023.0,96,2203763.5499999993
2026-08-18 14:07:00.191592208+05:30,450.7000000000001,453.4500000000001,449.4500000000001,451.4,7127.0,3887.0,110,3218154.049999999
2026-08-18 14:15:00.505175531+05:30,451.15,454.1,450.4,452.3,7059.0,2370.0,121,3189508.799999999
2026-08-18 14:23:04.249715342+05:30,452.15,452.4,448.4,449.35,4452.0,1837.0,103,2006590.3
2026-08-18 14:31:05.789500237+05:30,449.05,453.6,446.8,453.5,6794.0,3601.0,118,3057660.700000002
2026-08-18 14:39:08.598411639+05:30,453.25,458.15,453.15,453.15,4825.0,1804.0,116,2198006.9499999997
2026-08-18 14:47:10.712775864+05:30,453.5,453.9,446.9500000000001,452.6,7036.0,3666.0,140,3169310.0000000005
2026-08-18 14:55:11.086450130+05:30,453.25,456.1,447.65,448.7000000000001,6498.0,2716.0,150,2942351.050000001
2026-08-18 15:03:14.817148360+05:30,448.75,450.7000000000001,443.3,443.5,7575.0,3122.0,161,3392430.8999999976
2026-08-18 15:11:15.303807450+05:30,443.9,446.65,441.4500000000001,445.6,8695.0,4285.0,190,3862525.7500000005
2026-08-18 15:19:16.011692086+05:30,445.75,446.4,439.55,441.2000000000001,8910.0,3872.0,223,3937198.849999999
2026-08-18 15:27:16.067639157+05:30,441.0,447.7000000000001,440.4,447.7000000000001,14988.0,8862.0,348,6656594.900000003
2026-08-19 09:15:00.000106763+05:30,447.9,456.6,447.9,452.3,18102.0,10528.0,416,8199375.800000002
2026-08-19 09:23:00.885893074+05:30,452.65,472.4,452.65,472.1,34353.0,17548.0,756,15907040.6
2026-08-19 09:31:04.496626445+05:30,472.15,472.3,464.9500000000001,471.5,10812.0,5623.0,268,5066835.05
2026-08-19 09:39:06.827395913+05:30,471.9500000000001,472.35,468.0,472.35,8507.0,3990.0,192,3995191.0000000005
2026-08-19 09:47:09.370033703+05:30,472.1,478.8,472.0,477.75,8107.0,4323.0,166,3862153.949999999
2026-08-19 09:55:10.007906473+05:30,478.0,481.75,474.9,475.15,6202.0,3797.0,153,2968309.7000000025
2026-08-19 10:03:24.713170839+05:30,474.9500000000001,481.8,474.9500000000001,480.25,5718.0,3160.0,131,2732915.0999999996
2026-08-19 10:11:26.192326019+05:30,480.4,480.7000000000001,473.6,476.5,4424.0,2247.0,111,2105044.3999999994
2026-08-19 10:19:27.666888833+05:30,476.4,480.5,476.3,480.5,5213.0,3525.0,120,2491818.600000001
2026-08-19 10:27:43.812593170+05:30,480.0,486.35,480.0,486.35,5113.0,3536.0,94,2468806.099999999
2026-08-19 10:35:52.457073465+05:30,486.5,490.65,486.2000000000001,490.65,5683.0,3287.0,119,2774423.6999999993
2026-08-19 10:43:57.879538466+05:30,490.6,491.05,487.8,491.05,4460.0,2439.0,87,2183543.0500000003
2026-08-19 10:52:03.543092044+05:30,490.7000000000001,491.0,486.9,486.9,3538.0,1532.0,105,1731576.450000001
2026-08-19 11:00:03.777233828+05:30,487.1,489.4,486.8,487.6,5864.0,2668.0,112,2863107.8000000003
2026-08-19 11:08:07.256316592+05:30,487.8,489.0,485.8,486.2000000000001,3780.0,1904.0,87,1843245.0500000005
2026-08-19 11:16:09.756943151+05:30,486.1,487.05,481.8,482.55,3322.0,1643.0,82,1609571.7500000002
2026-08-19 11:24:19.812831658+05:30,482.6,483.25,476.25,476.4,3986.0,1648.0,82,1908861.8000000005
2026-08-19 11:32:32.654799150+05:30,476.3,482.05,476.3,481.2000000000001,3117.0,1759.0,81,1493744.0999999996
2026-08-19 11:40:43.748294030+05:30,480.75,482.05,479.0,481.3,5812.0,3468.0,97,2794577.0
2026-08-19 11:48:47.935432446+05:30,481.0,481.0,476.25,476.9,4438.0,1925.0,87,2120451.1999999997
2026-08-19 11:56:49.212872903+05:30,476.8,480.15,474.05,480.0,2960.0,1620.0,88,1410890.5000000005
2026-08-19 12:04:55.865941230+05:30,479.9,481.5,477.6,479.7000000000001,3661.0,1903.0,93,1756280.1999999995
2026-08-19 12:13:00.488289496+05:30,479.85,480.75,477.35,478.4,3910.0,2025.0,99,1872675.2999999996
2026-08-19 12:21:00.946746866+05:30,477.6,479.8,475.9,475.9500000000001,3445.0,1718.0,81,1646265.950000001
2026-08-19 12:29:01.729915614+05:30,475.8,477.1,472.7000000000001,475.5,3232.0,1300.0,83,1533770.0000000005
2026-08-19 12:37:05.097835099+05:30,475.65,478.0,472.75,473.25,3374.0,1315.0,93,1605774.65
2026-08-19 12:45:06.620811517+05:30,473.15,477.25,473.15,477.25,3728.0,1977.0,88,1773563.75
2026-08-19 12:53:16.895893302+05:30,477.4500000000001,478.25,475.1,478.2000000000001,3734.0,2251.0,74,1778848.95
2026-08-19 13:01:19.073471391+05:30,478.75,486.7000000000001,478.4500000000001,485.3,3780.0,2589.0,75,1823821.8500000006
2026-08-19 13:09:21.857440690+05:30,485.8,490.05,484.3,486.2000000000001,4247.0,2120.0,96,2069911.7500000007
2026-08-19 13:17:23.766783244+05:30,485.6,486.2000000000001,482.9,484.25,3096.0,1814.0,78,1498692.7999999998
2026-08-19 13:25:26.177533417+05:30,484.1,484.9500000000001,481.8,482.9,4230.0,1712.0,88,2043560.1500000004
2026-08-19 13:33:29.270444548+05:30,482.4,488.25,481.8,487.4500000000001,4973.0,2226.0,115,2412814.65
2026-08-19 13:41:35.639317438+05:30,487.9500000000001,488.3,483.2000000000001,485.25,5543.0,2731.0,106,2689514.2
2026-08-19 13:49:35.752000798+05:30,485.1,489.35,483.7000000000001,487.8,4284.0,2852.0,106,2082930.4500000002
2026-08-19 13:57:37.134843679+05:30,488.0,490.4500000000001,487.05,488.85,4696.0,3018.0,90,2295113.35
2026-08-19 14:05:38.926471930+05:30,489.2000000000001,490.05,483.85,486.55,2982.0,1487.0,81,1450605.45
2026-08-19 14:13:43.782768691+05:30,486.0,487.75,484.3,484.3,3767.0,1793.0,97,1828820.6500000004
2026-08-19 14:21:46.733380593+05:30,484.5,488.9500000000001,483.85,488.75,5333.0,2573.0,111,2596908.3000000007
2026-08-19 14:29:47.649208740+05:30,488.7000000000001,489.5,481.5,483.9,5506.0,1980.0,118,2672451.1000000006
2026-08-19 14:37:51.845713640+05:30,484.4,487.35,482.35,482.65,4388.0,2319.0,128,2129067.150000001
2026-08-19 14:45:56.560389940+05:30,482.8,485.0,477.9500000000001,479.05,7073.0,3877.0,134,3400296.95
2026-08-19 14:53:58.235563234+05:30,479.55,480.7000000000001,478.25,479.4500000000001,6484.0,2720.0,139,3109401.6
2026-08-19 15:01:58.443027588+05:30,479.55,479.9500000000001,475.35,479.25,6783.0,2989.0,155,3241158.000000002
2026-08-19 15:09:58.835155930+05:30,479.2000000000001,482.9,479.2000000000001,482.4500000000001,6475.0,2741.0,161,3116856.1
2026-08-19 15:17:59.117232853+05:30,482.6,487.15,477.9,479.05,11024.0,5341.0,248,5321322.199999999
2026-08-19 15:26:00.562652159+05:30,479.1,482.3,475.65,480.75,16308.0,7239.0,336,7810780.599999999
2026-08-20 09:15:00.000007137+05:30,480.55,481.8,466.4,467.55,24051.0,10374.0,530,11402216.9
2026-08-20 09:23:03.891609746+05:30,467.2000000000001,485.75,464.2000000000001,484.9500000000001,42883.0,22112.0,995,20176049.99999999
2026-08-20 09:31:05.444058396+05:30,485.1,486.3,475.05,478.3,14273.0,6221.0,327,6857088.349999998
2026-08-20 09:39:05.754802985+05:30,478.8,478.8,468.8,468.8,12980.0,6517.0,257,6146736.050000003
2026-08-20 09:47:06.507920412+05:30,468.65,471.55,467.25,470.85,9672.0,4504.0,223,4538611.100000001
2026-08-20 09:55:08.585943186+05:30,471.25,474.5,470.1,470.9500000000001,7678.0,3502.0,177,3621697.3000000007
2026-08-20 10:03:08.632258117+05:30,471.5,477.1,470.35,473.6,9913.0,5382.0,210,4690695.349999999
2026-08-20 10:11:18.631446181+05:30,473.65,480.35,473.2000000000001,476.25,6984.0,3860.0,172,3328557.5499999984
2026-08-20 10:19:20.078043518+05:30,476.0,477.9500000000001,469.2000000000001,470.1,6599.0,2635.0,164,3115215.9499999997
2026-08-20 10:27:25.350384289+05:30,470.4,473.6,468.65,469.2000000000001,5960.0,3062.0,150,2810966.8999999994
2026-08-20 10:35:27.472945583+05:30,468.9500000000001,469.1,459.6,463.55,6145.0,2321.0,136,2849421.599999999
2026-08-20 10:43:28.990860483+05:30,463.8,469.4,463.25,468.6,4613.0,2840.0,125,2151035.7500000005
2026-08-20 10:51:32.979988343+05:30,468.5,475.9500000000001,465.4500000000001,475.9500000000001,6475.0,3720.0,133,3036459.8
2026-08-20 10:59:34.025282525+05:30,476.0,476.9500000000001,467.75,472.05,7128.0,2534.0,142,3362373.0000000005
2026-08-20 11:07:40.011859202+05:30,472.2000000000001,475.75,468.4500000000001,475.75,5603.0,2933.0,137,2637650.1
2026-08-20 11:15:41.139174678+05:30,475.9,487.9500000000001,475.35,484.05,5375.0,2963.0,130,2600119.9999999995
2026-08-20 11:23:44.073921158+05:30,483.4,484.9500000000001,479.4500000000001,482.65,4623.0,2448.0,122,2229992.0500000003
2026-08-20 11:31:49.610445904+05:30,482.85,485.25,480.55,484.85,4854.0,2583.0,106,2345293.5
2026-08-20 11:39:58.619735844+05:30,484.9,489.6,483.5,488.75,5978.0,3187.0,135,2907324.350000001
2026-08-20 11:47:58.969779109+05:30,489.1,497.05,488.7000000000001,496.6,3790.0,2002.0,112,1868427.0000000002
2026-08-20 11:56:06.288342123+05:30,497.1,504.25,496.55,504.0,4055.0,2403.0,109,2035310.65
2026-08-20 12:04:07.259334538+05:30,503.9,507.5,501.4,505.5,4046.0,1749.0,110,2042632.0999999996
2026-08-20 12:12:10.477513897+05:30,505.4500000000001,506.75,497.9,497.9,4066.0,1532.0,104,2045505.45
2026-08-20 12:20:11.424327775+05:30,497.8,500.35,496.25,498.3,4884.0,2302.0,113,2433988.150000002
2026-08-20 12:28:13.315117543+05:30,498.5,503.6,498.1,501.55,5020.0,2368.0,119,2515428.9499999997
2026-08-20 12:36:17.295944465+05:30,501.35,508.9500000000001,501.35,507.55,5322.0,2823.0,121,2691640.750000001
2026-08-20 12:44:22.261105407+05:30,507.6,512.2,506.4,512.2,5208.0,3148.0,118,2653953.55
2026-08-20 12:52:22.446302770+05:30,511.85,517.3000000000001,511.6,517.3000000000001,5193.0,3153.0,111,2671806.55
2026-08-20 13:00:22.920407286+05:30,516.8000000000001,522.75,516.2,522.75,3919.0,2299.0,92,2034519.6000000006
2026-08-20 13:08:24.081092720+05:30,522.1,523.9,517.35,519.85,6582.0,2046.0,110,3419513.5999999996
2026-08-20 13:16:31.522922884+05:30,520.8000000000001,522.35,518.5500000000001,521.35,6273.0,3537.0,133,3266941.75
2026-08-20 13:24:35.280498244+05:30,521.1,522.6,517.65,519.45,5224.0,3416.0,114,2718640.349999999
2026-08-20 13:32:36.314312989+05:30,519.65,520.9,517.1,519.6,6578.0,3282.0,113,3412317.900000001
2026-08-20 13:40:40.864958512+05:30,518.85,523.45,517.65,522.5500000000001,6434.0,3679.0,138,3352937.3
2026-08-20 13:48:47.199223593+05:30,522.8000000000001,525.65,521.35,523.8000000000001,4665.0,2355.0,124,2441450.5500000007
2026-08-20 13:56:47.315098629+05:30,523.4,528.65,521.9,528.15,6426.0,3429.0,128,3373074.9000000004
2026-08-20 14:04:50.321661585+05:30,528.0,532.9,527.3000000000001,530.4,6287.0,2880.0,126,3333886.7000000007
2026-08-20 14:12:53.634276553+05:30,530.0,534.5,527.7,534.2,5243.0,2239.0,130,2778889.4
2026-08-20 14:20:55.120547229+05:30,534.0500000000001,536.35,531.25,533.15,6806.0,3084.0,160,3634203.350000001
2026-08-20 14:28:56.940463399+05:30,533.35,535.6,528.8000000000001,531.7,5171.0,2628.0,127,2756028.7500000005
2026-08-20 14:37:05.683264286+05:30,532.0,535.8000000000001,530.8000000000001,530.8000000000001,7739.0,4034.0,172,4125158.600000001
2026-08-20 14:45:06.153836306+05:30,530.4,531.35,523.35,526.75,8776.0,4169.0,193,4623376.649999998
2026-08-20 14:53:06.351546499+05:30,526.5,528.95,520.6,528.15,9571.0,4716.0,193,5019409.050000004
2026-08-20 15:01:06.676050628+05:30,528.4,528.9,523.0500000000001,525.0,10159.0,5109.0,207,5339377.750000003
2026-08-20 15:09:08.644795922+05:30,524.3000000000001,537.3000000000001,523.0,533.5,11575.0,6550.0,242,6142401.849999996
2026-08-20 15:17:09.215649475+05:30,533.6,537.35,530.8000000000001,533.25,10754.0,5117.0,276,5738950.600000001
2026-08-20 15:25:09.949170990+05:30,533.15,533.75,522.3000000000001,526.5500000000001,20617.0,10331.0,450,10855541.900000002
2026-08-21 09:15:00.000065042+05:30,526.35,529.0,514.7,519.3000000000001,34620.0,15928.0,773,18118770.100000013
2026-08-21 09:23:00.305514367+05:30,519.5,536.4,519.3000000000001,528.75,35282.0,18301.0,772,18719598.999999993
2026-08-21 09:31:00.754347912+05:30,528.75,529.9,523.85,524.35,11811.0,5998.0,250,6216677.400000002
2026-08-21 09:39:08.454406525+05:30,524.15,527.15,517.85,521.0,8086.0,4633.0,185,4236227.5
2026-08-21 09:47:11.246800365+05:30,521.2,523.7,516.6,516.65,6241.0,2730.0,159,3246956.4999999986
2026-08-21 09:55:12.730876870+05:30,516.4,516.7,509.75,513.3000000000001,6433.0,2566.0,163,3303220.4000000004
2026-08-21 10:03:18.456595876+05:30,513.35,515.2,509.0,509.2000000000001,7024.0,3634.0,154,3598554.750000001
2026-08-21 10:11:18.562330311+05:30,509.25,516.0500000000001,508.25,516.0500000000001,4962.0,1980.0,114,2544444.9999999995
2026-08-21 10:19:20.045695724+05:30,515.95,518.45,511.5,511.75,4983.0,2631.0,112,2569303.0
2026-08-21 10:27:20.990735291+05:30,512.2,514.75,510.5,514.75,5605.0,3033.0,120,2870732.749999999
2026-08-21 10:35:22.159951122+05:30,514.5500000000001,514.95,507.4500000000001,508.15,4819.0,2077.0,107,2462343.1
2026-08-21 10:43:23.487246159+05:30,508.25,508.65,504.4500000000001,504.4500000000001,4145.0,2071.0,92,2099699.3000000003
2026-08-21 10:51:27.612837163+05:30,504.25,504.65,500.35,503.0,4673.0,1790.0,87,2347148.3499999996
2026-08-21 10:59:34.098632112+05:30,503.15,504.3,500.55,503.7000000000001,6017.0,3075.0,123,3021372.35
2026-08-21 11:07:34.369219853+05:30,503.7000000000001,504.9,498.7000000000001,499.25,5138.0,2061.0,104,2583382.5999999987
2026-08-21 11:15:51.129448552+05:30,498.4,498.7000000000001,492.7000000000001,493.85,3299.0,1193.0,88,1633565.0500000003
2026-08-21 11:23:56.779648970+05:30,493.8,498.0,492.9,498.0,3541.0,2144.0,92,1753425.1500000001
2026-08-21 11:32:01.856878675+05:30,497.4500000000001,497.65,495.0,495.3,4233.0,2284.0,103,2100848.45
2026-08-21 11:40:04.676660180+05:30,495.0,495.4500000000001,491.7000000000001,492.05,4219.0,2056.0,86,2082763.0999999996
2026-08-21 11:48:05.153471967+05:30,492.8,494.7000000000001,490.15,491.1,2942.0,1171.0,85,1448231.45
2026-08-21 11:56:07.925932196+05:30,491.4,494.4500000000001,490.25,494.4500000000001,2679.0,1146.0,81,1318053.05
2026-08-21 12:04:14.488937889+05:30,494.35,494.6,487.4,487.4,3914.0,1307.0,83,1922332.6
2026-08-21 12:12:17.984887976+05:30,487.55,487.55,483.15,486.05,3476.0,1259.0,81,1686675.1999999997
2026-08-21 12:20:31.870055514+05:30,486.05,490.3,484.5,486.9,3603.0,1798.0,81,1756054.9499999997
2026-08-21 12:28:34.210335210+05:30,486.5,487.5,483.3,483.35,2774.0,1493.0,76,1347171.9999999998
2026-08-21 12:36:45.533188422+05:30,483.4500000000001,484.75,478.75,480.0,3092.0,1554.0,85,1487974.15
2026-08-21 12:44:55.813796464+05:30,479.7000000000001,481.85,478.4,478.9500000000001,3457.0,2056.0,80,1658693.3500000003
2026-08-21 12:52:57.406142340+05:30,479.0,480.9500000000001,477.85,480.2000000000001,3590.0,2441.0,78,1720250.1999999993
2026-08-21 13:01:00.291770553+05:30,480.05,482.3,478.8,481.3,4853.0,2292.0,96,2332039.4000000004
2026-08-21 13:09:03.510480760+05:30,481.4500000000001,483.7000000000001,480.0,482.25,3729.0,1620.0,85,1798787.7000000002
2026-08-21 13:17:06.806604384+05:30,481.8,485.85,481.8,483.55,3987.0,2380.0,84,1926871.5500000007
2026-08-21 13:25:08.187559828+05:30,483.9,484.1,479.6,480.9500000000001,3760.0,1190.0,87,1810424.3
2026-08-21 13:33:13.643065212+05:30,481.0,482.6,475.75,478.25,4608.0,1974.0,100,2210812.05
2026-08-21 13:41:18.768790517+05:30,478.35,478.9500000000001,473.65,475.15,3552.0,1758.0,91,1692055.9000000001
2026-08-21 13:49:21.929037524+05:30,475.4500000000001,476.4,472.75,473.05,4416.0,2130.0,106,2097206.299999999
2026-08-21 13:57:33.273443243+05:30,472.9500000000001,474.05,470.35,471.4,3860.0,1932.0,105,1820894.7000000007
2026-08-21 14:06:00.306056841+05:30,470.7000000000001,471.05,466.25,470.15,4493.0,1620.0,105,2106853.5000000005
2026-08-21 14:14:00.558958380+05:30,470.55,471.1,467.2000000000001,468.8,4610.0,3077.0,94,2162514.9500000007
2026-08-21 14:22:11.270583362+05:30,468.4500000000001,472.3,464.75,471.3,6395.0,3192.0,112,2999666.1000000006
2026-08-21 14:30:28.511570082+05:30,471.7000000000001,471.8,468.1,471.55,5889.0,2403.0,121,2770109.2500000014
2026-08-21 14:38:29.219566245+05:30,470.8,475.65,470.05,475.15,4334.0,2640.0,123,2048536.4999999998
2026-08-21 14:46:29.301217711+05:30,474.3,481.05,474.3,480.7000000000001,5998.0,2608.0,130,2866187.3
2026-08-21 14:54:32.555112469+05:30,480.35,490.6,480.35,489.25,6000.0,3337.0,142,2914354.950000001
2026-08-21 15:02:40.011066966+05:30,489.05,490.55,482.75,483.8,6580.0,2999.0,172,3203925.4499999997
2026-08-21 15:10:42.911433728+05:30,483.7000000000001,489.3,483.5,485.4,9838.0,5549.0,202,4779108.35
2026-08-21 15:18:43.566310548+05:30,485.4500000000001,491.5,483.25,490.5,11066.0,4728.0,236,5385732.399999999
2026-08-21 15:26:43.806398820+05:30,491.1,496.2000000000001,490.25,491.55,16499.0,8801.0,365,8132400.700000003
