timestamp,open,high,low,close,volume,cum_buy_volume,cum_ticks,cum_dollar_value
2026-05-25 09:15:18.188315739+05:30,391.9500000000001,393.55,389.7000000000001,392.35,6685.0,3233.0,148,2621873.7
2026-05-25 09:16:35.388617488+05:30,393.0,398.25,392.9,394.4500000000001,6736.0,3804.0,171,2664584.3500000006
2026-05-25 09:19:13.770247897+05:30,394.4,397.7000000000001,393.7000000000001,396.1,6560.0,3532.0,168,2591654.699999999
2026-05-25 09:21:02.848674578+05:30,396.1,396.7000000000001,393.2000000000001,396.6,7070.0,3058.0,120,2794343.900000001
2026-05-25 09:24:02.928417377+05:30,397.15,397.15,391.35,391.9500000000001,6713.0,2443.0,105,2646738.8499999996
2026-05-25 09:28:48.875142049+05:30,391.5,392.05,388.2000000000001,389.1,6637.0,2710.0,144,2593415.6999999997
2026-05-25 09:33:34.132646242+05:30,388.9500000000001,394.8,387.9500000000001,394.25,6625.0,3476.0,135,2590969.45
2026-05-25 09:38:39.937885145+05:30,393.9500000000001,397.4,393.35,394.75,6551.0,3445.0,134,2593472.7999999993
2026-05-25 09:48:55.278143543+05:30,394.75,395.75,392.55,395.1,6674.0,3511.0,171,2631033.7500000005
2026-05-25 09:58:57.140147814+05:30,395.2000000000001,395.3,388.55,389.0,6659.0,2645.0,161,2615083.3
2026-05-25 10:09:04.775123911+05:30,388.9,394.15,387.8,393.0,6652.0,2584.0,128,2595462.5499999984
2026-05-25 10:20:56.189303059+05:30,392.4500000000001,393.55,387.1,387.55,6986.0,3029.0,152,2724865.1500000004
2026-05-25 10:32:56.854250879+05:30,387.55,388.9500000000001,383.1,383.6,6745.0,2722.0,146,2606201.349999998
2026-05-25 10:46:24.666248654+05:30,383.8,384.0,380.55,381.05,6993.0,3188.0,152,2674559.300000001
2026-05-25 11:01:40.323243740+05:30,381.0,382.4500000000001,379.35,381.7000000000001,6888.0,3704.0,152,2624634.35
2026-05-25 11:13:12.809998331+05:30,381.8,384.25,380.85,383.3,6872.0,3572.0,118,2628570.1000000006
2026-05-25 11:28:35.514877389+05:30,383.4,385.3,379.1,381.3,6813.0,3387.0,166,2608356.6
2026-05-25 11:44:32.427480033+05:30,381.15,384.65,380.25,380.9500000000001,6845.0,3707.0,167,2619545.549999999
2026-05-25 12:02:13.980903175+05:30,381.35,384.65,379.4500000000001,383.9,6822.0,3512.0,167,2607261.8000000003
2026-05-25 12:20:05.014044402+05:30,384.4,385.9500000000001,383.6,384.0,6902.0,3127.0,162,2653209.9499999997
2026-05-25 12:36:26.354772258+05:30,383.8,383.8,377.35,377.35,6808.0,2879.0,152,2591443.6999999993
2026-05-25 12:55:28.671827445+05:30,377.6,380.85,375.3,376.4,6867.0,3435.0,178,2592415.0500000017
2026-05-25 13:11:45.511801949+05:30,376.4500000000001,380.85,376.4500000000001,378.05,6855.0,4442.0,147,2594385.9999999995
2026-05-25 13:30:46.048494358+05:30,378.35,382.85,377.3,382.8,6835.0,3767.0,169,2591192.949999999
2026-05-25 13:43:13.404657993+05:30,382.75,386.85,381.5,385.75,6774.0,3855.0,149,2601901.200000002
2026-05-25 13:58:35.781409843+05:30,385.5,389.35,385.5,387.55,6719.0,3947.0,160,2602192.450000001
2026-05-25 14:12:19.603931283+05:30,387.9500000000001,389.0,384.55,386.1,6716.0,3808.0,152,2595810.55
2026-05-25 14:26:07.331632009+05:30,386.05,393.1,386.05,392.65,6850.0,3533.0,175,2668338.599999999
2026-05-25 14:37:11.724897305+05:30,392.7000000000001,394.05,387.4500000000001,389.65,6659.0,3506.0,161,2600461.000000001
2026-05-25 14:45:14.822775176+05:30,389.7000000000001,392.15,387.85,392.1,6651.0,2473.0,119,2593738.4499999993
2026-05-25 14:53:57.732103300+05:30,392.1,394.9500000000001,392.1,394.05,6581.0,3729.0,135,2592745.4000000004
2026-05-25 15:01:52.061906411+05:30,394.1,408.65,394.05,407.2000000000001,6618.0,3386.0,141,2648706.3999999994
2026-05-25 15:07:00.829944038+05:30,406.75,410.3,406.75,407.7000000000001,6349.0,3403.0,122,2598366.5999999996
2026-05-25 15:14:01.819010202+05:30,407.85,408.65,403.0,405.65,6610.0,2869.0,152,2677207.85
2026-05-25 15:19:16.680776158+05:30,405.9,405.9,398.9,402.15,6451.0,3382.0,141,2591645.6999999983
2026-05-25 15:23:36.470407480+05:30,402.25,404.25,399.2000000000001,401.5,6463.0,3373.0,146,2599522.8499999987
2026-05-25 15:26:47.409797302+05:30,401.35,401.6,395.8,397.4500000000001,6565.0,3211.0,158,2614768.25
2026-05-25 15:28:27.472341960+05:30,397.55,397.55,391.05,392.15,6584.0,4421.0,133,2596682.5499999993
2026-05-25 15:29:39.345248903+05:30,392.4,395.2000000000001,390.9,393.35,6663.0,3004.0,151,2617164.0
2026-05-26 09:15:00.041377276+05:30,393.4,406.9,393.25,406.9,6496.0,4015.0,153,2597278.4499999997
2026-05-26 09:15:26.955630956+05:30,407.5,408.5,404.9,406.9,6430.0,4253.0,149,2615758.8000000007
2026-05-26 09:16:43.292805709+05:30,407.1,407.85,404.8,406.1,6589.0,4047.0,144,2677864.2999999993
2026-05-26 09:19:06.537248932+05:30,406.3,406.3,400.2000000000001,403.55,6490.0,3130.0,145,2619591.0
2026-05-26 09:22:04.629064825+05:30,403.6,403.6,397.3,397.3,6709.0,2597.0,135,2686552.3499999987
2026-05-26 09:26:16.373318380+05:30,397.35,398.65,392.7000000000001,394.15,6547.0,2193.0,143,2591505.650000002
2026-05-26 09:32:44.207253488+05:30,394.15,394.25,389.2000000000001,391.3,6623.0,3964.0,161,2592249.5500000007
2026-05-26 09:39:43.214249119+05:30,391.25,395.6,390.9500000000001,392.7000000000001,6614.0,3250.0,161,2597517.000000001
2026-05-26 09:49:19.613985553+05:30,393.2000000000001,396.75,391.85,393.15,6615.0,3646.0,171,2608763.55
2026-05-26 09:58:31.655459283+05:30,392.8,394.9500000000001,391.1,393.65,6607.0,3523.0,147,2597557.5500000003
2026-05-26 10:09:49.837161438+05:30,394.3,398.15,393.15,397.85,6550.0,3373.0,138,2594785.4499999997
2026-05-26 10:20:46.836906945+05:30,397.85,398.4,394.75,397.4500000000001,6552.0,2734.0,136,2600431.5000000014
2026-05-26 10:31:25.623131137+05:30,397.8,402.65,397.4500000000001,402.1,6672.0,2722.0,128,2671629.850000001
2026-05-26 10:43:04.981511952+05:30,402.1,410.3,401.75,410.3,6620.0,3701.0,148,2691096.65
2026-05-26 10:55:48.011636664+05:30,410.55,412.5,408.3,412.2000000000001,6318.0,3062.0,130,2594299.5
2026-05-26 11:04:26.455879484+05:30,412.25,419.55,412.1,418.9,6272.0,3610.0,100,2605417.7999999993
2026-05-26 11:19:40.932280720+05:30,418.9,421.05,416.1,416.35,6208.0,2793.0,152,2601385.0999999987
2026-05-26 11:30:30.746279838+05:30,416.55,416.55,411.1,411.25,6246.0,2465.0,123,2591071.6500000004
2026-05-26 11:43:19.184701558+05:30,411.25,415.5,410.35,415.1,6467.0,4117.0,139,2675441.4500000016
2026-05-26 12:03:28.351564384+05:30,415.0,418.4500000000001,414.0,417.9500000000001,6275.0,3293.0,174,2609851.450000001
2026-05-26 12:14:03.698370911+05:30,418.05,418.75,415.35,417.05,6216.0,2146.0,109,2593903.95
2026-05-26 12:29:44.700296345+05:30,416.65,420.6,414.65,419.65,6213.0,3700.0,153,2591343.25
2026-05-26 12:42:25.908844886+05:30,419.65,419.85,415.9500000000001,418.7000000000001,6220.0,2838.0,118,2601863.849999999
2026-05-26 12:55:49.055816647+05:30,418.75,420.75,417.7000000000001,419.65,6223.0,3284.0,105,2608694.1000000006
2026-05-26 13:07:30.140720167+05:30,419.75,420.75,417.7000000000001,420.15,6301.0,2554.0,112,2643556.9000000013
2026-05-26 13:19:01.398583448+05:30,420.0,420.0,408.7000000000001,408.7000000000001,6264.0,1651.0,101,2599631.300000001
2026-05-26 13:33:05.191034854+05:30,409.0,409.0,405.6,407.1,6388.0,3713.0,129,2599331.25
2026-05-26 13:48:07.245620400+05:30,406.8,407.65,405.2000000000001,406.7000000000001,6393.0,3580.0,169,2598021.5500000007
2026-05-26 14:02:35.365289211+05:30,407.05,410.0,405.05,405.15,6419.0,2818.0,159,2614652.2500000005
2026-05-26 14:14:07.190447131+05:30,405.15,410.15,404.7000000000001,406.75,6359.0,2616.0,129,2592083.700000001
2026-05-26 14:27:02.543888600+05:30,406.55,409.7000000000001,405.75,408.75,6370.0,3133.0,138,2596802.9999999995
2026-05-26 14:36:05.121531792+05:30,408.85,412.05,408.85,409.85,6328.0,3810.0,134,2598346.2500000005
2026-05-26 14:46:33.237145648+05:30,409.8,417.9500000000001,408.0,417.9,6663.0,3607.0,140,2750723.549999999
2026-05-26 14:55:54.777630448+05:30,417.8,418.0,413.2000000000001,413.2000000000001,6236.0,3198.0,139,2592580.8499999996
2026-05-26 15:05:15.900227202+05:30,412.85,414.4,408.85,410.55,6295.0,3055.0,149,2595519.2
2026-05-26 15:11:59.659760134+05:30,410.3,410.8,406.9500000000001,407.8,6362.0,3574.0,149,2599866.3499999996
2026-05-26 15:18:08.604755553+05:30,407.8,408.85,405.2000000000001,407.9500000000001,6392.0,4177.0,136,2602444.55
2026-05-26 15:22:22.711445885+05:30,407.9,411.35,407.6,408.6,6334.0,3107.0,123,2592794.45
2026-05-26 15:26:03.311282282+05:30,408.55,409.25,403.4,404.2000000000001,6379.0,2532.0,137,2596154.55
2026-05-26 15:28:03.351085736+05:30,404.25,407.7000000000001,403.35,404.25,6643.0,3158.0,125,2691362.049999999
2026-05-26 15:29:32.767794663+05:30,404.2000000000001,406.7000000000001,398.9500000000001,398.9500000000001,6458.0,3041.0,167,2605997.3999999994
2026-05-26 15:29:57.778930020+05:30,398.9,403.1,397.5,401.9500000000001,6470.0,4166.0,121,2591293.75
2026-05-27 09:15:10.348386194+05:30,402.0,402.75,399.0,401.0,6521.0,3436.0,163,2612311.75
2026-05-27 09:15:55.913103203+05:30,400.9,403.4500000000001,398.4,400.5,6501.0,3392.0,144,2605743.000000001
2026-05-27 09:18:04.763820713+05:30,400.65,400.65,396.4500000000001,397.5,6585.0,3323.0,164,2623347.499999999
2026-05-27 09:20:40.976893661+05:30,397.65,398.4500000000001,394.1,395.9500000000001,6559.0,3325.0,125,2599014.7500000014
2026-05-27 09:24:16.433163492+05:30,395.9,398.55,394.9,396.4500000000001,6557.0,3125.0,140,2602439.499999998
2026-05-27 09:29:40.021952616+05:30,396.4500000000001,398.2000000000001,393.9,395.85,6553.0,3688.0,169,2595679.3000000003
2026-05-27 09:37:15.318832939+05:30,395.65,397.85,393.0,397.65,6661.0,3948.0,162,2633394.55
2026-05-27 09:45:36.736502523+05:30,397.05,400.1,392.4,399.6,6560.0,3199.0,160,2591668.5500000003
2026-05-27 09:53:13.182210089+05:30,399.75,400.75,394.4,395.8,6535.0,3153.0,134,2597752.1999999997
2026-05-27 10:04:03.370461589+05:30,395.65,397.4,392.4500000000001,392.8,6565.0,3162.0,150,2590903.8499999996
2026-05-27 10:13:10.682420312+05:30,392.4,392.4,384.9500000000001,385.75,6758.0,2233.0,147,2626269.8
2026-05-27 10:28:13.139519460+05:30,386.05,388.5,385.35,386.15,6711.0,3684.0,169,2597448.8499999973
2026-05-27 10:42:22.950578909+05:30,386.65,387.65,384.4,385.6,6719.0,3163.0,170,2591109.6999999993
2026-05-27 10:56:15.138775136+05:30,385.3,385.5,379.1,379.4500000000001,6781.0,3071.0,171,2593484.5500000003
2026-05-27 11:11:24.727931887+05:30,379.5,384.4,379.0,383.85,6802.0,3646.0,149,2599462.600000002
2026-05-27 11:21:59.241608242+05:30,383.9500000000001,384.3,379.05,379.35,6843.0,2699.0,110,2611755.400000001
2026-05-27 11:33:32.738665951+05:30,379.4500000000001,389.65,379.4,389.4500000000001,6974.0,4382.0,118,2677872.75
2026-05-27 11:47:51.678650781+05:30,389.4,390.15,384.85,388.9,6782.0,3157.0,148,2624596.150000001
2026-05-27 12:04:42.606693333+05:30,388.9500000000001,394.3,388.9500000000001,392.35,6620.0,2886.0,153,2598233.150000002
2026-05-27 12:20:09.519510847+05:30,392.4,393.35,388.85,389.25,6630.0,3369.0,137,2593367.3499999996
2026-05-27 12:36:11.907641826+05:30,389.55,394.3,386.75,393.85,6655.0,3827.0,133,2592969.75
2026-05-27 12:53:59.347828187+05:30,394.1,395.75,391.6,394.65,6649.0,2935.0,171,2616797.700000001
2026-05-27 13:07:38.777234139+05:30,394.5,395.55,391.8,391.8,6590.0,2809.0,121,2591026.6500000004
2026-05-27 13:23:45.488600932+05:30,391.55,392.4500000000001,389.3,391.4,6627.0,3195.0,151,2590884.9
2026-05-27 13:39:49.344545261+05:30,391.35,393.8,389.1,392.2000000000001,6620.0,3096.0,166,2594014.9499999997
2026-05-27 13:55:47.823769311+05:30,392.3,393.6,386.05,386.5,6654.0,3435.0,170,2601492.599999998
2026-05-27 14:08:19.465564101+05:30,386.2000000000001,386.2000000000001,380.55,383.65,6956.0,2560.0,148,2664092.5500000017
2026-05-27 14:22:26.114744287+05:30,383.9500000000001,386.8,383.1,384.4500000000001,6807.0,3966.0,178,2617731.4500000016
2026-05-27 14:34:32.927885265+05:30,384.7000000000001,389.9,384.2000000000001,386.2000000000001,6727.0,2743.0,172,2605431.2000000007
2026-05-27 14:42:56.731570871+05:30,386.2000000000001,394.65,385.35,392.4500000000001,6675.0,4609.0,123,2607970.9
2026-05-27 14:49:50.103885193+05:30,392.35,395.3,391.55,392.55,6669.0,2148.0,98,2621935.95
2026-05-27 14:57:16.684963798+05:30,392.85,393.7000000000001,389.6,391.4500000000001,6616.0,3262.0,130,2591471.6500000004
2026-05-27 15:04:18.251551386+05:30,391.6,395.75,391.35,395.75,6584.0,2791.0,126,2591728.5
2026-05-27 15:11:05.696609268+05:30,395.75,396.4500000000001,390.65,391.6,6594.0,3539.0,145,2593420.8499999996
2026-05-27 15:17:12.960277366+05:30,391.65,396.55,390.4,396.15,6620.0,3454.0,148,2598154.3500000006
2026-05-27 15:22:45.367072418+05:30,396.15,398.05,393.8,397.35,6540.0,3786.0,157,2592245.9
2026-05-27 15:26:35.885966307+05:30,397.4,402.6,396.35,402.0,6529.0,3452.0,169,2607779.6500000004
2026-05-27 15:28:14.433074202+05:30,402.2000000000001,404.35,398.35,399.3,6528.0,3033.0,139,2618133.8999999994
2026-05-27 15:29:26.475703323+05:30,399.2000000000001,402.2000000000001,398.2000000000001,402.0,6603.0,4605.0,128,2644453.7500000005
2026-05-27 15:29:59.847354403+05:30,401.9500000000001,406.2000000000001,401.4500000000001,404.3,6411.0,3382.0,179,2591803.35
2026-05-28 09:15:07.771880094+05:30,405.2000000000001,406.15,400.75,401.4500000000001,6468.0,3393.0,139,2608167.6999999993
2026-05-28 09:15:31.037384018+05:30,401.4,404.9500000000001,399.0,403.4500000000001,6536.0,2759.0,125,2625599.600000001
2026-05-28 09:16:12.238765653+05:30,403.4500000000001,404.35,401.85,403.55,6622.0,3647.0,107,2670073.150000001
2026-05-28 09:17:36.639176410+05:30,403.9,406.4500000000001,399.65,399.7000000000001,6418.0,3491.0,148,2591287.15
2026-05-28 09:19:18.325017324+05:30,399.8,404.4,398.85,402.1,6560.0,4316.0,126,2631447.55
2026-05-28 09:21:40.163518110+05:30,401.85,406.4500000000001,400.7000000000001,405.4500000000001,6445.0,3902.0,139,2597364.6500000004
2026-05-28 09:24:19.890493120+05:30,405.6,407.7000000000001,403.65,404.8,6422.0,3272.0,117,2605587.7499999995
2026-05-28 09:27:30.393134038+05:30,404.7000000000001,405.35,402.25,403.9,6419.0,3521.0,116,2590670.5000000005
2026-05-28 09:32:28.145262221+05:30,404.35,405.9,401.4,403.35,6531.0,3711.0,150,2633565.3999999994
2026-05-28 09:36:21.332248534+05:30,403.55,409.7000000000001,403.25,409.7000000000001,6924.0,4385.0,130,2812461.9000000004
2026-05-28 09:41:12.441440235+05:30,409.7000000000001,410.05,406.85,408.85,6371.0,3335.0,129,2602866.9000000004
2026-05-28 09:47:43.116213029+05:30,409.0,410.4,406.6,409.15,7336.0,2724.0,157,2998250.2999999993
2026-05-28 09:53:36.246572867+05:30,409.3,413.4500000000001,409.25,413.4500000000001,6485.0,3666.0,125,2665066.9499999983
2026-05-28 10:00:04.163751262+05:30,413.7000000000001,418.5,413.25,418.5,6962.0,4618.0,132,2896707.3
2026-05-28 10:05:58.559763680+05:30,418.55,421.8,415.35,421.8,6202.0,3598.0,125,2595213.3500000006
2026-05-28 10:12:24.639344333+05:30,421.9500000000001,426.7000000000001,421.55,424.55,6127.0,3689.0,110,2598438.1500000004
2026-05-28 10:20:57.338724186+05:30,424.75,425.9500000000001,421.25,423.9500000000001,6147.0,3732.0,138,2604330.9499999993
2026-05-28 10:29:51.034495796+05:30,424.05,426.4500000000001,423.35,425.5,6143.0,3348.0,142,2609477.0999999996
2026-05-28 10:41:17.428929923+05:30,425.9,426.85,422.1,423.85,6101.0,3105.0,148,2591890.100000001
2026-05-28 10:50:56.502316801+05:30,424.25,425.2000000000001,413.85,415.4,6372.0,2643.0,133,2665818.9000000013
2026-05-28 11:00:39.249061957+05:30,414.75,416.9500000000001,408.25,409.15,6294.0,2685.0,156,2593294.100000001
2026-05-28 11:10:59.674787656+05:30,409.0,414.9,407.15,413.8,6319.0,2830.0,132,2601337.750000001
2026-05-28 11:18:49.170248806+05:30,414.3,418.6,413.8,417.4,6237.0,3475.0,102,2595432.1999999993
2026-05-28 11:28:54.631071367+05:30,417.15,423.1,416.65,422.05,6182.0,2998.0,144,2594072.650000002
2026-05-28 11:39:48.624724013+05:30,421.6,423.15,419.2000000000001,421.35,6151.0,3439.0,145,2591893.7499999995
2026-05-28 11:54:07.599692972+05:30,420.75,422.1,418.1,419.9500000000001,6188.0,3517.0,135,2601886.9499999993
2026-05-28 12:07:52.865165671+05:30,419.4500000000001,422.7000000000001,418.9500000000001,421.05,6171.0,3649.0,163,2596672.6000000015
2026-05-28 12:17:18.532092424+05:30,420.75,422.75,418.35,418.8,6158.0,2058.0,106,2591693.4000000013
2026-05-28 12:26:58.627435022+05:30,418.9,422.8,416.15,421.85,6176.0,3925.0,131,2591745.6999999997
2026-05-28 12:37:37.830597948+05:30,421.9500000000001,425.75,420.9500000000001,421.4,6122.0,2426.0,132,2592250.65
2026-05-28 12:48:15.020604938+05:30,421.3,421.65,416.4500000000001,417.15,6227.0,2830.0,127,2604011.2500000005
2026-05-28 12:59:21.193603299+05:30,417.3,417.85,410.8,413.05,6346.0,3417.0,160,2627738.5000000005
2026-05-28 13:08:24.681812805+05:30,413.4500000000001,415.0,412.2000000000001,412.55,6297.0,3315.0,114,2604044.6999999993
2026-05-28 13:19:17.514674961+05:30,412.65,414.35,411.2000000000001,413.65,6273.0,2915.0,149,2591255.049999999
2026-05-28 13:30:59.168621599+05:30,413.1,417.3,411.55,415.9500000000001,6443.0,2576.0,140,2675538.6999999993
2026-05-28 13:42:49.380956957+05:30,415.9500000000001,417.05,411.4500000000001,411.85,6358.0,3386.0,167,2631791.1999999997
2026-05-28 13:55:00.817319103+05:30,411.9500000000001,414.1,410.05,413.6,6530.0,3365.0,168,2691831.0500000003
2026-05-28 14:03:17.835437215+05:30,413.5,414.9500000000001,411.1,414.1,6408.0,3616.0,135,2647081.1000000015
2026-05-28 14:11:18.919444967+05:30,414.15,418.9,413.2000000000001,417.3,6255.0,2842.0,128,2602259.45
2026-05-28 14:20:12.160169178+05:30,417.9,418.6,412.8,412.8,6230.0,2446.0,133,2592226.35
2026-05-28 14:27:16.088555327+05:30,412.6,417.65,410.55,417.15,6273.0,3788.0,111,2596660.7500000014
2026-05-28 14:35:40.563516148+05:30,417.2000000000001,419.2000000000001,412.35,412.35,6249.0,2464.0,136,2601827.6500000004
2026-05-28 14:44:09.170370294+05:30,412.15,412.4500000000001,407.3,409.55,6460.0,2192.0,135,2649147.0000000005
2026-05-28 14:52:19.095363808+05:30,409.6,410.9500000000001,405.0,405.15,6432.0,2873.0,166,2625826.5500000003
2026-05-28 14:58:07.133991083+05:30,405.0,407.0,403.9,404.2000000000001,6473.0,3192.0,134,2622820.1999999993
2026-05-28 15:04:15.029010593+05:30,404.35,407.4,403.7000000000001,405.25,6427.0,2518.0,131,2604300.800000001
2026-05-28 15:09:59.195066653+05:30,405.15,405.35,398.05,398.05,6468.0,2355.0,156,2597929.3500000015
2026-05-28 15:13:56.976342704+05:30,398.4,405.05,397.05,403.85,6467.0,4277.0,131,2592723.2000000007
2026-05-28 15:19:01.988935089+05:30,404.05,404.4,401.0,402.55,6476.0,2957.0,165,2607707.75
2026-05-28 15:22:00.307490207+05:30,402.35,404.85,401.6,404.1,6434.0,2828.0,128,2591697.900000001
2026-05-28 15:24:20.044208078+05:30,404.35,407.15,403.25,405.9500000000001,6868.0,3761.0,122,2780024.0500000003
2026-05-28 15:26:51.054695802+05:30,406.05,410.4,401.2000000000001,401.2000000000001,6380.0,3707.0,155,2592984.500000002
2026-05-28 15:28:35.802592698+05:30,401.2000000000001,405.0,398.75,398.75,6448.0,2858.0,165,2595640.0000000005
2026-05-28 15:29:30.508844910+05:30,398.35,401.35,398.35,401.3,7055.0,3182.0,143,2824402.0
2026-05-28 15:29:58.046512287+05:30,401.55,403.7000000000001,400.05,401.1,6498.0,3297.0,160,2610692.2000000007
2026-05-29 09:15:02.975493351+05:30,401.35,402.9,398.9,400.9500000000001,6476.0,3392.0,149,2597519.6
2026-05-29 09:15:33.690193804+05:30,400.55,404.3,398.55,403.75,6474.0,3150.0,154,2598550.0999999987
2026-05-29 09:16:13.841827874+05:30,403.9,403.9,398.35,398.9,6515.0,4005.0,115,2611589.8000000003
2026-05-29 09:17:35.948767961+05:30,399.25,404.9500000000001,399.25,404.3,6506.0,3755.0,133,2622554.5000000005
2026-05-29 09:19:48.205539156+05:30,404.4,405.75,398.2000000000001,400.85,6612.0,3501.0,159,2660338.0500000007
2026-05-29 09:22:54.662999261+05:30,400.9,401.05,396.75,399.4,6502.0,3097.0,156,2593786.9
2026-05-29 09:26:59.473743388+05:30,399.65,401.25,396.15,396.15,6519.0,2328.0,163,2600548.0500000003
2026-05-29 09:32:06.233462323+05:30,396.65,398.75,394.4,394.5,6542.0,2931.0,170,2594255.5500000003
2026-05-29 09:37:20.504843178+05:30,394.35,398.2000000000001,393.5,396.25,6631.0,3135.0,147,2623856.5999999996
2026-05-29 09:42:58.888339170+05:30,396.25,396.25,390.8,391.1,6737.0,2712.0,150,2641956.0499999993
2026-05-29 09:49:03.359080460+05:30,391.1,394.9,388.4,391.0,6643.0,3295.0,162,2598414.499999999
2026-05-29 09:57:44.748365025+05:30,391.05,391.8,388.35,391.15,6637.0,3479.0,169,2590728.55
2026-05-29 10:05:39.137007461+05:30,391.15,394.35,391.15,392.4,6608.0,3910.0,138,2597221.1499999994
2026-05-29 10:13:41.909911041+05:30,392.4,394.15,388.4,388.8,6679.0,2876.0,146,2616230.5
2026-05-29 10:23:17.892683956+05:30,388.65,395.9,387.9,395.5,6639.0,3933.0,156,2601180.100000001
2026-05-29 10:34:13.437843537+05:30,395.75,401.55,395.75,400.65,6493.0,4055.0,169,2592753.15
2026-05-29 10:44:31.219826988+05:30,400.6,402.65,399.85,401.75,6510.0,2811.0,173,2612280.4500000007
2026-05-29 10:54:18.079416523+05:30,402.0,405.75,400.5,403.15,6442.0,2573.0,135,2594591.6000000006
2026-05-29 11:06:10.513103867+05:30,403.25,403.85,396.05,397.4,6514.0,3062.0,155,2608003.2499999995
2026-05-29 11:17:31.197029498+05:30,397.1,397.4,393.0,395.0,6564.0,2866.0,152,2592342.7000000016
2026-05-29 11:30:11.680632347+05:30,394.8,396.2000000000001,392.7000000000001,394.7000000000001,6652.0,2829.0,145,2623542.150000001
2026-05-29 11:43:26.133254503+05:30,395.15,395.15,391.15,392.5,6592.0,2984.0,148,2591060.05
2026-05-29 11:54:58.485452507+05:30,392.4,394.65,389.35,389.9,6629.0,3055.0,141,2596030.399999999
2026-05-29 12:08:00.596136143+05:30,389.65,389.65,386.7000000000001,388.3,6696.0,3509.0,147,2600686.250000001
2026-05-29 12:21:24.510435709+05:30,387.9500000000001,389.05,383.6,385.4,6937.0,3892.0,166,2676462.0500000003
2026-05-29 12:35:38.059512154+05:30,385.15,385.15,381.2000000000001,383.35,6772.0,2771.0,153,2595532.95
2026-05-29 12:46:04.083090579+05:30,383.3,385.7000000000001,382.3,384.0,6758.0,2822.0,135,2593245.7499999995
2026-05-29 13:03:26.839025756+05:30,383.85,388.4,382.35,387.2000000000001,6800.0,3396.0,212,2618715.1
2026-05-29 13:17:09.282878851+05:30,387.3,392.1,386.05,391.8,6697.0,3972.0,165,2598128.9500000007
2026-05-29 13:28:49.281572769+05:30,391.6,392.35,389.85,390.3,6624.0,2595.0,141,2591586.0500000003
2026-05-29 13:38:44.427007841+05:30,390.35,390.9500000000001,385.2000000000001,385.4500000000001,6977.0,3375.0,150,2706583.85
2026-05-29 13:48:19.017143476+05:30,385.8,390.4,385.8,389.05,6707.0,3302.0,144,2606519.850000002
2026-05-29 13:57:17.923207616+05:30,388.9500000000001,388.9500000000001,384.3,384.7000000000001,6718.0,2937.0,111,2594199.1
2026-05-29 14:06:43.484045291+05:30,384.55,386.2000000000001,383.0,385.2000000000001,6764.0,3674.0,128,2602281.6999999993
2026-05-29 14:16:26.654490579+05:30,384.9,393.9500000000001,384.5,393.55,6684.0,4009.0,138,2596984.05
2026-05-29 14:26:17.108481581+05:30,393.65,396.85,390.9500000000001,394.1,6804.0,3045.0,151,2677834.1499999994
2026-05-29 14:36:45.397181491+05:30,393.85,401.4500000000001,393.55,400.65,6580.0,3277.0,172,2618360.150000001
2026-05-29 14:45:06.211550156+05:30,400.75,403.35,397.9,398.05,6509.0,3331.0,138,2612739.299999999
2026-05-29 14:51:24.112145806+05:30,398.4500000000001,402.3,398.4500000000001,401.75,6472.0,3100.0,130,2593627.0000000005
2026-05-29 14:59:04.032622708+05:30,401.4500000000001,403.9500000000001,400.8,401.15,6467.0,3026.0,153,2600146.5999999996
2026-05-29 15:04:11.380067282+05:30,400.75,403.25,399.05,403.25,6486.0,3852.0,140,2598896.0000000005
2026-05-29 15:10:08.810225081+05:30,403.0,403.2000000000001,397.7000000000001,397.7000000000001,6566.0,2751.0,153,2634826.2000000007
2026-05-29 15:14:49.617491087+05:30,397.8,398.15,394.9,396.05,6537.0,2856.0,137,2591450.3999999994
2026-05-29 15:18:40.451663886+05:30,396.0,397.5,393.4500000000001,394.4500000000001,6645.0,3702.0,163,2624904.949999999
2026-05-29 15:22:21.381683606+05:30,394.15,400.25,394.15,398.5,6510.0,3547.0,157,2592015.8499999996
2026-05-29 15:25:02.178522933+05:30,398.1,399.5,396.65,396.65,6593.0,3175.0,127,2621515.7500000005
2026-05-29 15:26:36.857770743+05:30,396.9,400.9,394.9,395.05,6582.0,2882.0,121,2617923.0999999996
2026-05-29 15:27:56.242154684+05:30,395.2000000000001,396.2000000000001,393.35,395.2000000000001,6625.0,2880.0,130,2616435.6000000015
2026-05-29 15:28:57.483459804+05:30,395.5,401.3,394.7000000000001,398.55,6507.0,3183.0,126,2593812.5499999984
2026-05-29 15:29:35.320415458+05:30,398.7000000000001,403.25,397.65,401.05,6533.0,3289.0,126,2619367.1999999997
2026-05-29 15:29:57.497563964+05:30,401.0,402.4500000000001,399.25,401.9,6482.0,3390.0,138,2599449.7
2026-06-01 09:15:02.229381884+05:30,401.7000000000001,401.7000000000001,396.6,399.55,6504.0,3262.0,155,2597973.900000001
2026-06-01 09:15:21.780264720+05:30,399.4,406.3,398.9500000000001,406.15,6455.0,4124.0,145,2595295.9499999997
2026-06-01 09:15:52.486664542+05:30,406.1,409.05,405.55,405.9500000000001,6587.0,3611.0,121,2680958.6000000006
2026-06-01 09:16:57.894138032+05:30,406.0,410.25,405.3,406.85,6382.0,2981.0,148,2600705.1
2026-06-01 09:18:45.742422372+05:30,406.9,409.05,403.4500000000001,403.4500000000001,6400.0,2551.0,151,2600985.6500000004
2026-06-01 09:21:33.896366417+05:30,403.75,405.15,399.75,403.3,6449.0,3595.0,177,2594042.0999999996
2026-06-01 09:23:55.640080353+05:30,403.3,403.6,399.4500000000001,400.1,6976.0,2675.0,141,2798881.45
2026-06-01 09:26:50.195199706+05:30,400.3,401.6,396.6,396.6,6559.0,3604.0,117,2617866.2500000014
2026-06-01 09:31:10.363490169+05:30,396.4500000000001,399.35,395.55,397.9500000000001,6555.0,3675.0,161,2605262.150000001
2026-06-01 09:35:00.062696424+05:30,398.25,401.3,397.15,397.65,6510.0,2749.0,120,2599980.9
2026-06-01 09:39:53.778191081+05:30,397.2000000000001,397.8,394.3,396.85,6568.0,3683.0,131,2603676.3000000003
2026-06-01 09:44:24.696236992+05:30,396.75,401.0,395.9,400.25,6528.0,3494.0,125,2598203.6499999994
2026-06-01 09:50:11.148469573+05:30,400.55,401.2000000000001,394.85,395.55,6587.0,2978.0,148,2622194.55
2026-06-01 09:56:22.474738187+05:30,395.75,397.5,390.25,390.3,6655.0,3875.0,139,2620598.6999999997
2026-06-01 10:04:30.651487250+05:30,390.4,397.2000000000001,390.05,396.35,6579.0,3607.0,147,2594428.45
2026-06-01 10:08:15.472299680+05:30,395.75,398.05,395.7000000000001,396.9,6796.0,2103.0,66,2696865.85
2026-06-01 10:13:50.536884711+05:30,397.05,398.6,392.9500000000001,396.1,6572.0,3101.0,120,2599967.5500000007
2026-06-01 10:21:23.028152833+05:30,396.4,400.35,395.7000000000001,398.4,6623.0,3254.0,148,2635259.100000001
2026-06-01 10:31:22.560104847+05:30,398.25,401.8,395.4,395.4,6508.0,3115.0,168,2596437.6
2026-06-01 10:41:22.215210503+05:30,395.8,400.9,394.05,400.2000000000001,6545.0,3214.0,170,2606015.0999999987
2026-06-01 10:51:14.578274386+05:30,400.05,402.4,395.55,395.55,6591.0,3082.0,155,2626987.3499999996
2026-06-01 11:03:15.985351234+05:30,395.55,395.9500000000001,385.4,388.4500000000001,6667.0,2429.0,167,2596865.4999999995
2026-06-01 11:15:02.825885676+05:30,388.4,391.85,385.75,391.85,6675.0,3813.0,173,2590866.0000000023
2026-06-01 11:26:38.086066782+05:30,391.75,393.35,388.4,391.1,6750.0,3062.0,163,2637943.6
2026-06-01 11:37:04.349702906+05:30,390.65,390.9,382.55,384.3,6712.0,3579.0,150,2592853.3000000003
2026-06-01 11:46:02.635797157+05:30,384.1,386.9,383.05,383.35,6752.0,3054.0,128,2601083.2999999993
2026-06-01 11:57:44.088619829+05:30,383.5,384.85,382.0,384.55,6888.0,3000.0,150,2641560.9500000007
2026-06-01 12:07:17.050658695+05:30,384.35,386.75,382.05,386.35,6750.0,1736.0,123,2593873.8000000003
2026-06-01 12:18:07.324429416+05:30,386.3,391.0,384.75,390.3,6718.0,4218.0,148,2600804.000000001
2026-06-01 12:26:33.321815593+05:30,390.35,391.9500000000001,389.6,390.0,6648.0,3413.0,117,2597424.5
2026-06-01 12:36:40.373457234+05:30,389.8,391.2000000000001,387.25,387.85,6646.0,3792.0,126,2591898.5499999993
2026-06-01 12:48:31.980728195+05:30,388.65,390.4,383.65,386.65,6746.0,3594.0,153,2607964.900000002
2026-06-01 12:58:38.115144228+05:30,387.0,393.15,385.4500000000001,392.25,6673.0,3627.0,132,2604172.3500000006
2026-06-01 13:09:38.087334801+05:30,392.3,395.6,391.25,394.6,6619.0,3607.0,150,2602716.150000001
2026-06-01 13:19:34.258984243+05:30,394.4500000000001,396.05,393.4500000000001,395.0,6592.0,3484.0,137,2601871.900000001
2026-06-01 13:30:20.951930965+05:30,395.4500000000001,396.7000000000001,391.6,393.65,6704.0,2749.0,149,2645324.150000001
2026-06-01 13:40:02.018766068+05:30,393.4500000000001,396.75,392.35,392.4500000000001,6825.0,3366.0,164,2689877.3000000003
2026-06-01 13:51:59.020007334+05:30,392.4,392.4,387.55,392.0,6647.0,4004.0,165,2590712.1
2026-06-01 14:01:31.460717270+05:30,391.8,394.5,389.35,393.35,6707.0,3530.0,153,2633473.9500000007
2026-06-01 14:10:43.347624730+05:30,393.4,398.4500000000001,392.7000000000001,396.0,6627.0,3086.0,146,2620052.099999999
2026-06-01 14:18:35.673883956+05:30,396.05,396.65,392.55,393.1,6626.0,2862.0,126,2615256.6000000006
2026-06-01 14:24:35.436960871+05:30,393.2000000000001,393.65,386.9500000000001,387.1,6643.0,2849.0,115,2594917.4499999997
2026-06-01 14:31:06.551136622+05:30,387.1,389.05,385.75,386.65,6707.0,2652.0,123,2598591.0
2026-06-01 14:40:41.046617456+05:30,387.0,390.1,383.5,387.55,6724.0,3297.0,167,2596900.849999999
2026-06-01 14:45:45.471392845+05:30,387.75,388.2000000000001,386.35,388.05,7134.0,3976.0,101,2764151.8000000003
2026-06-01 14:53:06.742192316+05:30,387.9,393.15,387.9,392.85,6768.0,3640.0,164,2645201.900000002
2026-06-01 14:59:45.630352351+05:30,392.75,392.9500000000001,387.7000000000001,392.2000000000001,6651.0,3548.0,132,2593876.250000001
2026-06-01 15:04:35.782253653+05:30,392.15,395.8,392.15,393.8,6626.0,3530.0,124,2614347.500000001
2026-06-01 15:09:28.494471400+05:30,393.75,393.75,388.9,392.5,6637.0,3666.0,165,2591846.0999999996
2026-06-01 15:14:37.975250129+05:30,392.3,394.2000000000001,391.05,392.4500000000001,6730.0,2972.0,171,2642113.249999999
2026-06-01 15:18:31.596356396+05:30,392.9500000000001,401.7000000000001,392.85,401.6,6904.0,3872.0,161,2740974.8999999994
2026-06-01 15:20:28.085338874+05:30,401.35,406.1,401.1,405.4,6428.0,3520.0,102,2592347.5500000007
2026-06-01 15:23:39.027492268+05:30,405.5,406.2000000000001,400.3,400.3,6459.0,3315.0,163,2606303.2999999984
2026-06-01 15:25:54.881343116+05:30,400.15,401.9500000000001,398.2000000000001,399.1,6553.0,3447.0,163,2622901.1499999985
2026-06-01 15:27:18.192862821+05:30,399.05,400.9500000000001,396.25,398.85,6660.0,3088.0,127,2654797.8000000007
2026-06-01 15:28:37.450504071+05:30,398.7000000000001,399.7000000000001,394.15,394.15,6578.0,3688.0,147,2610145.9000000004
2026-06-01 15:29:27.403213444+05:30,393.85,393.85,387.4,388.0,6737.0,3220.0,125,2627206.6999999997
2026-06-01 15:29:54.514718387+05:30,387.6,388.1,381.0,381.7000000000001,6773.0,2749.0,140,2602965.799999999
2026-06-02 09:15:00.323335721+05:30,381.85,383.6,380.25,382.9,6795.0,3147.0,139,2597579.200000001
2026-06-02 09:15:28.176390376+05:30,383.15,383.8,379.7000000000001,381.05,6883.0,3024.0,168,2625514.6500000004
2026-06-02 09:16:12.098077962+05:30,381.4,386.3,381.35,385.3,6787.0,3730.0,118,2603931.85
2026-06-02 09:17:51.210841964+05:30,385.0,385.65,379.85,383.5,6775.0,2883.0,150,2590857.9500000007
2026-06-02 09:20:05.699691303+05:30,383.5,388.3,381.1,383.05,6877.0,3150.0,144,2645260.499999999
2026-06-02 09:23:43.265397767+05:30,384.0,384.7000000000001,381.2000000000001,382.15,6767.0,4272.0,147,2591098.6999999993
2026-06-02 09:28:42.762155727+05:30,381.4500000000001,387.65,380.8,387.4,6821.0,3277.0,161,2613936.249999999
2026-06-02 09:33:49.146377776+05:30,387.5,390.9,386.55,390.75,6689.0,3125.0,158,2601965.75
2026-06-02 09:40:29.214559605+05:30,390.5,392.2000000000001,385.1,385.9,6839.0,3163.0,145,2654693.199999999
2026-06-02 09:48:26.566563608+05:30,385.4,388.65,381.6,382.9500000000001,6748.0,2809.0,175,2593825.050000001
2026-06-02 09:55:42.986765663+05:30,383.0,388.9500000000001,381.85,388.65,6728.0,3897.0,145,2603033.149999999
2026-06-02 10:07:00.061355433+05:30,388.4,388.9,382.05,387.0,6825.0,3306.0,175,2632709.0500000003
2026-06-02 10:17:13.718524391+05:30,387.3,387.3,380.4500000000001,381.2000000000001,6795.0,2860.0,162,2601331.5999999996
2026-06-02 10:30:11.243034977+05:30,381.6,383.7000000000001,379.35,383.4,6871.0,3654.0,168,2622929.549999999
2026-06-02 10:39:11.928848187+05:30,383.6,383.6,377.7000000000001,378.65,6876.0,2808.0,141,2614023.199999999
2026-06-02 10:52:26.691391177+05:30,378.85,379.85,374.8,374.8,6891.0,3389.0,161,2599616.45
2026-06-02 11:05:24.769010934+05:30,374.4,376.2000000000001,371.75,373.25,6977.0,3029.0,169,2610479.65
2026-06-02 11:20:54.755089693+05:30,373.5,373.75,370.25,371.6,6967.0,3337.0,168,2591977.0999999996
2026-06-02 11:33:49.921003994+05:30,371.5,374.9500000000001,370.3,374.85,7021.0,3271.0,164,2617648.849999999
2026-06-02 11:45:24.304127417+05:30,375.2000000000001,378.55,375.2000000000001,378.55,6881.0,3330.0,126,2592892.3000000003
2026-06-02 11:57:53.070563468+05:30,378.6,382.15,377.8,381.5,6828.0,4140.0,136,2592189.5999999996
2026-06-02 12:08:23.385814385+05:30,381.65,382.25,378.9500000000001,379.0,6855.0,2978.0,107,2608593.6999999993
2026-06-02 12:21:24.836586606+05:30,379.2000000000001,379.75,374.65,375.15,6928.0,3997.0,141,2610654.85
2026-06-02 12:36:50.774331293+05:30,375.05,377.35,371.35,371.35,6906.0,3183.0,144,2591355.4000000004
2026-06-02 12:48:02.621380001+05:30,371.2000000000001,371.9,368.85,370.6,7000.0,3259.0,127,2592656.7500000005
2026-06-02 13:04:55.219826761+05:30,370.75,376.4,369.7000000000001,375.15,7074.0,3483.0,157,2634290.2499999995
2026-06-02 13:18:13.085043893+05:30,375.0,378.35,374.75,376.25,7079.0,3894.0,143,2666421.149999999
2026-06-02 13:30:36.419512550+05:30,376.55,378.9,375.0,376.2000000000001,6965.0,2773.0,145,2624913.9500000007
2026-06-02 13:43:33.679892817+05:30,376.55,383.3,376.4,383.3,6830.0,4040.0,145,2599271.5500000003
2026-06-02 13:57:20.360861300+05:30,383.25,384.15,379.6,379.6,6900.0,3240.0,174,2637079.6999999997
2026-06-02 14:10:48.997773440+05:30,379.55,382.25,378.65,379.7000000000001,6833.0,3597.0,162,2600503.6999999997
2026-06-02 14:25:13.812184074+05:30,379.4500000000001,380.85,375.25,375.5,6865.0,3566.0,189,2593395.5499999984
2026-06-02 14:33:43.413832554+05:30,375.3,379.9,373.8,376.1,6938.0,3647.0,141,2618200.9
2026-06-02 14:45:06.425445013+05:30,376.05,379.2000000000001,374.65,376.75,6977.0,3600.0,179,2632232.3
2026-06-02 14:54:02.421801530+05:30,377.2000000000001,377.35,370.1,371.15,6957.0,3295.0,142,2605198.5
2026-06-02 15:02:37.408636264+05:30,370.9500000000001,372.35,366.9500000000001,366.9500000000001,7046.0,3155.0,175,2609050.600000001
2026-06-02 15:07:17.945340718+05:30,367.3,369.15,367.1,367.9,7050.0,3811.0,115,2595322.200000001
2026-06-02 15:13:47.331759613+05:30,367.6,369.4500000000001,365.9,367.4500000000001,7075.0,4095.0,153,2598598.2500000014
2026-06-02 15:19:55.325926112+05:30,367.15,368.9500000000001,364.9,367.5,7111.0,2764.0,179,2606286.4500000025
2026-06-02 15:24:08.845078391+05:30,367.05,367.7000000000001,360.20000000000005,362.4,7157.0,3549.0,166,2604663.3500000006
2026-06-02 15:27:35.028665549+05:30,362.55,363.0,356.05,357.25,7380.0,2921.0,193,2646151.449999999
2026-06-02 15:29:19.955115397+05:30,357.25,359.95000000000005,356.05,359.65000000000003,7410.0,4088.0,164,2654716.75
2026-06-02 15:29:57.711842789+05:30,359.70000000000005,361.15,358.20000000000005,358.95000000000005,7284.0,3995.0,159,2620807.250000001
2026-06-03 09:15:06.832609094+05:30,359.05,360.9500000000001,355.8,356.40000000000003,7360.0,2851.0,151,2639290.4999999986
2026-06-03 09:16:08.001421691+05:30,356.40000000000003,357.3,352.1,357.05,7318.0,3920.0,178,2596586.3999999994
2026-06-03 09:18:35.335410645+05:30,357.25,357.85,353.8,353.8,7271.0,3130.0,163,2595220.6
2026-06-03 09:21:12.585220226+05:30,354.15000000000003,359.1,353.6,359.1,7312.0,3385.0,125,2606005.7500000005
2026-06-03 09:25:06.549637334+05:30,359.05,363.25,358.95000000000005,361.05,7263.0,3698.0,155,2621926.199999999
2026-06-03 09:31:02.464695887+05:30,361.3,362.7000000000001,360.35,362.7000000000001,7457.0,3618.0,157,2693014.1
2026-06-03 09:36:53.041579638+05:30,362.85,365.0,360.65,362.85,7166.0,3858.0,140,2599717.499999998
2026-06-03 09:42:57.342683362+05:30,362.8,363.9500000000001,355.90000000000003,357.70000000000005,7283.0,3199.0,144,2618692.0500000003
2026-06-03 09:50:58.327135004+05:30,357.90000000000003,360.15000000000003,356.35,357.20000000000005,7239.0,3131.0,150,2591210.399999999
2026-06-03 10:04:03.929810911+05:30,357.1,359.40000000000003,355.70000000000005,358.15000000000003,7298.0,2632.0,183,2608602.199999999
2026-06-03 10:14:01.655863353+05:30,358.65000000000003,359.65000000000003,355.85,355.90000000000003,7263.0,2794.0,147,2598517.4
2026-06-03 10:27:28.282237316+05:30,355.6,361.85,355.6,360.65,7261.0,3678.0,176,2608685.9000000004
2026-06-03 10:42:25.558330226+05:30,360.7000000000001,362.5,357.90000000000003,361.1,7283.0,3362.0,165,2620874.7000000007
2026-06-03 10:56:53.798071504+05:30,361.1,363.4500000000001,356.8,357.3,8423.0,5186.0,141,3029538.749999999
2026-06-03 11:14:18.708230914+05:30,357.45000000000005,357.65000000000003,350.8,353.5,7313.0,3903.0,176,2591700.749999999
2026-06-03 11:29:24.279738219+05:30,353.20000000000005,353.75,348.5,351.0,7385.0,2991.0,152,2592085.1
2026-06-03 11:46:42.690689028+05:30,350.65000000000003,355.75,350.65000000000003,352.1,7328.0,4287.0,171,2593970.4499999997
2026-06-03 12:04:20.594185434+05:30,352.3,355.8,352.25,354.90000000000003,7390.0,4238.0,147,2616934.55
2026-06-03 12:19:52.697005404+05:30,355.1,357.5,352.90000000000003,356.6,7316.0,3448.0,171,2598204.7999999993
2026-06-03 12:35:36.052609896+05:30,356.45000000000005,358.40000000000003,354.15000000000003,354.15000000000003,7280.0,3002.0,166,2591552.3000000003
2026-06-03 12:56:14.251747017+05:30,354.1,355.25,348.40000000000003,348.40000000000003,7478.0,3240.0,176,2634782.1499999994
2026-06-03 13:21:05.621102329+05:30,348.55,352.95000000000005,347.25,352.90000000000003,7416.0,3606.0,200,2599257.0999999996
2026-06-03 13:36:57.061125792+05:30,352.85,355.90000000000003,351.65000000000003,354.70000000000005,7328.0,2763.0,144,2591875.3499999996
2026-06-03 13:54:35.976951186+05:30,354.65000000000003,356.5,353.8,355.05,7299.0,3422.0,200,2590825.3999999994
2026-06-03 14:10:49.234355778+05:30,355.55,356.25,348.90000000000003,349.05,8245.0,3385.0,179,2907188.699999999
2026-06-03 14:22:09.150251124+05:30,349.15000000000003,350.15000000000003,344.85,345.25,7454.0,3588.0,147,2591577.4500000016
2026-06-03 14:34:24.249946352+05:30,345.5,346.0,340.05,341.95000000000005,7562.0,3130.0,149,2593594.649999999
2026-06-03 14:46:16.948415582+05:30,341.75,344.20000000000005,341.05,343.45000000000005,7570.0,4090.0,171,2593644.0000000005
2026-06-03 14:54:16.332463141+05:30,343.55,346.1,342.6,345.05,7713.0,4102.0,129,2659340.550000001
2026-06-03 15:04:51.164441019+05:30,345.55,346.40000000000003,340.8,341.25,7550.0,3221.0,188,2593588.9499999993
2026-06-03 15:13:20.608617295+05:30,341.35,343.1,339.45000000000005,342.05,7606.0,3327.0,181,2593913.5999999996
2026-06-03 15:18:44.550579041+05:30,342.5,343.3,338.20000000000005,339.65000000000003,7646.0,4172.0,175,2599831.0500000003
2026-06-03 15:23:39.242643962+05:30,339.70000000000005,346.40000000000003,338.70000000000005,346.40000000000003,7580.0,4122.0,160,2591606.549999999
2026-06-03 15:26:41.090058231+05:30,346.35,348.55,345.20000000000005,347.8,7471.0,3342.0,169,2592149.8499999987
2026-06-03 15:28:47.545225341+05:30,347.85,349.45000000000005,345.85,347.25,7473.0,3445.0,144,2598127.8
2026-06-03 15:29:42.906093366+05:30,347.40000000000003,348.25,339.20000000000005,339.75,7685.0,3923.0,158,2643318.5499999993
2026-06-04 09:15:00.780639246+05:30,339.90000000000003,342.6,339.70000000000005,342.25,7847.0,3788.0,141,2678896.449999999
2026-06-04 09:16:18.911516830+05:30,342.15000000000003,346.35,339.70000000000005,340.70000000000005,7660.0,4273.0,176,2625399.099999999
2026-06-04 09:19:48.142515713+05:30,341.05,342.95000000000005,338.40000000000003,339.25,7631.0,3941.0,176,2601434.650000002
2026-06-04 09:26:44.657470778+05:30,339.25,341.1,337.35,340.55,7643.0,4360.0,198,2596755.8000000003
2026-06-04 09:37:41.982789828+05:30,340.6,343.65000000000003,337.45000000000005,339.35,7599.0,3705.0,201,2591013.4499999997
2026-06-04 09:49:30.777738762+05:30,339.65000000000003,341.90000000000003,338.70000000000005,340.8,7704.0,4256.0,171,2622643.1000000006
2026-06-04 10:04:00.381904100+05:30,340.65000000000003,344.15000000000003,337.75,342.3,7606.0,3717.0,190,2591850.6500000013
2026-06-04 10:19:31.976293479+05:30,342.5,348.05,342.40000000000003,347.5,7637.0,4523.0,146,2637356.2
2026-06-04 10:36:46.325232557+05:30,347.20000000000005,350.40000000000003,347.0,348.8,7448.0,4199.0,158,2595529.150000001
2026-06-04 11:00:05.411363465+05:30,348.70000000000005,349.35,346.25,348.45000000000005,7466.0,3307.0,170,2595689.75
2026-06-04 11:22:36.174412240+05:30,348.55,350.20000000000005,346.90000000000003,348.6,7528.0,2693.0,161,2622500.9000000004
2026-06-04 11:45:21.079929506+05:30,348.65000000000003,351.55,348.1,349.35,7421.0,3314.0,170,2592935.0000000014
2026-06-04 12:05:22.643311406+05:30,349.20000000000005,353.40000000000003,349.20000000000005,352.15000000000003,7404.0,3921.0,153,2603045.7000000007
2026-06-04 12:26:30.598356515+05:30,352.5,356.6,352.05,355.6,7400.0,4134.0,157,2621778.4499999993
2026-06-04 12:48:57.634836765+05:30,355.45000000000005,359.55,355.3,356.85,7246.0,3295.0,174,2591664.349999998
2026-06-04 13:14:04.174895886+05:30,356.90000000000003,357.15000000000003,354.65000000000003,356.70000000000005,7293.0,3916.0,164,2595880.4499999997
2026-06-04 13:34:26.999437034+05:30,356.85,357.8,353.55,355.3,7313.0,3554.0,147,2601626.7500000005
2026-06-04 13:52:44.494500064+05:30,355.05,358.3,354.8,356.45000000000005,7331.0,4157.0,156,2611945.750000001
2026-06-04 14:14:24.610743200+05:30,356.05,360.25,355.15000000000003,356.5,7478.0,4180.0,184,2677903.65
2026-06-04 14:34:57.013899796+05:30,356.15000000000003,356.40000000000003,349.90000000000003,351.5,7667.0,4284.0,174,2713066.6000000006
2026-06-04 14:49:33.069781481+05:30,351.3,353.0,349.8,350.45000000000005,7397.0,3458.0,165,2598487.0000000005
2026-06-04 15:00:28.487748376+05:30,350.70000000000005,352.0,348.65000000000003,351.35,7399.0,3988.0,167,2592981.9500000007
2026-06-04 15:10:12.180893995+05:30,351.20000000000005,352.25,348.1,350.8,7398.0,4702.0,147,2593626.649999999
2026-06-04 15:17:42.303340611+05:30,350.70000000000005,356.20000000000005,350.55,356.15000000000003,7361.0,3906.0,162,2596379.8
2026-06-04 15:24:17.379281799+05:30,356.35,356.6,350.40000000000003,351.45000000000005,7343.0,4207.0,166,2602501.95
2026-06-04 15:27:18.009596922+05:30,351.65000000000003,353.6,351.5,351.65000000000003,7378.0,3248.0,125,2600371.45
2026-06-04 15:29:29.947170181+05:30,351.5,354.1,347.85,347.85,7374.0,3323.0,172,2592488.500000001
2026-06-05 09:15:00.221458813+05:30,347.8,350.05,344.45000000000005,347.3,7474.0,4182.0,195,2593164.25
2026-06-05 09:15:32.989270598+05:30,347.15000000000003,348.05,342.0,344.20000000000005,7658.0,3433.0,185,2640896.0500000003
2026-06-05 09:16:18.920325386+05:30,344.20000000000005,347.05,343.6,345.45000000000005,7509.0,5292.0,115,2596256.4
2026-06-05 09:18:41.810345587+05:30,345.35,348.1,344.85,346.85,7537.0,3490.0,165,2609962.5500000003
2026-06-05 09:21:27.625961730+05:30,346.8,351.05,345.70000000000005,346.20000000000005,7452.0,3358.0,156,2591779.4000000004
2026-06-05 09:25:31.265912194+05:30,346.35,346.8,344.20000000000005,344.75,7505.0,3627.0,157,2591731.6500000004
2026-06-05 09:29:23.666975539+05:30,344.75,348.3,344.0,346.65000000000003,7555.0,3502.0,129,2618865.7999999984
2026-06-05 09:34:16.057398341+05:30,346.65000000000003,351.05,344.15000000000003,350.70000000000005,7583.0,3978.0,152,2632531.35
2026-06-05 09:41:50.332226085+05:30,351.1,351.1,345.8,346.40000000000003,7454.0,3012.0,163,2590690.150000002
2026-06-05 09:52:00.418612022+05:30,346.40000000000003,349.40000000000003,345.5,345.5,7564.0,3451.0,187,2628012.7999999993
2026-06-05 09:59:44.761420552+05:30,345.45000000000005,347.5,345.15000000000003,346.90000000000003,7593.0,3749.0,146,2630809.9499999997
2026-06-05 10:08:06.790935525+05:30,346.85,348.25,343.1,344.45000000000005,7488.0,2729.0,152,2594382.75
2026-06-05 10:21:41.709728459+05:30,343.8,344.3,338.35,338.65000000000003,7626.0,3309.0,166,2595712.0000000014
2026-06-05 10:36:31.034338869+05:30,338.40000000000003,340.5,334.8,340.5,7671.0,4062.0,180,2591307.1999999997
2026-06-05 10:48:48.622712889+05:30,340.55,344.15000000000003,339.85,344.15000000000003,7624.0,4877.0,152,2605459.8
2026-06-05 11:02:09.925444110+05:30,344.20000000000005,345.95000000000005,341.85,345.65000000000003,7588.0,4032.0,148,2604907.650000001
2026-06-05 11:13:05.210191951+05:30,345.95000000000005,351.75,345.95000000000005,351.75,7527.0,5159.0,122,2620453.1499999994
2026-06-05 11:27:35.892425898+05:30,351.5,355.70000000000005,349.95000000000005,350.0,7346.0,3444.0,166,2591237.650000001
2026-06-05 11:45:57.868513160+05:30,349.75,350.6,342.20000000000005,344.6,7495.0,3767.0,200,2602506.2
2026-06-05 12:05:01.145546540+05:30,345.0,345.5,339.40000000000003,341.0,7580.0,4571.0,177,2599318.950000002
2026-06-05 12:18:26.153664089+05:30,341.05,342.05,335.85,337.15000000000003,7823.0,4395.0,148,2656610.1
2026-06-05 12:35:44.696470312+05:30,337.1,337.1,330.40000000000003,330.75,7750.0,4354.0,183,2593978.849999999
2026-06-05 12:52:19.728030940+05:30,330.8,333.1,329.90000000000003,332.70000000000005,7889.0,4531.0,167,2612577.4499999997
2026-06-05 13:07:47.017925273+05:30,332.85,335.75,331.20000000000005,333.35,8062.0,4227.0,169,2689443.1
2026-06-05 13:23:35.838077566+05:30,333.40000000000003,333.85,330.35,333.40000000000003,7825.0,4238.0,179,2601520.7000000007
2026-06-05 13:40:12.238563941+05:30,333.90000000000003,337.45000000000005,332.20000000000005,335.8,7751.0,4587.0,186,2593841.9000000013
2026-06-05 13:55:02.468622267+05:30,335.8,341.05,335.5,339.05,7702.0,3356.0,185,2606031.9500000007
2026-06-05 14:09:46.798351263+05:30,338.8,342.45000000000005,337.95000000000005,340.75,7643.0,3870.0,189,2602869.8
2026-06-05 14:22:59.683717400+05:30,340.85,344.1,339.6,342.6,7636.0,5184.0,148,2611319.0000000005
2026-06-05 14:32:44.783077959+05:30,342.0,342.45000000000005,339.70000000000005,342.45000000000005,7629.0,4396.0,152,2600302.4999999995
2026-06-05 14:43:53.012711119+05:30,342.70000000000005,343.85,337.8,337.8,7617.0,3330.0,168,2602633.699999999
2026-06-05 14:53:55.016299583+05:30,337.55,340.90000000000003,336.70000000000005,339.90000000000003,7867.0,3611.0,167,2667332.7999999993
2026-06-05 15:03:03.738315724+05:30,339.95000000000005,342.45000000000005,337.75,338.05,7639.0,4078.0,189,2596661.2999999993
2026-06-05 15:10:43.877746011+05:30,338.3,339.85,335.15000000000003,335.5,7694.0,3495.0,164,2596699.7500000005
2026-06-05 15:17:03.259714659+05:30,335.55,339.40000000000003,335.45000000000005,338.85,7775.0,3762.0,155,2623638.5999999996
2026-06-05 15:22:38.271188556+05:30,338.85,344.25,338.8,342.75,7598.0,4316.0,178,2599060.1999999997
2026-06-05 15:26:02.298610432+05:30,342.85,345.15000000000003,340.75,344.8,7573.0,4114.0,179,2596348.25
2026-06-05 15:28:23.935258932+05:30,344.85,346.65000000000003,342.85,343.20000000000005,7510.0,2796.0,178,2591404.650000002
2026-06-05 15:29:37.159378065+05:30,343.25,347.45000000000005,343.25,344.45000000000005,7604.0,3679.0,180,2631417.75
2026-06-08 09:15:00.088655458+05:30,344.65000000000003,345.05,337.90000000000003,339.40000000000003,7617.0,4090.0,181,2599534.599999999
2026-06-08 09:15:21.054041115+05:30,338.90000000000003,340.85,338.25,340.0,7702.0,4213.0,179,2616336.7499999995
2026-06-08 09:16:39.297740918+05:30,339.85,342.45000000000005,339.45000000000005,340.90000000000003,7891.0,3586.0,184,2688343.4999999995
2026-06-08 09:18:45.346420940+05:30,341.25,342.6,339.35,339.95000000000005,7636.0,3325.0,156,2603278.85
2026-06-08 09:22:02.601852207+05:30,339.75,340.35,336.25,336.35,7722.0,3316.0,165,2609686.6500000013
2026-06-08 09:28:14.961400832+05:30,336.25,339.1,335.40000000000003,336.45000000000005,7776.0,4554.0,226,2621752.8000000003
2026-06-08 09:34:35.667051898+05:30,336.3,339.35,334.3,336.75,7807.0,3190.0,190,2631695.7000000007
2026-06-08 09:41:13.363220089+05:30,336.70000000000005,337.45000000000005,332.70000000000005,335.1,7733.0,4150.0,173,2593597.3000000003
2026-06-08 09:51:14.045303686+05:30,335.05,337.8,332.40000000000003,334.95000000000005,7751.0,3768.0,193,2595020.1
2026-06-08 10:00:58.481152763+05:30,335.05,335.15000000000003,330.45000000000005,333.95000000000005,7784.0,3887.0,194,2592978.8999999985
2026-06-08 10:08:59.408255811+05:30,334.0,336.70000000000005,333.70000000000005,336.3,8119.0,5213.0,126,2721988.200000001
2026-06-08 10:19:20.385337762+05:30,336.25,339.75,336.0,338.8,7682.0,3579.0,148,2596360.75
2026-06-08 10:31:13.692255623+05:30,339.05,339.5,335.90000000000003,337.35,7717.0,3713.0,159,2605251.649999999
2026-06-08 10:44:16.785534916+05:30,337.45000000000005,339.95000000000005,336.65000000000003,339.90000000000003,7668.0,3535.0,164,2593730.8499999996
2026-06-08 11:00:14.194974759+05:30,339.3,342.40000000000003,337.5,342.15000000000003,7689.0,4695.0,164,2614524.700000001
2026-06-08 11:16:15.469205228+05:30,342.15000000000003,346.45000000000005,341.65000000000003,342.95000000000005,7630.0,4184.0,182,2625713.4
2026-06-08 11:31:44.039666888+05:30,342.90000000000003,343.95000000000005,337.5,337.5,7703.0,3706.0,179,2627172.9999999986
2026-06-08 11:46:16.809109482+05:30,337.8,346.55,337.55,343.65000000000003,7966.0,4717.0,159,2720224.4499999993
2026-06-08 12:00:47.504566682+05:30,343.85,346.8,341.25,346.75,7562.0,4106.0,139,2600864.6
2026-06-08 12:15:43.630298382+05:30,347.15000000000003,347.20000000000005,344.6,345.45000000000005,7511.0,3561.0,149,2599692.549999999
2026-06-08 12:34:37.282494393+05:30,345.1,345.1,341.5,342.45000000000005,7614.0,3162.0,175,2612503.2499999995
2026-06-08 12:51:41.078372760+05:30,342.55,342.65000000000003,340.15000000000003,340.25,7631.0,2537.0,157,2604191.7000000007
2026-06-08 13:07:50.923538717+05:30,340.15000000000003,342.1,336.85,338.25,7658.0,3092.0,176,2597104.0500000007
2026-06-08 13:20:29.916889096+05:30,338.40000000000003,338.85,332.55,333.35,7726.0,3260.0,160,2593664.8999999994
2026-06-08 13:36:38.531193739+05:30,333.35,333.35,329.35,329.6,7830.0,3666.0,177,2598240.3000000003
2026-06-08 13:51:38.164196638+05:30,329.35,333.3,327.70000000000005,333.3,8210.0,4583.0,179,2706913.5000000005
2026-06-08 14:06:29.661717039+05:30,333.45000000000005,333.85,328.65000000000003,330.05,7814.0,3284.0,181,2590960.499999999
2026-06-08 14:16:12.152168501+05:30,330.65000000000003,334.90000000000003,328.85,334.05,7955.0,3564.0,153,2643115.1
2026-06-08 14:26:14.749232916+05:30,333.95000000000005,335.3,331.3,333.1,7764.0,3773.0,158,2590685.4499999997
2026-06-08 14:39:09.244623120+05:30,333.35,335.55,331.65000000000003,334.45000000000005,7772.0,3381.0,194,2595559.6999999997
2026-06-08 14:51:32.908743859+05:30,334.35,341.35,333.75,340.8,7736.0,4632.0,199,2617465.300000001
2026-06-08 15:01:28.866754679+05:30,341.05,345.8,339.75,343.05,7561.0,4347.0,177,2592053.5
2026-06-08 15:07:55.071420830+05:30,343.20000000000005,344.05,339.65000000000003,340.35,7618.0,3974.0,162,2611269.3000000003
2026-06-08 15:13:50.208252537+05:30,340.05,344.25,337.40000000000003,343.20000000000005,7620.0,4520.0,168,2591671.9500000007
2026-06-08 15:19:40.342076104+05:30,343.05,343.35,339.20000000000005,342.3,7631.0,3590.0,197,2604607.4499999997
2026-06-08 15:24:08.383445034+05:30,342.45000000000005,342.6,339.70000000000005,341.05,7665.0,4054.0,152,2615036.0000000014
2026-06-08 15:27:33.806173988+05:30,340.65000000000003,341.20000000000005,334.55,334.8,7740.0,3640.0,193,2620905.2999999975
2026-06-08 15:29:14.618279018+05:30,335.1,337.8,333.0,336.20000000000005,7737.0,3786.0,164,2592181.6500000013
2026-06-08 15:29:51.641496785+05:30,336.25,338.70000000000005,335.70000000000005,337.85,7680.0,4009.0,123,2591855.35
2026-06-09 09:15:08.015731731+05:30,338.20000000000005,340.05,335.95000000000005,336.45000000000005,7723.0,3759.0,186,2607284.9499999983
2026-06-09 09:16:48.216677233+05:30,336.5,337.75,332.85,334.1,7822.0,2627.0,166,2618868.0499999993
2026-06-09 09:20:28.150583769+05:30,334.20000000000005,334.85,329.0,332.55,7809.0,3183.0,173,2591622.5500000007
2026-06-09 09:26:06.232249420+05:30,333.0,337.5,331.95000000000005,334.6,7896.0,3696.0,161,2640353.9999999995
2026-06-09 09:34:31.912385874+05:30,334.35,334.35,327.5,328.65000000000003,8092.0,3671.0,185,2669663.6000000006
2026-06-09 09:45:43.245269745+05:30,328.65000000000003,332.0,327.3,328.8,7913.0,3951.0,187,2605899.8499999987
2026-06-09 10:01:35.685652590+05:30,329.3,329.90000000000003,325.5,328.5,7901.0,3862.0,186,2593520.8000000003
2026-06-09 10:22:06.872000237+05:30,328.65000000000003,330.65000000000003,326.70000000000005,328.95000000000005,8167.0,4012.0,200,2685562.650000001
2026-06-09 10:42:54.289542983+05:30,329.05,330.3,324.15000000000003,325.85,7935.0,3862.0,206,2594604.8000000003
2026-06-09 11:09:41.950291053+05:30,325.65000000000003,325.75,320.1,320.5,8227.0,3503.0,181,2645412.6000000006
2026-06-09 11:32:59.824723662+05:30,320.45000000000005,323.85,319.6,320.25,8092.0,4506.0,188,2607641.2999999984
2026-06-09 11:54:23.627539298+05:30,320.3,322.20000000000005,318.20000000000005,321.90000000000003,8103.0,5223.0,128,2591599.3500000015
2026-06-09 12:17:25.094116242+05:30,321.65000000000003,325.25,320.20000000000005,325.25,8097.0,4345.0,177,2610661.25
2026-06-09 12:35:03.240526203+05:30,325.40000000000003,331.65000000000003,325.40000000000003,330.8,7911.0,4314.0,137,2609661.100000002
2026-06-09 12:55:11.582800317+05:30,331.45000000000005,333.55,330.20000000000005,333.45000000000005,7828.0,3680.0,168,2597358.550000002
2026-06-09 13:24:45.626660433+05:30,333.25,336.90000000000003,331.8,336.15000000000003,7855.0,4798.0,178,2620937.0999999987
2026-06-09 13:47:40.800398657+05:30,335.90000000000003,336.5,332.35,335.25,7758.0,3559.0,209,2596061.2500000014
2026-06-09 14:08:43.765921825+05:30,335.25,339.95000000000005,334.85,335.75,7678.0,4327.0,166,2592145.949999999
2026-06-09 14:26:57.941498759+05:30,335.55,337.15000000000003,332.0,335.3,7764.0,3897.0,151,2596715.4499999997
2026-06-09 14:42:13.471753101+05:30,335.35,337.05,333.3,336.3,7745.0,3856.0,152,2595513.95
2026-06-09 14:58:08.769548086+05:30,336.15000000000003,339.55,336.15000000000003,337.90000000000003,7668.0,3692.0,198,2590760.6999999997
2026-06-09 15:08:15.107627337+05:30,337.90000000000003,341.15000000000003,337.40000000000003,340.70000000000005,7663.0,4343.0,160,2596748.6999999997
2026-06-09 15:17:00.536520075+05:30,340.45000000000005,342.95000000000005,339.3,342.95000000000005,7654.0,4181.0,166,2608780.35
2026-06-09 15:24:22.758494149+05:30,343.15000000000003,344.1,340.40000000000003,340.70000000000005,7583.0,3547.0,183,2593963.949999999
2026-06-09 15:27:55.227586421+05:30,340.90000000000003,341.8,336.45000000000005,337.75,7651.0,4683.0,168,2592119.5
2026-06-09 15:29:49.364070658+05:30,338.15000000000003,341.55,338.15000000000003,340.20000000000005,7651.0,4338.0,173,2604128.65
2026-06-10 09:15:02.839892826+05:30,339.95000000000005,342.40000000000003,336.95000000000005,340.6,7631.0,4548.0,165,2595334.299999999
2026-06-10 09:15:33.381763950+05:30,340.8,344.35,339.95000000000005,340.25,7579.0,3853.0,161,2595406.949999999
2026-06-10 09:17:19.389180198+05:30,340.5,345.1,339.40000000000003,345.1,7677.0,4687.0,196,2621087.1
2026-06-10 09:20:54.220861448+05:30,345.35,348.1,344.15000000000003,347.90000000000003,7498.0,3781.0,205,2592921.5500000003
2026-06-10 09:25:01.345390906+05:30,347.85,350.3,344.40000000000003,346.35,7969.0,3676.0,167,2769807.800000001
2026-06-10 09:29:34.182457906+05:30,346.35,350.55,345.70000000000005,345.70000000000005,7494.0,4032.0,149,2608094.9499999993
2026-06-10 09:35:45.378887110+05:30,345.75,350.1,345.25,348.85,7486.0,4226.0,176,2604287.4499999997
2026-06-10 09:43:10.960807365+05:30,349.25,353.45000000000005,348.55,351.35,7408.0,3757.0,162,2601613.8999999994
2026-06-10 09:52:16.622184865+05:30,351.45000000000005,354.3,345.5,345.5,7414.0,2845.0,178,2593098.7999999993
2026-06-10 10:02:25.063775740+05:30,345.65000000000003,347.25,343.95000000000005,346.25,7504.0,4299.0,183,2594866.25
2026-06-10 10:09:55.338252112+05:30,346.0,348.45000000000005,344.1,344.1,7657.0,3177.0,122,2649227.250000002
2026-06-10 10:22:31.482549317+05:30,344.0,346.6,341.75,344.25,7542.0,3306.0,175,2591972.4999999995
2026-06-10 10:36:35.852978842+05:30,344.40000000000003,347.15000000000003,342.65000000000003,345.25,7515.0,3632.0,179,2592757.8499999996
2026-06-10 10:50:45.682419875+05:30,345.55,352.15000000000003,345.55,351.65000000000003,7642.0,3801.0,167,2668443.950000001
2026-06-10 11:05:26.863739871+05:30,351.35,355.70000000000005,350.85,355.70000000000005,7446.0,4627.0,161,2627936.8499999996
2026-06-10 11:23:24.123105821+05:30,355.65000000000003,360.4,353.70000000000005,359.95000000000005,7316.0,3992.0,176,2608551.2500000033
2026-06-10 11:40:42.734944589+05:30,360.15000000000003,364.05,359.40000000000003,361.5,7237.0,3932.0,183,2620423.1
2026-06-10 11:53:26.314165499+05:30,360.9500000000001,366.05,360.75,365.0,7226.0,4229.0,144,2626396.9999999977
2026-06-10 12:09:49.945822273+05:30,364.8,365.1,361.25,362.8,7133.0,3824.0,159,2591502.849999999
2026-06-10 12:23:09.884503221+05:30,362.8,363.55,358.15000000000003,360.9500000000001,7199.0,3172.0,137,2598972.9999999986
2026-06-10 12:41:23.358879409+05:30,361.2000000000001,362.55,357.65000000000003,362.4500000000001,7192.0,3096.0,168,2592158.95
2026-06-10 13:02:21.305339267+05:30,362.35,364.25,360.55,362.05,7169.0,3792.0,215,2596956.1999999983
2026-06-10 13:16:55.658042874+05:30,361.75,363.25,358.15000000000003,362.1,7175.0,3807.0,161,2591360.1999999993
2026-06-10 13:31:59.115817102+05:30,362.15,365.9500000000001,359.70000000000005,364.15,7147.0,3176.0,152,2595361.500000001
2026-06-10 13:46:57.793450444+05:30,363.9500000000001,365.4500000000001,361.8,363.0,7216.0,3228.0,182,2621102.8999999994
2026-06-10 14:03:04.163510786+05:30,362.9,365.8,361.85,364.4500000000001,7161.0,4141.0,178,2604749.5500000003
2026-06-10 14:14:03.428346322+05:30,364.2000000000001,367.0,362.3,365.15,7574.0,3423.0,142,2763093.9999999995
2026-06-10 14:27:23.479407322+05:30,365.25,365.6,361.25,363.0,7199.0,3491.0,185,2615614.7
2026-06-10 14:38:22.047132944+05:30,362.65,365.15,360.15000000000003,361.4500000000001,7228.0,3073.0,163,2622261.799999998
2026-06-10 14:47:21.073793034+05:30,361.5,365.05,360.9500000000001,364.55,7178.0,4032.0,151,2606745.450000001
2026-06-10 14:55:45.858781700+05:30,364.3,369.2000000000001,362.9,367.9500000000001,7115.0,3142.0,163,2602502.0500000007
2026-06-10 15:04:33.449141329+05:30,367.8,367.9,364.3,366.4500000000001,7080.0,3398.0,164,2592208.0
2026-06-10 15:11:09.720492834+05:30,366.65,367.85,359.25,360.35,7202.0,3539.0,168,2626403.850000001
2026-06-10 15:16:47.025625175+05:30,360.05,367.25,359.95000000000005,367.25,7241.0,4185.0,159,2626827.85
2026-06-10 15:21:55.870423370+05:30,367.8,370.4,367.0,367.4,7117.0,3295.0,178,2623971.25
2026-06-10 15:25:05.848824822+05:30,367.75,368.35,365.35,367.05,7103.0,2625.0,131,2604268.65
2026-06-10 15:27:37.732694109+05:30,366.8,368.2000000000001,365.65,367.25,7059.0,3451.0,135,2591427.5500000007
2026-06-10 15:29:06.754240271+05:30,367.2000000000001,370.1,365.9500000000001,366.1,7043.0,3386.0,164,2594737.1
2026-06-10 15:29:52.278517608+05:30,366.25,369.8,363.2000000000001,368.85,7098.0,4933.0,144,2600090.849999999
2026-06-11 09:15:01.193692381+05:30,368.85,371.2000000000001,367.7000000000001,369.75,7017.0,3625.0,146,2594323.999999999
2026-06-11 09:15:17.866236066+05:30,369.9500000000001,371.4500000000001,368.4500000000001,368.8,7183.0,3483.0,164,2658575.2
2026-06-11 09:16:08.070200022+05:30,368.4,373.35,368.0,373.35,7025.0,3813.0,173,2604989.9500000007
2026-06-11 09:18:02.266649203+05:30,373.3,375.25,370.65,373.5,7060.0,3239.0,174,2630992.7
2026-06-11 09:20:39.732420157+05:30,373.4500000000001,375.7000000000001,372.85,373.6,6967.0,2929.0,154,2607109.9
2026-06-11 09:23:21.102931637+05:30,373.9500000000001,376.4,371.8,375.9500000000001,6929.0,3192.0,155,2591020.0500000017
2026-06-11 09:26:04.881697944+05:30,375.7000000000001,376.15,370.65,370.75,6944.0,4201.0,131,2591690.4
2026-06-11 09:30:05.028108133+05:30,370.75,376.0,369.5,374.4,6972.0,2975.0,156,2595904.05
2026-06-11 09:35:06.195876782+05:30,374.8,382.4,374.7000000000001,381.5,6867.0,3917.0,159,2599206.049999999
2026-06-11 09:40:58.616722080+05:30,382.3,382.85,378.9,379.4500000000001,6835.0,3482.0,153,2601704.85
2026-06-11 09:47:48.805585860+05:30,379.55,383.6,378.2000000000001,382.2000000000001,6816.0,3787.0,174,2591224.75
2026-06-11 09:53:10.543705243+05:30,382.3,385.0,382.25,382.9500000000001,6768.0,3385.0,139,2595695.75
2026-06-11 10:01:46.043183240+05:30,382.65,383.3,377.6,379.55,6822.0,3107.0,170,2593850.9499999997
2026-06-11 10:07:56.902178216+05:30,379.9500000000001,383.05,378.15,378.35,6800.0,4623.0,125,2590966.25
2026-06-11 10:17:05.476411965+05:30,378.5,381.4,375.7000000000001,376.15,6908.0,3321.0,155,2613442.7500000005
2026-06-11 10:25:29.213404904+05:30,376.1,385.5,374.35,385.05,6846.0,4229.0,154,2595056.9000000004
2026-06-11 10:36:14.130052796+05:30,384.55,385.55,381.7000000000001,384.75,6864.0,3727.0,155,2636686.400000001
2026-06-11 10:44:56.724723738+05:30,385.25,386.35,382.75,383.05,6785.0,2159.0,126,2605996.5999999996
2026-06-11 10:56:36.163464547+05:30,383.15,386.4,381.65,385.7000000000001,6753.0,3599.0,174,2592779.5500000003
2026-06-11 11:07:56.076308400+05:30,385.4,389.05,384.75,388.4500000000001,6736.0,3594.0,154,2604893.85
2026-06-11 11:19:04.520648176+05:30,388.55,388.55,381.65,381.7000000000001,6735.0,3214.0,149,2591631.999999999
2026-06-11 11:30:59.008783914+05:30,381.65,385.2000000000001,378.1,383.4,6803.0,3999.0,167,2596272.6000000006
2026-06-11 11:42:22.620745395+05:30,382.9500000000001,385.0,380.65,381.9500000000001,6800.0,3170.0,154,2602687.2499999986
2026-06-11 11:53:24.429833232+05:30,382.2000000000001,386.65,382.1,385.65,7189.0,4333.0,137,2761786.100000002
2026-06-11 12:02:23.480048449+05:30,385.3,388.2000000000001,385.1,387.85,6751.0,3374.0,127,2613292.0000000005
2026-06-11 12:16:48.344326453+05:30,387.9,388.05,380.65,382.75,6782.0,3071.0,169,2606760.900000001
2026-06-11 12:28:42.544911443+05:30,382.55,384.05,378.65,379.9,6831.0,2892.0,148,2602345.3
2026-06-11 12:39:09.754463289+05:30,380.4,380.4,373.1,373.6,6915.0,3639.0,156,2600378.8999999994
2026-06-11 12:46:30.309198999+05:30,373.85,378.7000000000001,373.2000000000001,378.3,6975.0,4366.0,103,2628274.7
2026-06-11 12:58:29.615115611+05:30,378.4,382.6,377.05,382.6,6845.0,3622.0,148,2595775.0
2026-06-11 13:07:19.079574919+05:30,382.65,386.85,382.65,386.05,6731.0,3134.0,122,2592700.1999999993
2026-06-11 13:16:37.656079553+05:30,386.05,386.2000000000001,382.75,383.25,6829.0,4279.0,130,2625278.0500000003
2026-06-11 13:29:28.086579887+05:30,383.2000000000001,388.15,383.05,386.75,6732.0,3577.0,173,2596370.400000002
2026-06-11 13:41:15.024633320+05:30,386.75,390.2000000000001,384.05,389.8,6859.0,3389.0,152,2657507.8999999994
2026-06-11 13:51:02.993504544+05:30,390.05,394.1,390.05,393.0,6760.0,3543.0,128,2651171.250000001
2026-06-11 14:00:44.872679247+05:30,392.85,395.1,388.1,389.25,6692.0,3111.0,148,2625159.7500000005
2026-06-11 14:09:24.458258189+05:30,389.3,389.5,386.15,387.75,6747.0,3155.0,139,2616461.15
2026-06-11 14:21:01.384724864+05:30,387.6,388.1,383.9,384.6,6716.0,3191.0,190,2592886.4500000016
2026-06-11 14:30:55.827950831+05:30,384.75,389.1,383.4500000000001,388.25,6728.0,3023.0,161,2595480.1999999997
2026-06-11 14:36:07.103928346+05:30,388.35,390.35,387.3,388.0,6677.0,4301.0,83,2592949.000000001
2026-06-11 14:40:05.184252331+05:30,388.25,388.4500000000001,383.15,383.2000000000001,6718.0,2727.0,81,2591526.099999999
2026-06-11 14:47:54.280801146+05:30,383.25,388.9,383.25,385.65,6725.0,3586.0,168,2592435.700000001
2026-06-11 14:53:58.276898650+05:30,385.5,386.5,380.5,380.5,6761.0,3463.0,148,2590614.6999999997
2026-06-11 15:00:21.790395171+05:30,380.6,386.75,379.05,385.25,6759.0,3742.0,160,2590944.8000000007
2026-06-11 15:05:42.170010743+05:30,385.0,386.9500000000001,383.8,384.85,6769.0,3630.0,157,2608910.1
2026-06-11 15:11:18.414789038+05:30,384.9,388.25,382.9500000000001,384.2000000000001,6893.0,3382.0,151,2655443.1500000022
2026-06-11 15:15:03.385657912+05:30,384.2000000000001,394.2000000000001,383.8,389.9500000000001,6664.0,3598.0,131,2595886.8
2026-06-11 15:19:17.084032608+05:30,389.75,394.8,389.05,392.9,6642.0,3262.0,160,2599169.6000000015
2026-06-11 15:22:51.578480125+05:30,393.65,393.7000000000001,389.3,390.3,6629.0,3283.0,178,2593984.000000001
2026-06-11 15:25:25.691184864+05:30,390.4,391.4500000000001,385.9,389.75,6684.0,2848.0,166,2598117.0999999996
2026-06-11 15:27:24.474804370+05:30,389.9500000000001,392.35,384.1,384.9,6797.0,2217.0,164,2642968.6499999994
2026-06-11 15:28:49.342339322+05:30,384.5,384.6,380.55,382.9,6769.0,3640.0,148,2591230.700000001
2026-06-11 15:29:37.189771800+05:30,383.05,384.8,382.2000000000001,383.2000000000001,6759.0,4105.0,143,2591569.0000000005
2026-06-11 15:29:58.436470162+05:30,383.15,383.7000000000001,378.85,380.9,6937.0,3374.0,146,2642546.350000001
2026-06-12 09:15:16.903255967+05:30,381.0,384.75,377.3,379.55,6854.0,3112.0,188,2608264.7999999993
2026-06-12 09:16:29.399800698+05:30,379.3,383.4,379.0,382.15,7138.0,3696.0,150,2726492.599999999
2026-06-12 09:19:09.153211041+05:30,382.1,385.65,380.15,384.65,6826.0,2948.0,161,2609501.5499999993
2026-06-12 09:22:40.574968633+05:30,384.75,386.4500000000001,380.7000000000001,386.4500000000001,6774.0,3627.0,168,2598493.199999999
2026-06-12 09:28:12.015643080+05:30,386.4500000000001,389.05,383.65,384.25,6784.0,4279.0,165,2618799.4000000004
2026-06-12 09:33:35.818490718+05:30,384.1,385.85,379.65,379.8,6755.0,3829.0,137,2591923.8000000003
2026-06-12 09:40:38.857716554+05:30,380.4500000000001,383.35,379.9,382.3,6828.0,3101.0,167,2604135.6500000013
2026-06-12 09:51:06.600557771+05:30,382.5,382.5,378.6,381.75,7034.0,3055.0,166,2678345.8
2026-06-12 10:02:21.074656911+05:30,381.7000000000001,381.7000000000001,376.15,377.3,6841.0,2223.0,171,2592978.5500000007
2026-06-12 10:13:03.824342103+05:30,377.7000000000001,384.85,377.7000000000001,380.7000000000001,6787.0,4155.0,145,2590641.8500000006
2026-06-12 10:24:46.758905425+05:30,380.7000000000001,389.8,380.6,389.05,6763.0,3450.0,160,2605814.7000000007
2026-06-12 10:41:49.140145131+05:30,389.2000000000001,390.2000000000001,386.9,389.75,6709.0,4259.0,160,2609249.7500000014
2026-06-12 10:56:27.735973500+05:30,389.55,390.8,385.9500000000001,387.4500000000001,6710.0,3283.0,143,2608035.250000001
2026-06-12 11:10:13.535214320+05:30,387.4,391.5,386.65,387.9,6657.0,3114.0,151,2592603.6000000006
2026-06-12 11:28:46.864530561+05:30,387.8,390.65,385.7000000000001,387.85,6701.0,3852.0,177,2603054.6500000004
2026-06-12 11:40:10.889592911+05:30,388.25,389.6,385.9500000000001,387.9,6681.0,3972.0,116,2591877.3499999996
2026-06-12 11:55:22.407620360+05:30,387.8,388.8,385.0,386.0,6698.0,2401.0,133,2593346.7499999986
2026-06-12 12:09:41.080940825+05:30,385.85,392.1,385.4,392.1,6767.0,3993.0,133,2631341.149999999
2026-06-12 12:26:47.534453842+05:30,391.9500000000001,392.65,387.4500000000001,389.8,6670.0,1839.0,149,2601380.849999999
2026-06-12 12:42:06.891086737+05:30,390.05,390.4500000000001,385.8,387.35,6699.0,3449.0,147,2597304.75
2026-06-12 12:56:33.831280414+05:30,387.25,392.3,386.1,388.7000000000001,6697.0,2907.0,146,2612700.5000000005
2026-06-12 13:14:05.883667633+05:30,388.0,389.75,386.65,387.05,6689.0,2992.0,146,2596041.6999999993
2026-06-12 13:30:19.769304470+05:30,386.9,386.9,382.0,383.15,6835.0,3243.0,168,2624498.8
2026-06-12 13:44:50.152388401+05:30,383.15,386.25,382.5,382.5,6738.0,3260.0,146,2592126.0500000007
2026-06-12 14:01:54.524737904+05:30,382.55,382.55,377.75,378.85,6836.0,2974.0,173,2594726.35
2026-06-12 14:11:57.179534731+05:30,378.9,382.9500000000001,378.4500000000001,381.8,6941.0,3056.0,116,2643508.3999999994
2026-06-12 14:27:30.793328703+05:30,381.85,382.0,374.55,376.8,6888.0,3595.0,168,2607221.950000001
2026-06-12 14:38:27.655595732+05:30,376.7000000000001,379.2000000000001,374.5,378.7000000000001,6910.0,3871.0,145,2602880.45
2026-06-12 14:47:04.455533740+05:30,378.6,379.6,376.5,376.5,6892.0,2030.0,148,2604619.8499999996
2026-06-12 14:57:06.542417596+05:30,376.8,377.0,371.4,371.6,6930.0,2821.0,164,2594726.150000001
2026-06-12 15:03:56.215387149+05:30,371.65,371.65,367.55,370.85,7034.0,3599.0,119,2593014.9
2026-06-12 15:11:00.733039753+05:30,370.6,372.4500000000001,369.75,372.4500000000001,7010.0,3411.0,149,2602540.6499999994
2026-06-12 15:17:00.918660260+05:30,372.7000000000001,373.85,370.85,372.2000000000001,6978.0,3187.0,150,2597117.15
2026-06-12 15:22:54.875952184+05:30,372.3,372.3,366.55,368.2000000000001,7352.0,4080.0,193,2713151.2499999995
2026-06-12 15:26:38.580560507+05:30,367.8,372.6,366.55,372.4,7008.0,3877.0,173,2593865.5500000007
2026-06-12 15:28:42.962252784+05:30,372.55,377.25,371.05,371.05,6933.0,3068.0,147,2593538.6999999997
2026-06-12 15:29:41.102747864+05:30,371.55,377.05,371.55,375.55,6945.0,3744.0,129,2599482.8000000003
2026-06-12 15:29:59.970702040+05:30,375.4,377.7000000000001,373.05,377.4500000000001,7005.0,4102.0,150,2630662.7500000005
2026-06-15 09:15:59.193974464+05:30,377.5,378.65,374.2000000000001,374.6,6887.0,3508.0,183,2591540.7999999993
2026-06-15 09:18:27.173211267+05:30,374.6,375.7000000000001,372.5,372.5,7063.0,4279.0,148,2643711.699999999
2026-06-15 09:25:28.814439154+05:30,372.2000000000001,373.7000000000001,366.7000000000001,369.25,7114.0,2808.0,179,2630908.1500000013
2026-06-15 09:33:42.730826999+05:30,369.75,374.5,369.6,369.65,7079.0,3032.0,170,2632146.500000002
2026-06-15 09:44:46.401089746+05:30,369.5,371.2000000000001,368.25,369.55,7024.0,2568.0,156,2595452.050000001
2026-06-15 09:54:01.416254469+05:30,369.05,370.75,365.6,369.35,7030.0,2442.0,120,2593690.1000000015
2026-06-15 10:09:20.319748200+05:30,369.55,373.05,368.85,371.0,7466.0,3726.0,164,2767868.0
2026-06-15 10:24:15.927076938+05:30,370.4500000000001,372.9,368.9500000000001,369.75,6989.0,3079.0,129,2591083.2
2026-06-15 10:43:47.205322561+05:30,369.75,375.4500000000001,368.5,373.9,6975.0,4166.0,161,2595033.2499999995
2026-06-15 11:07:34.216987808+05:30,374.2000000000001,376.4500000000001,370.75,372.05,6938.0,3058.0,176,2595370.4999999995
2026-06-15 11:34:15.020744355+05:30,371.9,374.6,370.1,373.5,7005.0,3988.0,185,2605826.9000000004
2026-06-15 11:58:37.020961728+05:30,373.4500000000001,374.5,369.85,370.6,6990.0,3720.0,166,2602514.050000001
2026-06-15 12:23:19.209128012+05:30,370.5,373.35,369.0,372.1,6979.0,3228.0,178,2590654.5499999984
2026-06-15 12:46:53.252920470+05:30,371.85,373.85,369.5,373.65,7055.0,2829.0,146,2620075.5500000003
2026-06-15 13:10:41.311810117+05:30,373.85,374.2000000000001,370.2000000000001,372.4,7104.0,3828.0,167,2640936.349999999
2026-06-15 13:33:09.719857039+05:30,372.35,374.25,366.6,367.3,7390.0,3905.0,170,2742503.150000001
2026-06-15 13:51:52.252914381+05:30,367.4,369.6,366.3,367.0,7282.0,3628.0,169,2678547.4000000004
2026-06-15 14:13:30.365729088+05:30,367.0,369.35,365.85,369.35,7075.0,4081.0,166,2596303.300000001
2026-06-15 14:28:13.188506726+05:30,369.4500000000001,371.35,368.7000000000001,369.8,7214.0,4050.0,136,2669750.1000000006
2026-06-15 14:43:49.510885779+05:30,369.85,374.0,368.4,371.7000000000001,6999.0,3466.0,143,2600851.9500000007
2026-06-15 14:55:28.941985189+05:30,371.9500000000001,378.4500000000001,370.4,377.75,7051.0,4090.0,134,2636868.3500000006
2026-06-15 15:07:43.875918372+05:30,377.9,382.4,377.9,381.4,6946.0,3463.0,169,2636095.4999999995
2026-06-15 15:16:08.467492998+05:30,381.55,387.15,381.55,387.05,6751.0,3680.0,135,2592946.3000000007
2026-06-15 15:22:58.647146519+05:30,386.9500000000001,386.9500000000001,382.4500000000001,384.2000000000001,6772.0,2759.0,154,2602469.45
2026-06-15 15:28:20.690792287+05:30,384.05,387.55,382.65,386.4500000000001,6733.0,3169.0,185,2595181.2500000014
2026-06-15 15:29:44.411556183+05:30,386.2000000000001,389.35,385.4,385.55,6714.0,2919.0,152,2601701.150000002
2026-06-16 09:15:01.880512951+05:30,385.4,387.8,384.75,386.05,6801.0,3475.0,147,2627991.85
2026-06-16 09:15:34.754897388+05:30,386.65,393.35,385.55,393.35,6698.0,3117.0,143,2602191.0500000007
2026-06-16 09:17:13.478464989+05:30,393.25,396.6,391.3,396.3,6600.0,2918.0,165,2597386.8499999996
2026-06-16 09:20:03.644045244+05:30,396.4500000000001,399.0,393.65,393.9500000000001,6544.0,3149.0,151,2593486.3000000007
2026-06-16 09:23:35.721064774+05:30,393.8,397.0,392.75,396.7000000000001,6875.0,3105.0,144,2718444.75
2026-06-16 09:27:49.832718352+05:30,396.55,396.65,393.55,395.1,6670.0,3035.0,115,2635176.7500000005
2026-06-16 09:33:55.371739255+05:30,395.0,395.35,390.15,392.2000000000001,6630.0,3095.0,157,2597362.3499999996
2026-06-16 09:42:05.996525856+05:30,392.2000000000001,393.85,390.15,393.65,6649.0,3736.0,160,2604611.2499999995
2026-06-16 09:52:38.379678914+05:30,393.4,399.2000000000001,392.3,396.6,6561.0,3594.0,162,2603522.9499999997
2026-06-16 10:02:34.581355758+05:30,396.1,397.85,394.05,395.85,6547.0,3756.0,143,2591816.2
2026-06-16 10:14:21.894517229+05:30,395.6,397.55,394.4,394.7000000000001,6549.0,2747.0,150,2591103.500000001
2026-06-16 10:29:09.732831255+05:30,394.75,399.85,392.4500000000001,399.75,6692.0,3622.0,171,2651003.149999999
2026-06-16 10:41:12.873576456+05:30,399.35,399.4500000000001,390.7000000000001,391.9,6572.0,2036.0,125,2599597.6000000006
2026-06-16 10:59:57.921959268+05:30,391.65,396.15,391.65,394.5,6702.0,3282.0,189,2637875.950000001
2026-06-16 11:16:16.954538929+05:30,394.65,395.3,392.35,393.65,6638.0,3109.0,152,2613812.0500000007
2026-06-16 11:31:59.839984149+05:30,393.85,395.65,391.75,392.4,6596.0,3534.0,163,2598203.150000002
2026-06-16 11:47:48.778119562+05:30,392.8,395.15,391.55,394.35,6602.0,3479.0,146,2597175.450000001
2026-06-16 12:07:41.688747139+05:30,394.05,397.2000000000001,393.0,396.7000000000001,6602.0,3529.0,166,2607587.3
2026-06-16 12:22:09.960054973+05:30,396.85,400.35,394.65,397.4500000000001,6532.0,3065.0,147,2598017.2500000023
2026-06-16 12:38:47.816893056+05:30,397.85,398.35,392.85,393.2000000000001,6607.0,2635.0,137,2616183.4000000004
2026-06-16 12:57:14.060417768+05:30,392.85,393.6,390.3,392.5,6673.0,4125.0,161,2615715.0500000017
2026-06-16 13:11:36.149977698+05:30,392.4500000000001,393.1,387.75,388.3,6656.0,3567.0,134,2596542.099999999
2026-06-16 13:24:23.483265862+05:30,388.35,391.4500000000001,384.65,391.2000000000001,6693.0,2937.0,135,2594278.4499999997
2026-06-16 13:41:15.536512754+05:30,390.9500000000001,392.75,388.85,391.65,6655.0,3778.0,189,2598962.95
2026-06-16 13:53:10.474389544+05:30,391.4,391.4,384.4,385.6,6736.0,3187.0,136,2608753.8499999996
2026-06-16 14:08:19.658342453+05:30,384.5,385.8,380.2000000000001,382.65,6774.0,2892.0,160,2596787.650000001
2026-06-16 14:22:04.314442933+05:30,382.1,382.75,378.8,380.3,6865.0,3036.0,166,2614904.3999999994
2026-06-16 14:35:14.069146595+05:30,380.35,381.25,377.6,380.8,6834.0,3656.0,158,2594350.6
2026-06-16 14:43:58.994100333+05:30,380.85,384.15,379.4,383.9,6805.0,2786.0,126,2593086.849999999
2026-06-16 14:53:00.549759398+05:30,384.25,387.1,381.85,383.3,6907.0,2257.0,138,2655401.5
2026-06-16 15:03:36.694405762+05:30,383.4,385.65,382.3,385.65,6750.0,3039.0,170,2591978.9499999983
2026-06-16 15:09:49.520086260+05:30,385.75,389.2000000000001,384.15,389.0,6689.0,3704.0,140,2591016.3499999996
2026-06-16 15:16:43.775726782+05:30,388.7000000000001,389.9,386.35,386.4500000000001,6929.0,2739.0,155,2687378.150000001
2026-06-16 15:21:59.469887592+05:30,386.7000000000001,387.5,381.6,385.9500000000001,6745.0,3513.0,148,2595979.400000001
2026-06-16 15:25:12.757345687+05:30,385.6,386.3,382.65,384.9500000000001,6767.0,3526.0,145,2601911.499999999
2026-06-16 15:27:49.040798158+05:30,384.9500000000001,386.4500000000001,381.5,385.3,6786.0,3877.0,153,2605705.050000001
2026-06-16 15:29:20.418437448+05:30,385.0,385.55,380.4,383.35,6836.0,3776.0,136,2616963.100000001
2026-06-16 15:29:56.078459914+05:30,383.15,384.25,380.25,381.75,6782.0,3246.0,140,2592351.2500000005
2026-06-17 09:15:02.914558367+05:30,381.8,393.4,380.2000000000001,393.35,6743.0,3319.0,153,2612934.9499999993
2026-06-17 09:15:26.466490564+05:30,393.65,398.6,393.0,396.4,6583.0,3398.0,157,2603159.549999999
2026-06-17 09:16:12.932787062+05:30,396.9,399.25,396.5,397.2000000000001,6550.0,2874.0,150,2605366.249999999
2026-06-17 09:17:29.788449347+05:30,396.9500000000001,399.1,395.1,396.65,6629.0,3835.0,153,2630607.4499999997
2026-06-17 09:18:44.314646829+05:30,396.4,396.8,393.0,393.0,6572.0,3424.0,102,2597527.149999999
2026-06-17 09:20:33.912177294+05:30,392.9500000000001,396.35,391.7000000000001,392.25,6624.0,3268.0,150,2607937.6499999994
2026-06-17 09:22:59.962231145+05:30,392.4,393.35,389.3,390.5,6689.0,3507.0,163,2619526.75
2026-06-17 09:25:56.721648575+05:30,390.9,390.9,382.55,382.9,6735.0,3609.0,137,2600907.3
2026-06-17 09:29:22.305121073+05:30,382.9,382.9,378.75,379.8,6851.0,3017.0,167,2607021.7499999995
2026-06-17 09:33:45.057548081+05:30,379.3,380.25,373.15,373.25,6928.0,2350.0,171,2606693.9
2026-06-17 09:38:13.360524176+05:30,373.05,375.0,370.5,370.8,7026.0,2752.0,151,2617207.1
2026-06-17 09:43:48.653596104+05:30,370.75,375.75,370.15,375.35,7079.0,3398.0,171,2635531.8499999996
2026-06-17 09:51:04.386971087+05:30,375.9500000000001,376.35,371.75,373.9500000000001,6929.0,2881.0,173,2594731.549999999
2026-06-17 09:57:30.010498449+05:30,373.75,374.05,368.35,370.9,6977.0,4275.0,146,2594138.8999999985
2026-06-17 10:03:52.157662169+05:30,370.4500000000001,370.8,365.05,367.55,7035.0,3708.0,134,2592512.75
2026-06-17 10:11:33.370705762+05:30,367.4500000000001,374.3,367.4500000000001,373.7000000000001,7028.0,3691.0,154,2607060.3
2026-06-17 10:20:14.861268729+05:30,373.8,375.4,370.5,371.65,6968.0,2940.0,157,2598020.2999999993
2026-06-17 10:30:13.953833841+05:30,371.1,374.2000000000001,370.6,372.25,6979.0,3641.0,183,2597923.400000001
2026-06-17 10:40:18.819365813+05:30,372.0,382.35,371.7000000000001,382.3,7025.0,4263.0,163,2650402.800000001
2026-06-17 10:49:53.835740001+05:30,382.3,384.05,380.15,383.65,6852.0,3956.0,157,2617272.1499999994
2026-06-17 10:59:14.230827799+05:30,383.75,384.0,378.75,379.8,6844.0,3372.0,153,2608522.099999999
2026-06-17 11:09:25.257101593+05:30,379.65,380.1,374.85,377.65,7030.0,3131.0,159,2651348.4499999997
2026-06-17 11:19:52.359434888+05:30,377.8,379.75,376.25,378.15,6875.0,3511.0,160,2598889.6999999997
2026-06-17 11:30:49.397164805+05:30,378.4,382.3,377.8,378.85,6825.0,3072.0,173,2591163.799999999
2026-06-17 11:43:00.445430761+05:30,378.8,378.9500000000001,373.3,373.55,6913.0,3344.0,151,2600479.800000001
2026-06-17 11:51:40.997453822+05:30,373.65,375.7000000000001,372.3,374.15,7054.0,3980.0,137,2638226.849999999
2026-06-17 12:02:50.263150076+05:30,373.85,380.35,371.55,378.9500000000001,6993.0,4058.0,158,2624391.0999999996
2026-06-17 12:15:42.929475427+05:30,379.15,382.9500000000001,374.05,381.15,6876.0,3795.0,169,2602149.55
2026-06-17 12:26:32.188003189+05:30,381.5,386.55,380.3,386.25,6817.0,3518.0,156,2613747.4499999993
2026-06-17 12:38:11.090299804+05:30,385.9,387.2000000000001,382.8,384.25,6736.0,3586.0,151,2594346.9
2026-06-17 12:49:02.227926765+05:30,384.25,389.6,384.25,389.0,6713.0,3393.0,154,2598958.3499999996
2026-06-17 12:58:50.158148451+05:30,388.8,391.4500000000001,387.05,387.6,6699.0,3357.0,135,2610112.9500000016
2026-06-17 13:09:25.359303763+05:30,387.05,390.55,385.9500000000001,390.4500000000001,6902.0,4471.0,143,2675226.5000000005
2026-06-17 13:22:32.546697081+05:30,390.35,392.9,389.6,392.7000000000001,6643.0,3109.0,175,2600151.600000001
2026-06-17 13:31:57.109681472+05:30,392.05,392.9,385.55,385.55,6906.0,3227.0,139,2694819.65
2026-06-17 13:40:42.142991396+05:30,385.9500000000001,388.9500000000001,384.25,387.3,6738.0,3947.0,142,2602967.25
2026-06-17 13:50:03.053334058+05:30,387.9,389.75,383.8,388.0,6720.0,3473.0,142,2598031.5500000003
2026-06-17 13:58:49.387253895+05:30,388.15,390.3,386.6,387.35,6691.0,3754.0,136,2600145.4999999995
2026-06-17 14:06:44.719060972+05:30,387.25,387.3,383.2000000000001,384.3,6718.0,3923.0,143,2591155.5499999993
2026-06-17 14:15:11.420773199+05:30,383.5,388.65,383.3,388.6,6752.0,4326.0,132,2604621.9500000007
2026-06-17 14:23:41.880344511+05:30,388.8,391.1,387.6,389.5,6822.0,3397.0,137,2657454.350000001
2026-06-17 14:31:59.260643707+05:30,389.4500000000001,392.35,388.8,391.65,6692.0,3055.0,175,2612971.2500000005
2026-06-17 14:38:16.113397470+05:30,391.4,393.05,390.1,393.05,6647.0,3746.0,133,2603943.649999999
2026-06-17 14:45:49.536372396+05:30,392.9,393.35,388.55,391.0,6644.0,4171.0,157,2592570.000000001
2026-06-17 14:51:22.120131221+05:30,391.1,391.7000000000001,384.55,384.55,6675.0,2205.0,134,2594199.4000000004
2026-06-17 14:55:41.396489636+05:30,384.7000000000001,388.9500000000001,384.7000000000001,387.4500000000001,6718.0,3078.0,117,2597516.499999999
2026-06-17 15:00:27.732147996+05:30,387.15,392.85,386.0,392.05,6670.0,3637.0,148,2594026.6000000024
2026-06-17 15:05:33.299255810+05:30,391.85,394.55,390.35,393.1,6611.0,3374.0,161,2592937.2500000005
2026-06-17 15:10:52.001472654+05:30,393.05,394.55,386.7000000000001,386.7000000000001,6633.0,2864.0,158,2597122.3999999994
2026-06-17 15:15:38.747819993+05:30,386.35,386.75,381.0,382.75,6745.0,3247.0,168,2591753.8000000007
2026-06-17 15:19:23.712817012+05:30,382.85,385.5,382.4,383.4,6766.0,3258.0,140,2595606.15
2026-06-17 15:22:01.955652369+05:30,383.9500000000001,384.55,381.2000000000001,381.3,6893.0,3006.0,150,2640607.8499999996
2026-06-17 15:24:48.735433150+05:30,381.35,384.65,380.2000000000001,382.4500000000001,6797.0,3575.0,173,2598939.299999999
2026-06-17 15:26:53.049739706+05:30,382.25,384.0,380.9500000000001,383.35,6807.0,2323.0,135,2602680.2
2026-06-17 15:28:18.293330417+05:30,383.3,386.0,381.15,386.0,6776.0,4390.0,163,2601346.100000001
2026-06-17 15:29:08.434589472+05:30,386.0,387.2000000000001,383.8,384.75,6798.0,3278.0,139,2618926.700000002
2026-06-17 15:29:47.151727661+05:30,384.75,384.8,380.65,382.7000000000001,6795.0,3711.0,166,2600045.999999999
2026-06-17 15:29:59.940940471+05:30,382.9500000000001,384.15,378.15,378.85,6782.0,3361.0,151,2592678.9499999993
2026-06-18 09:15:24.634770921+05:30,378.85,383.35,378.7000000000001,382.25,6825.0,3464.0,162,2600652.9499999997
2026-06-18 09:16:44.953156229+05:30,382.3,388.4500000000001,381.35,387.85,6734.0,3987.0,124,2591052.95
2026-06-18 09:19:01.250528843+05:30,387.9500000000001,388.6,385.75,387.2000000000001,6846.0,2813.0,142,2649343.850000001
2026-06-18 09:22:20.576510523+05:30,387.75,389.9,384.25,385.3,6715.0,3411.0,148,2598330.7000000007
2026-06-18 09:25:38.702085607+05:30,385.25,389.5,385.15,388.75,6836.0,3368.0,114,2648030.8000000007
2026-06-18 09:31:19.969771596+05:30,389.15,391.7000000000001,386.5,389.15,6683.0,3091.0,153,2601105.3
2026-06-18 09:37:28.738888144+05:30,389.15,392.35,388.05,391.9500000000001,6668.0,4010.0,122,2598129.9499999997
2026-06-18 09:44:18.634244072+05:30,391.65,392.05,386.7000000000001,386.7000000000001,6655.0,3092.0,133,2592706.9
2026-06-18 09:52:07.009561765+05:30,386.4500000000001,387.35,381.15,386.6,6753.0,3757.0,150,2591549.0
2026-06-18 10:04:12.774026246+05:30,386.4,386.55,376.15,377.05,6903.0,2755.0,169,2628612.9499999997
2026-06-18 10:16:36.913694838+05:30,376.9500000000001,381.05,376.7000000000001,379.1,6932.0,3771.0,138,2627484.1000000015
2026-06-18 10:29:24.479674684+05:30,379.2000000000001,380.4,374.6,374.6,6883.0,2202.0,156,2591296.550000001
2026-06-18 10:41:26.469068830+05:30,374.65,374.9500000000001,369.4,372.0,7051.0,3026.0,146,2621919.3000000007
2026-06-18 11:00:06.949832283+05:30,372.05,373.75,370.0,370.4500000000001,6983.0,3871.0,174,2597725.9499999983
2026-06-18 11:17:44.550274331+05:30,370.65,380.65,370.2000000000001,380.4500000000001,6878.0,3828.0,182,2590937.2999999993
2026-06-18 11:30:42.739126640+05:30,380.25,380.55,377.4,378.4500000000001,6902.0,3332.0,134,2614760.75
2026-06-18 11:42:51.751897448+05:30,378.6,380.5,377.8,379.1,6837.0,3400.0,111,2591663.5500000017
2026-06-18 11:58:57.614948723+05:30,379.2000000000001,379.4,375.6,376.25,6875.0,3213.0,152,2591469.5500000007
2026-06-18 12:14:55.442119754+05:30,376.35,383.25,376.3,383.25,6823.0,3375.0,159,2591264.0000000005
2026-06-18 12:35:09.350336416+05:30,382.75,384.0,380.05,382.55,6816.0,3265.0,185,2603678.399999999
2026-06-18 12:53:07.325112681+05:30,382.5,385.4,381.15,381.25,6768.0,2815.0,157,2594081.4499999997
2026-06-18 13:07:45.286432569+05:30,380.8,385.35,380.25,384.3,6772.0,3798.0,150,2593518.6499999994
2026-06-18 13:24:33.201546988+05:30,384.6,385.75,381.75,384.15,6760.0,3859.0,147,2596394.150000002
2026-06-18 13:39:26.533794212+05:30,384.7000000000001,387.05,380.9500000000001,381.05,6773.0,2496.0,154,2600934.9
2026-06-18 13:52:27.009531875+05:30,380.7000000000001,385.1,380.5,385.1,6798.0,3949.0,136,2604100.8500000024
2026-06-18 14:06:13.411987668+05:30,384.8,388.0,382.25,386.15,6799.0,3857.0,149,2620111.85
2026-06-18 14:15:56.313941544+05:30,385.5,387.1,384.0,385.8,6954.0,3285.0,114,2682136.25
2026-06-18 14:24:37.006986161+05:30,385.8,386.1,382.05,382.25,6750.0,4284.0,120,2595341.650000001
2026-06-18 14:35:24.919659746+05:30,382.4,384.15,379.85,382.1,6815.0,3069.0,140,2602232.4999999986
2026-06-18 14:47:55.584572317+05:30,382.0,382.25,375.9,377.55,6956.0,3151.0,161,2634591.250000001
2026-06-18 14:57:39.235625138+05:30,377.2000000000001,381.4,375.5,377.1,6872.0,3185.0,160,2602688.0500000017
2026-06-18 15:06:38.542814172+05:30,376.8,380.8,376.25,377.2000000000001,7140.0,3424.0,159,2698615.0500000003
2026-06-18 15:12:21.483868496+05:30,377.05,380.4,375.4500000000001,380.4,6892.0,3200.0,143,2600894.3500000006
2026-06-18 15:18:21.482555441+05:30,380.4,383.55,379.2000000000001,382.75,6866.0,2791.0,145,2616521.5
2026-06-18 15:23:12.302177597+05:30,383.05,387.2000000000001,382.4,386.3,6739.0,3120.0,155,2592678.3499999996
2026-06-18 15:26:26.489792637+05:30,386.3,387.9,384.25,387.1,6700.0,3846.0,146,2590655.5500000017
2026-06-18 15:28:29.473878376+05:30,387.2000000000001,390.9500000000001,386.9500000000001,388.05,6676.0,3427.0,128,2597220.35
2026-06-18 15:29:46.005952457+05:30,388.0,388.15,379.9500000000001,379.9500000000001,6876.0,3358.0,174,2631720.6499999985
2026-06-19 09:15:00.168823118+05:30,380.3,385.25,378.05,384.35,6878.0,3807.0,145,2618795.45
2026-06-19 09:15:11.274549970+05:30,384.2000000000001,384.2000000000001,379.3,379.35,6815.0,2150.0,135,2601616.200000001
2026-06-19 09:15:55.479571790+05:30,379.35,379.75,371.4500000000001,373.15,7013.0,2821.0,175,2625488.9000000004
2026-06-19 09:17:05.503999363+05:30,373.15,374.8,372.25,373.15,6992.0,3353.0,145,2612349.0999999996
2026-06-19 09:18:56.770283558+05:30,373.25,375.5,371.25,372.65,7079.0,3141.0,153,2640234.550000001
2026-06-19 09:21:19.364224782+05:30,372.7000000000001,375.7000000000001,370.75,371.3,7242.0,2380.0,149,2697291.6999999997
2026-06-19 09:24:12.371770808+05:30,371.35,378.9,371.35,378.9,6948.0,4735.0,165,2601425.2000000007
2026-06-19 09:28:09.785246713+05:30,378.25,381.65,376.85,380.9,7324.0,3441.0,149,2777636.250000001
2026-06-19 09:31:32.448984032+05:30,381.1,381.4500000000001,378.4,378.5,6836.0,3002.0,129,2596254.95
2026-06-19 09:37:32.990661680+05:30,378.4,381.1,378.3,379.7000000000001,6879.0,3515.0,173,2611646.4
2026-06-19 09:43:00.002047136+05:30,379.55,380.55,376.4500000000001,379.75,6852.0,2623.0,141,2594975.0999999987
2026-06-19 09:49:08.134614308+05:30,380.0,381.3,376.0,376.9,6939.0,3315.0,170,2626391.550000001
2026-06-19 09:54:51.183812133+05:30,376.75,379.75,375.75,378.9,6883.0,4231.0,138,2598331.250000001
2026-06-19 10:04:23.446172126+05:30,378.9,383.2000000000001,376.75,381.0,6842.0,3859.0,178,2600991.7000000016
2026-06-19 10:13:22.990906640+05:30,381.15,383.7000000000001,379.2000000000001,380.8,6821.0,3497.0,186,2598221.3499999987
2026-06-19 10:20:30.901371851+05:30,380.4500000000001,386.9,380.15,385.6,6807.0,3478.0,137,2609183.8500000006
2026-06-19 10:28:55.974458854+05:30,385.6,386.05,380.35,384.05,6787.0,3687.0,136,2599181.3000000003
2026-06-19 10:36:42.401722208+05:30,384.15,387.4500000000001,383.4500000000001,386.85,6760.0,3928.0,144,2604694.6999999997
2026-06-19 10:45:44.677259245+05:30,386.65,388.5,386.65,387.4,6699.0,2655.0,128,2596206.450000001
2026-06-19 10:56:09.723890253+05:30,386.9,388.1,384.25,386.5,6722.0,2821.0,150,2595094.2500000005
2026-06-19 11:06:17.352038879+05:30,386.4,389.85,384.25,385.8,6780.0,3482.0,162,2621322.999999999
2026-06-19 11:15:00.265091466+05:30,385.7000000000001,387.9500000000001,384.35,385.35,6714.0,4246.0,136,2592326.9
2026-06-19 11:27:20.071731305+05:30,385.85,388.75,381.25,382.35,6778.0,3241.0,182,2605244.1000000006
2026-06-19 11:40:20.031881439+05:30,381.9,385.3,381.4500000000001,384.4500000000001,6859.0,3163.0,160,2632440.0500000007
2026-06-19 11:52:30.928614315+05:30,384.6,386.6,384.0,385.7000000000001,6725.0,3484.0,149,2592309.05
2026-06-19 12:03:08.160711100+05:30,385.85,386.7000000000001,381.2000000000001,386.7000000000001,6761.0,3028.0,148,2595385.500000001
2026-06-19 12:14:13.464552714+05:30,386.9,393.1,386.65,393.0,6677.0,3731.0,155,2600017.4500000016
2026-06-19 12:24:38.139550710+05:30,393.0,398.7000000000001,393.0,398.0,6555.0,3761.0,133,2593646.1499999994
2026-06-19 12:37:20.335692129+05:30,398.25,400.7000000000001,396.9,399.25,6807.0,3303.0,176,2713344.2500000005
2026-06-19 12:47:51.483184323+05:30,399.3,400.8,397.25,398.75,6511.0,3040.0,150,2596529.2
2026-06-19 13:00:52.131562164+05:30,398.7000000000001,399.5,395.7000000000001,395.75,6528.0,2889.0,175,2592544.4000000004
2026-06-19 13:13:35.051199933+05:30,395.1,395.15,388.35,388.9,6629.0,2474.0,151,2594725.6500000004
2026-06-19 13:22:42.103068690+05:30,389.3,391.0,388.55,390.4,7059.0,3208.0,146,2751070.0500000003
2026-06-19 13:31:38.416066994+05:30,390.4500000000001,391.55,388.9,390.05,6660.0,3125.0,148,2599306.75
2026-06-19 13:44:48.982126986+05:30,390.0,390.55,384.4,386.4,6705.0,3041.0,167,2592969.25
2026-06-19 13:54:17.709943260+05:30,385.9500000000001,389.6,385.3,389.5,6829.0,3089.0,125,2646811.7
2026-06-19 14:04:46.804327991+05:30,389.15,392.85,388.35,390.25,6698.0,3116.0,163,2618956.000000001
2026-06-19 14:14:24.582708047+05:30,390.25,391.15,387.2000000000001,387.85,6668.0,3581.0,169,2591063.599999999
2026-06-19 14:23:13.508507943+05:30,387.9,388.75,384.9500000000001,387.5,6977.0,3218.0,156,2697743.599999999
2026-06-19 14:30:55.116369627+05:30,387.4500000000001,392.55,386.9,390.2000000000001,6653.0,3267.0,151,2594491.6999999997
2026-06-19 14:38:08.652779984+05:30,390.0,399.3,389.9,399.3,6573.0,4012.0,158,2603207.6500000004
2026-06-19 14:45:56.106148755+05:30,399.35,400.55,394.5,394.55,6703.0,3368.0,163,2668989.850000002
2026-06-19 14:51:58.721571562+05:30,394.5,399.85,394.5,399.65,6763.0,4006.0,151,2683101.15
2026-06-19 14:59:08.342984103+05:30,399.65,400.9,396.6,398.15,6587.0,3367.0,167,2629565.0999999987
2026-06-19 15:03:22.677671826+05:30,398.3,398.3,392.75,395.85,6564.0,3716.0,140,2591762.5500000003
2026-06-19 15:06:55.255665127+05:30,395.8,396.6,393.4,394.35,6620.0,3749.0,127,2614233.3500000006
2026-06-19 15:12:22.533367916+05:30,394.4500000000001,396.1,391.5,393.65,6601.0,3168.0,170,2600807.2499999995
2026-06-19 15:16:02.202927019+05:30,393.75,400.4500000000001,392.2000000000001,399.5,6610.0,2823.0,143,2617803.0500000003
2026-06-19 15:18:56.591344732+05:30,399.85,400.9,396.85,397.3,6504.0,3654.0,111,2598293.750000001
2026-06-19 15:21:58.434043815+05:30,397.25,401.3,395.55,398.0,6505.0,2926.0,137,2591688.4500000016
2026-06-19 15:23:53.192296914+05:30,398.2000000000001,399.55,394.6,396.05,6554.0,1957.0,110,2605935.2999999993
2026-06-19 15:26:15.004736836+05:30,395.9,401.4500000000001,395.8,401.4500000000001,6528.0,3790.0,155,2599397.6499999976
2026-06-19 15:27:47.161515412+05:30,401.25,404.7000000000001,401.05,403.2000000000001,6479.0,3425.0,124,2610164.8999999994
2026-06-19 15:29:13.975276025+05:30,403.4500000000001,404.9,399.6,402.8,6534.0,3374.0,190,2626250.650000001
2026-06-19 15:29:44.894489101+05:30,402.55,402.9,398.6,400.7000000000001,6509.0,3596.0,128,2607067.0
2026-06-19 15:29:56.627983089+05:30,400.8,406.1,400.8,405.85,6508.0,2999.0,105,2625682.449999999
2026-06-22 09:15:01.816947896+05:30,405.8,405.8,400.9,400.9500000000001,6604.0,4097.0,144,2659404.600000001
2026-06-22 09:15:43.887708554+05:30,400.9,401.25,395.6,396.85,6569.0,3201.0,170,2610118.8500000006
2026-06-22 09:17:26.217139976+05:30,396.65,399.55,393.6,398.9,6565.0,3899.0,181,2600478.750000001
2026-06-22 09:20:51.239442910+05:30,398.25,403.6,398.25,401.9,6497.0,3158.0,184,2609597.5000000005
2026-06-22 09:24:27.556337421+05:30,402.35,404.6,400.6,403.55,6449.0,3840.0,151,2598045.3499999996
2026-06-22 09:29:17.509331761+05:30,403.9,405.15,401.55,403.85,6453.0,2969.0,134,2599265.6999999997
2026-06-22 09:34:01.324357372+05:30,403.65,406.4500000000001,403.1,404.1,6417.0,3187.0,130,2597107.749999999
2026-06-22 09:39:29.515755258+05:30,403.8,407.5,402.9,406.3,6406.0,2950.0,138,2595887.5500000003
2026-06-22 09:47:50.277885238+05:30,406.1,409.05,404.65,404.9,6375.0,2801.0,146,2595479.4499999997
2026-06-22 09:55:56.952062923+05:30,405.1,407.7000000000001,404.4500000000001,405.55,6391.0,3012.0,141,2597085.05
2026-06-22 10:04:13.276084208+05:30,405.4,415.5,404.65,415.05,6323.0,3613.0,149,2594638.5999999996
2026-06-22 10:12:33.152421437+05:30,414.85,415.5,412.4,414.3,6262.0,3093.0,132,2591663.6000000006
2026-06-22 10:23:30.486283792+05:30,414.35,415.9,410.4500000000001,410.4500000000001,6390.0,3217.0,136,2640565.5499999993
2026-06-22 10:35:03.300915491+05:30,410.3,411.2000000000001,405.4500000000001,407.65,6396.0,2606.0,129,2613191.8499999996
2026-06-22 10:48:06.269816413+05:30,407.3,409.65,404.9500000000001,404.9500000000001,6393.0,3130.0,144,2606438.8000000007
2026-06-22 11:00:25.922729870+05:30,404.75,406.0,399.75,400.8,6447.0,2723.0,134,2595146.3000000007
2026-06-22 11:16:02.433453677+05:30,400.65,403.75,398.55,400.1,6482.0,3467.0,128,2598261.1000000006
2026-06-22 11:33:19.467266775+05:30,399.9500000000001,400.5,396.7000000000001,399.05,6535.0,3037.0,153,2604543.5500000003
2026-06-22 11:48:16.521897544+05:30,399.15,400.55,395.3,400.55,6542.0,3439.0,146,2602181.0500000017
2026-06-22 12:06:01.732263675+05:30,400.4500000000001,401.8,396.65,401.8,6506.0,3471.0,168,2598651.500000002
2026-06-22 12:19:29.656902639+05:30,401.9,406.15,400.25,404.4500000000001,6485.0,2299.0,119,2618695.3000000007
2026-06-22 12:33:43.040452169+05:30,404.15,406.7000000000001,401.2000000000001,405.75,6418.0,3783.0,142,2592608.8000000007
2026-06-22 12:50:17.706757872+05:30,405.55,407.35,401.9,404.25,6401.0,3093.0,150,2592271.6000000006
2026-06-22 13:02:27.843643827+05:30,404.5,406.9500000000001,402.7000000000001,406.5,6402.0,3750.0,134,2591277.050000001
2026-06-22 13:18:12.280207363+05:30,406.3,406.3,401.65,401.75,6429.0,2315.0,150,2590799.7500000005
2026-06-22 13:33:18.472066827+05:30,401.55,404.35,399.8,403.85,6458.0,3483.0,142,2592076.5500000003
2026-06-22 13:49:57.562873303+05:30,404.05,407.0,402.15,406.9500000000001,6536.0,3122.0,158,2641428.1500000004
2026-06-22 14:00:36.886325707+05:30,406.75,407.1,403.05,407.1,6968.0,3608.0,111,2823043.5000000005
2026-06-22 14:15:35.875702431+05:30,407.0,407.0,400.4500000000001,402.15,6472.0,3335.0,152,2610163.7000000007
2026-06-22 14:27:11.437311611+05:30,402.85,402.85,400.4500000000001,401.85,6459.0,3129.0,131,2594388.7999999993
2026-06-22 14:36:26.956655325+05:30,401.6,407.65,401.5,407.25,6571.0,2813.0,128,2657940.3000000003
2026-06-22 14:47:45.694322523+05:30,407.3,409.9,407.2000000000001,408.65,6347.0,3612.0,152,2592465.7
2026-06-22 14:57:01.426928148+05:30,408.85,412.75,408.1,411.5,6326.0,3331.0,145,2599679.45
2026-06-22 15:05:45.405580840+05:30,411.3,416.6,411.3,414.2000000000001,6318.0,3490.0,164,2617241.7999999993
2026-06-22 15:11:11.799069737+05:30,414.5,416.25,413.0,415.55,6283.0,3411.0,123,2604362.1
2026-06-22 15:17:22.013988849+05:30,415.85,425.9500000000001,414.4,424.9,6286.0,3952.0,154,2640745.6500000004
2026-06-22 15:21:29.513836066+05:30,424.9500000000001,427.9500000000001,424.5,425.2000000000001,6111.0,2732.0,129,2605521.8000000003
2026-06-22 15:24:33.230953049+05:30,424.9500000000001,429.25,424.9500000000001,427.65,6527.0,3210.0,127,2787804.7
2026-06-22 15:27:29.854969658+05:30,427.75,430.8,425.35,430.15,6139.0,3110.0,164,2624564.2000000007
2026-06-22 15:28:58.268567391+05:30,430.2000000000001,433.9500000000001,429.7000000000001,432.75,6034.0,3151.0,125,2602989.4
2026-06-22 15:29:41.422509949+05:30,433.0,437.3,431.9,437.1,6059.0,2413.0,116,2631669.750000001
2026-06-22 15:29:59.923561480+05:30,436.9,438.4500000000001,432.8,434.5,5963.0,2722.0,149,2597689.499999999
2026-06-23 09:15:17.017021011+05:30,434.35,438.65,432.6,432.8,5985.0,2277.0,130,2606204.8499999996
2026-06-23 09:16:15.031771186+05:30,432.55,441.0,432.4500000000001,439.15,6027.0,3550.0,136,2633232.300000001
2026-06-23 09:17:13.698729079+05:30,439.65,441.15,436.35,436.35,6001.0,1578.0,81,2632881.75
2026-06-23 09:20:14.773327326+05:30,436.2000000000001,438.9500000000001,433.5,437.85,5948.0,2427.0,145,2590799.9499999997
2026-06-23 09:26:54.679623703+05:30,437.6,439.9,437.15,438.8,5953.0,2563.0,169,2610481.75
2026-06-23 09:33:52.407751349+05:30,439.15,441.0,435.65,441.0,5928.0,3317.0,152,2598128.9500000007
2026-06-23 09:41:20.006403310+05:30,441.05,443.5,437.0,437.0,5977.0,2707.0,119,2628569.8000000003
2026-06-23 09:50:22.493179877+05:30,436.5,441.65,433.85,441.1,5922.0,2646.0,153,2593354.4499999997
2026-06-23 09:58:54.795131374+05:30,440.9500000000001,442.1,437.55,440.1,5886.0,3318.0,128,2593326.6000000006
2026-06-23 10:09:38.048963585+05:30,440.15,441.65,435.4500000000001,435.4500000000001,6050.0,2393.0,123,2657923.7500000005
2026-06-23 10:21:50.975743758+05:30,435.3,439.85,434.35,437.3,5950.0,3411.0,137,2602682.75
2026-06-23 10:32:42.622632350+05:30,437.35,438.3,432.65,432.65,6017.0,2957.0,113,2619373.899999999
2026-06-23 10:49:09.137684457+05:30,432.5,433.4,426.6,427.65,6028.0,3644.0,152,2595400.0000000014
2026-06-23 11:00:35.495231402+05:30,427.4,428.9,423.3,423.4500000000001,6115.0,3091.0,110,2603712.05
2026-06-23 11:11:48.021539405+05:30,423.6,428.8,422.35,422.35,6205.0,3688.0,110,2644348.2499999995
2026-06-23 11:25:39.695851137+05:30,422.35,431.35,422.3,430.9500000000001,6192.0,3366.0,141,2642068.0500000003
2026-06-23 11:48:50.181879232+05:30,431.55,431.75,427.5,429.4500000000001,6084.0,2919.0,174,2613000.0
2026-06-23 12:06:30.957740237+05:30,429.3,430.2000000000001,425.05,429.0,6073.0,2933.0,138,2596042.7500000005
2026-06-23 12:23:31.372725884+05:30,429.1,435.2000000000001,427.5,434.35,6000.0,3877.0,130,2591581.9000000004
2026-06-23 12:41:39.416753351+05:30,434.55,437.55,434.35,436.4,5945.0,3496.0,132,2592855.199999999
2026-06-23 12:59:10.944196707+05:30,436.65,437.15,429.65,430.6,6030.0,2073.0,152,2611139.5000000014
2026-06-23 13:21:45.426505657+05:30,430.4500000000001,431.4500000000001,424.9500000000001,426.0,6105.0,3056.0,171,2616708.950000002
2026-06-23 13:39:26.435406184+05:30,425.85,425.85,421.65,422.9,6158.0,3281.0,138,2608282.4499999993
2026-06-23 13:54:31.223790221+05:30,422.9500000000001,423.75,415.6,417.1,6228.0,2942.0,125,2615001.3000000007
2026-06-23 14:10:26.428932657+05:30,416.85,420.25,416.0,418.7000000000001,6219.0,3500.0,142,2600961.500000001
2026-06-23 14:22:04.568225215+05:30,418.65,422.3,418.2000000000001,421.0,6365.0,3195.0,131,2677720.85
2026-06-23 14:29:37.043350174+05:30,420.65,421.6,419.5,421.0,6486.0,2632.0,90,2727602.9
2026-06-23 14:40:52.291165907+05:30,420.8,423.2000000000001,418.55,419.0,6203.0,3236.0,130,2608892.0999999996
2026-06-23 14:52:04.273213874+05:30,419.1,422.35,418.9,420.0,6177.0,2945.0,137,2597160.9000000013
2026-06-23 15:02:49.869067235+05:30,419.9,421.4500000000001,418.25,420.9500000000001,6320.0,3312.0,151,2653997.100000001
2026-06-23 15:10:00.751026292+05:30,421.1,423.4500000000001,418.65,420.55,6260.0,2331.0,133,2637401.3000000003
2026-06-23 15:16:38.018913645+05:30,420.5,428.05,419.9,427.5,6152.0,2909.0,139,2611547.9000000004
2026-06-23 15:22:04.443436956+05:30,427.05,431.55,424.4,429.9500000000001,6108.0,2780.0,134,2613234.9499999997
2026-06-23 15:26:52.031543166+05:30,429.4500000000001,432.05,423.35,423.4500000000001,6069.0,2713.0,185,2599326.1999999993
2026-06-23 15:29:06.149845610+05:30,423.85,425.6,420.75,423.4500000000001,6271.0,2644.0,156,2654009.0000000005
2026-06-23 15:29:54.528412698+05:30,422.8,424.25,420.8,421.1,6208.0,3290.0,138,2622577.850000001
2026-06-24 09:15:02.082937526+05:30,421.15,422.0,418.1,421.85,6185.0,2792.0,164,2599350.35
2026-06-24 09:15:20.056129549+05:30,422.5,425.7000000000001,421.35,425.5,6133.0,3557.0,141,2594829.3
2026-06-24 09:15:42.109994469+05:30,425.75,430.15,423.55,429.05,6294.0,2672.0,93,2691072.2
2026-06-24 09:16:33.278318107+05:30,428.65,430.7000000000001,426.65,429.4,6131.0,3477.0,154,2627458.4000000004
2026-06-24 09:17:39.828404673+05:30,428.9,432.35,425.15,425.15,6039.0,2894.0,129,2592954.5500000003
2026-06-24 09:19:18.702424821+05:30,425.35,428.6,423.75,423.75,6185.0,3420.0,152,2639958.2500000005
2026-06-24 09:21:05.614834476+05:30,423.2000000000001,428.5,423.15,424.8,6108.0,2474.0,113,2603323.3000000003
2026-06-24 09:23:23.386767828+05:30,425.4500000000001,426.55,422.15,423.2000000000001,6109.0,2939.0,139,2592592.3999999976
2026-06-24 09:26:10.645813372+05:30,423.15,427.6,422.65,427.4,6109.0,2886.0,117,2600091.5
2026-06-24 09:29:48.928276161+05:30,427.4500000000001,431.9,427.1,431.0,6088.0,3219.0,140,2612867.450000001
2026-06-24 09:34:11.248741974+05:30,430.75,431.9500000000001,427.6,429.6,6043.0,3175.0,152,2597913.150000002
2026-06-24 09:37:36.579060108+05:30,429.9,437.55,429.9,436.7000000000001,6024.0,4418.0,111,2617511.949999999
2026-06-24 09:42:33.223386866+05:30,437.35,439.55,436.35,436.9500000000001,5981.0,2664.0,140,2618894.099999999
2026-06-24 09:47:02.493876135+05:30,437.3,441.85,437.15,441.5,6086.0,3171.0,124,2677672.4000000004
2026-06-24 09:51:35.477248987+05:30,441.3,443.4500000000001,439.15,443.0,6419.0,3947.0,125,2834174.75
2026-06-24 09:57:13.313853981+05:30,442.9,445.7000000000001,442.6,444.65,5845.0,3013.0,148,2595928.2
2026-06-24 10:02:52.786214294+05:30,445.1,446.7000000000001,442.9500000000001,442.9500000000001,5855.0,3230.0,128,2608270.9
2026-06-24 10:09:08.572405534+05:30,442.85,446.35,442.85,445.0,5947.0,2796.0,127,2644652.5500000007
2026-06-24 10:16:23.200498067+05:30,445.1,445.55,441.5,443.15,5884.0,3022.0,153,2610060.7500000014
2026-06-24 10:22:52.046508481+05:30,443.15,445.65,442.9500000000001,444.15,5886.0,2554.0,122,2614603.5999999978
2026-06-24 10:30:14.332128087+05:30,444.65,447.4500000000001,443.7000000000001,446.85,5837.0,3531.0,127,2599968.6000000015
2026-06-24 10:37:04.443329460+05:30,446.9500000000001,447.55,441.65,443.5,6048.0,2647.0,127,2687804.050000001
2026-06-24 10:43:31.756487025+05:30,443.15,445.2000000000001,441.1,443.5,6051.0,3387.0,112,2682627.249999998
2026-06-24 10:53:57.003956697+05:30,443.6,445.0,440.6,441.15,5885.0,3046.0,148,2606740.7999999993
2026-06-24 11:03:27.093679767+05:30,440.65,443.9,439.55,441.75,6003.0,1898.0,135,2652275.5
2026-06-24 11:11:59.038814440+05:30,442.05,442.05,435.55,435.75,5928.0,2640.0,136,2598058.65
2026-06-24 11:18:22.318910444+05:30,435.85,436.4,430.3,433.85,5984.0,2378.0,114,2593763.35
2026-06-24 11:28:37.443161225+05:30,433.75,437.4,433.3,437.35,6031.0,3366.0,137,2623285.6499999994
2026-06-24 11:39:25.002732215+05:30,437.2000000000001,437.4,433.2000000000001,435.65,5976.0,3014.0,161,2605351.949999999
2026-06-24 11:49:34.699452323+05:30,435.75,435.75,428.9,429.65,6036.0,4002.0,130,2602089.8499999996
2026-06-24 11:56:06.322093121+05:30,430.4500000000001,434.8,429.5,434.4500000000001,6029.0,2634.0,110,2603592.4499999997
2026-06-24 12:06:13.206711135+05:30,434.6,440.25,433.65,439.4,5984.0,3604.0,129,2616326.4000000004
2026-06-24 12:16:18.798221491+05:30,439.15,439.75,435.55,436.35,5940.0,2408.0,113,2600868.1499999994
2026-06-24 12:25:24.474659406+05:30,436.2000000000001,441.9500000000001,435.8,438.65,6047.0,2625.0,120,2655920.25
2026-06-24 12:34:10.449516737+05:30,439.2000000000001,442.85,437.4,442.35,5930.0,2819.0,130,2604535.449999999
2026-06-24 12:44:21.544281956+05:30,442.15,448.7000000000001,441.85,448.7000000000001,5847.0,3318.0,147,2593167.2499999995
2026-06-24 12:52:22.169919570+05:30,449.2000000000001,455.35,447.75,454.85,5784.0,3753.0,112,2614299.5000000005
2026-06-24 13:00:23.255041053+05:30,454.75,455.25,452.0,453.55,5727.0,3264.0,120,2599855.3500000006
2026-06-24 13:07:03.184596376+05:30,453.4500000000001,459.8,452.6,457.35,5671.0,3098.0,111,2591104.2500000005
2026-06-24 13:17:41.368452549+05:30,457.4,458.4500000000001,452.55,458.25,5706.0,2973.0,140,2598879.050000001
2026-06-24 13:26:09.361381959+05:30,458.65,461.2000000000001,456.4,456.65,5679.0,3181.0,128,2604167.3999999994
2026-06-24 13:33:34.925943998+05:30,457.7000000000001,459.8,456.15,459.8,5669.0,3794.0,96,2596950.15
2026-06-24 13:41:13.903217851+05:30,459.3,461.4,457.55,459.7000000000001,5639.0,2437.0,121,2591114.8
2026-06-24 13:49:30.931971246+05:30,458.55,460.65,456.7000000000001,460.05,5652.0,2836.0,122,2593898.399999999
2026-06-24 13:56:24.641240824+05:30,460.2000000000001,468.35,460.2000000000001,464.75,5583.0,2782.0,113,2594933.300000001
2026-06-24 14:04:05.392206266+05:30,464.6,469.05,464.3,466.15,5573.0,2536.0,128,2599876.750000001
2026-06-24 14:12:00.779438310+05:30,466.1,466.2000000000001,460.8,462.4500000000001,5600.0,2593.0,153,2595346.2000000007
2026-06-24 14:18:36.965234090+05:30,462.15,462.15,455.85,458.75,5659.0,2277.0,117,2593041.1000000006
2026-06-24 14:24:30.236097664+05:30,458.6,463.2000000000001,457.8,463.2000000000001,5641.0,3187.0,118,2600258.1999999993
2026-06-24 14:30:50.444326461+05:30,463.2000000000001,466.65,462.7000000000001,464.05,5632.0,2171.0,119,2615772.749999999
2026-06-24 14:37:36.624726891+05:30,463.9500000000001,465.15,461.5,463.55,5625.0,3164.0,147,2605925.650000001
2026-06-24 14:42:13.422905619+05:30,463.75,467.9500000000001,461.3,461.3,5725.0,2289.0,125,2661165.6999999993
2026-06-24 14:47:18.664934729+05:30,460.7000000000001,461.9500000000001,452.85,453.1,5664.0,2069.0,119,2591141.4999999995
2026-06-24 14:52:33.590800494+05:30,453.0,453.9500000000001,445.8,447.5,5763.0,2969.0,137,2599602.7499999995
2026-06-24 14:57:10.885535930+05:30,447.35,448.55,444.0,446.4500000000001,6280.0,1912.0,125,2801874.7
2026-06-24 15:02:05.932375996+05:30,446.5,453.0,446.5,449.4,5788.0,2735.0,137,2607456.25
2026-06-24 15:06:22.226160377+05:30,449.4500000000001,455.1,449.35,449.7000000000001,5765.0,3504.0,139,2611004.4500000007
2026-06-24 15:08:40.768887218+05:30,450.0,451.25,444.4,444.7000000000001,5834.0,2675.0,85,2611419.3000000017
2026-06-24 15:12:38.945424968+05:30,444.75,444.9500000000001,437.55,438.3,5956.0,2474.0,130,2624550.45
2026-06-24 15:14:50.235679778+05:30,438.75,444.65,438.15,443.1,5861.0,3646.0,99,2592594.25
2026-06-24 15:18:52.092143108+05:30,443.0,445.5,441.8,443.5,5838.0,2573.0,154,2591656.2499999995
2026-06-24 15:21:27.711656822+05:30,443.7000000000001,444.05,438.8,443.25,5881.0,3004.0,124,2595982.75
2026-06-24 15:23:51.509296619+05:30,443.35,449.0,440.75,447.65,5838.0,3101.0,149,2596509.8000000003
2026-06-24 15:25:33.427516134+05:30,447.75,451.0,447.2000000000001,449.65,5776.0,3014.0,131,2591523.5499999993
2026-06-24 15:27:15.263596708+05:30,449.75,458.9500000000001,449.3,457.4500000000001,5699.0,3153.0,138,2596437.099999999
2026-06-24 15:28:34.322193199+05:30,457.9,459.8,452.9500000000001,453.15,5720.0,2626.0,156,2610169.250000001
2026-06-24 15:29:25.171972682+05:30,452.8,457.4,451.9,453.65,5706.0,2558.0,152,2598975.549999999
2026-06-24 15:29:49.857013143+05:30,453.6,457.9500000000001,451.55,452.35,5708.0,2615.0,133,2594426.95
2026-06-24 15:29:59.131663746+05:30,452.25,454.3,451.65,452.35,5806.0,2644.0,108,2630308.55
2026-06-25 09:15:04.166103837+05:30,452.2000000000001,457.15,449.9500000000001,450.3,5821.0,3128.0,160,2635401.05
2026-06-25 09:15:30.985531523+05:30,449.85,449.85,444.6,446.4,5804.0,3025.0,128,2594655.300000001
2026-06-25 09:16:32.421731100+05:30,446.15,448.6,443.65,448.35,5831.0,3886.0,130,2603555.9
2026-06-25 09:18:18.495938126+05:30,448.5,448.85,445.2000000000001,446.6,5791.0,2825.0,135,2590624.75
2026-06-25 09:20:17.413890320+05:30,446.8,449.4,445.15,448.9500000000001,5815.0,2521.0,129,2599842.150000001
2026-06-25 09:23:47.610901274+05:30,448.9,454.1,448.65,451.5,5860.0,3051.0,152,2648031.65
2026-06-25 09:27:43.391479636+05:30,452.25,453.55,449.2000000000001,453.4,5781.0,3113.0,147,2609488.999999999
2026-06-25 09:31:22.234547756+05:30,453.7000000000001,454.85,450.2000000000001,452.65,5736.0,2945.0,120,2597680.4499999997
2026-06-25 09:35:49.173454810+05:30,452.9,460.9500000000001,452.6,458.6,5691.0,3219.0,136,2605686.0999999996
2026-06-25 09:40:00.032817599+05:30,458.65,460.4500000000001,458.25,458.65,6357.0,2592.0,112,2919510.7999999993
2026-06-25 09:44:47.477238348+05:30,458.9500000000001,461.05,458.15,458.55,5692.0,1764.0,108,2613035.049999999
2026-06-25 09:52:24.341908099+05:30,458.25,459.0,448.9,448.9,5707.0,1986.0,156,2593750.300000002
2026-06-25 10:00:00.883716516+05:30,449.05,450.75,448.3,450.3,5817.0,2583.0,137,2616302.950000001
2026-06-25 10:06:06.591552939+05:30,450.35,451.3,447.8,448.7000000000001,5855.0,2393.0,107,2632649.6999999997
2026-06-25 10:15:39.513112780+05:30,448.3,455.75,447.5,455.75,5738.0,3014.0,141,2590669.85
2026-06-25 10:25:44.489321062+05:30,455.75,464.2000000000001,455.75,464.15,5680.0,3215.0,148,2616662.1500000004
2026-06-25 10:34:14.981052969+05:30,464.3,469.85,461.65,467.85,5564.0,2977.0,107,2595369.499999999
2026-06-25 10:41:09.968037477+05:30,467.7000000000001,472.55,465.7000000000001,468.9500000000001,5507.0,2700.0,95,2590856.0000000005
2026-06-25 10:52:35.838543468+05:30,468.7000000000001,472.7000000000001,468.65,470.05,5843.0,3149.0,144,2748247.400000002
2026-06-25 11:02:36.183288362+05:30,470.4,475.4500000000001,470.2000000000001,472.9500000000001,5514.0,3514.0,144,2606818.65
2026-06-25 11:09:36.031085366+05:30,473.1,477.8,472.85,477.0,5634.0,3944.0,87,2675578.9000000004
2026-06-25 11:19:28.933938453+05:30,477.6,478.75,476.1,478.75,5457.0,2955.0,115,2605449.799999999
2026-06-25 11:28:34.430468158+05:30,479.0,480.9500000000001,475.8,477.1,5449.0,1853.0,108,2605009.75
2026-06-25 11:42:02.279928598+05:30,477.05,478.25,471.9500000000001,472.65,5527.0,1955.0,137,2622746.5500000003
2026-06-25 11:52:27.749464712+05:30,472.9500000000001,475.75,472.55,473.35,5474.0,2396.0,103,2594610.5500000003
2026-06-25 12:04:30.793382489+05:30,473.15,474.85,470.8,474.85,5647.0,2923.0,123,2668559.149999999
2026-06-25 12:17:01.458527733+05:30,475.15,478.8,474.0,476.35,5446.0,2733.0,129,2594214.9999999986
2026-06-25 12:28:22.948533351+05:30,476.4,479.9500000000001,475.55,478.65,5474.0,3133.0,128,2616137.5499999993
2026-06-25 12:37:14.716987334+05:30,478.6,483.75,476.85,481.4,5474.0,3462.0,123,2627735.300000001
2026-06-25 12:47:12.749520957+05:30,480.5,481.4500000000001,477.2000000000001,478.8,5417.0,2286.0,115,2594187.749999999
2026-06-25 12:59:38.038582049+05:30,478.9,478.9,473.15,475.1,5464.0,2417.0,146,2595744.7000000007
2026-06-25 13:10:09.309050275+05:30,475.4500000000001,476.15,470.85,470.85,5513.0,3324.0,123,2606099.700000001
2026-06-25 13:17:24.949787790+05:30,470.65,471.25,465.1,471.25,5985.0,2678.0,84,2798083.1999999997
2026-06-25 13:25:53.447068542+05:30,470.9,472.4,468.4500000000001,469.4,5543.0,2668.0,101,2606358.100000001
2026-06-25 13:34:45.074432276+05:30,469.6,473.9500000000001,468.3,473.6,5550.0,3225.0,115,2615561.0500000003
2026-06-25 13:45:14.613126929+05:30,474.1,474.5,471.4500000000001,473.35,5532.0,3228.0,105,2616979.1999999997
2026-06-25 13:54:51.804133188+05:30,472.75,476.4,471.9,472.85,5491.0,2184.0,145,2601117.2999999993
2026-06-25 14:01:39.971669563+05:30,472.55,474.15,471.6,471.6,5494.0,1396.0,76,2595648.299999999
2026-06-25 14:09:12.826503545+05:30,471.4,475.3,468.1,474.85,5499.0,2963.0,120,2591213.1499999994
2026-06-25 14:18:49.791260102+05:30,474.3,475.05,466.55,466.55,5499.0,2473.0,132,2592648.5999999996
2026-06-25 14:24:20.669450397+05:30,466.65,469.5,466.1,469.5,5594.0,1412.0,87,2615598.750000002
2026-06-25 14:34:05.030009419+05:30,469.35,472.4500000000001,467.8,472.3,5544.0,2615.0,139,2605674.6999999997
2026-06-25 14:39:59.336858857+05:30,472.1,479.2000000000001,471.25,477.0,5772.0,2620.0,119,2746850.950000001
2026-06-25 14:47:10.701526511+05:30,477.3,479.9500000000001,474.05,477.7000000000001,5445.0,2962.0,122,2597188.600000001
2026-06-25 14:52:32.249500149+05:30,477.65,478.05,473.9,477.1,5588.0,2770.0,109,2660910.05
2026-06-25 14:58:17.477388135+05:30,477.1,480.85,475.7000000000001,476.65,5446.0,2916.0,123,2609101.0999999996
2026-06-25 15:03:39.094816491+05:30,476.9500000000001,479.7000000000001,473.6,475.0,5557.0,3064.0,127,2646476.3
2026-06-25 15:07:04.672380691+05:30,474.6,477.25,472.9,475.9500000000001,5529.0,2967.0,94,2628034.75
2026-06-25 15:11:01.279881908+05:30,475.7000000000001,478.6,471.5,472.0,5579.0,2374.0,114,2654221.75
2026-06-25 15:14:25.826137785+05:30,472.65,474.1,466.85,470.85,5574.0,2619.0,112,2621435.9
2026-06-25 15:18:14.365009403+05:30,470.75,473.05,468.2000000000001,470.9500000000001,5533.0,2191.0,123,2600655.25
2026-06-25 15:21:51.966853287+05:30,470.7000000000001,475.65,470.65,472.35,5572.0,3505.0,132,2638301.05
2026-06-25 15:24:43.246208394+05:30,472.6,472.6,465.85,465.85,5536.0,2202.0,139,2594633.4500000007
2026-06-25 15:26:58.878118769+05:30,465.6,465.75,461.9500000000001,462.65,5610.0,2436.0,147,2600502.449999999
2026-06-25 15:28:25.401110688+05:30,463.05,463.9500000000001,460.15,461.9,5611.0,3083.0,138,2592172.8999999994
2026-06-25 15:29:18.604296033+05:30,462.0,466.4,461.9500000000001,464.85,5616.0,3455.0,110,2611291.65
2026-06-25 15:29:51.116240967+05:30,465.05,466.8,459.7000000000001,463.8,5589.0,3233.0,109,2590780.25
2026-06-26 09:15:00.108192545+05:30,463.75,471.4500000000001,463.35,470.5,5544.0,3227.0,132,2598040.199999999
2026-06-26 09:15:24.687904531+05:30,470.75,473.9,469.75,473.05,5502.0,2637.0,111,2594998.4000000004
2026-06-26 09:17:51.214214940+05:30,473.3,474.75,465.6,465.9,5522.0,2592.0,152,2599472.6000000006
2026-06-26 09:20:09.787669150+05:30,466.0,467.1,457.3,457.3,5596.0,2746.0,120,2591337.5999999996
2026-06-26 09:24:49.052162960+05:30,457.1,460.4,455.85,459.4500000000001,5694.0,3320.0,124,2605615.3999999985
2026-06-26 09:31:01.243825047+05:30,459.35,461.15,451.2000000000001,451.5,5684.0,1987.0,134,2590758.0000000005
2026-06-26 09:38:02.327360120+05:30,451.75,455.8,450.75,451.75,5728.0,2724.0,128,2591731.2000000007
2026-06-26 09:45:10.727390878+05:30,451.5,457.1,451.4,455.3,5838.0,3086.0,122,2656491.25
2026-06-26 09:57:32.498696951+05:30,455.4,455.6,450.2000000000001,451.4,5855.0,2536.0,131,2649050.950000001
2026-06-26 10:05:50.181997282+05:30,451.55,453.85,449.7000000000001,450.1,5745.0,1723.0,89,2594252.7500000005
2026-06-26 10:20:25.504972842+05:30,450.2000000000001,451.85,448.25,450.35,5790.0,3290.0,121,2604535.95
2026-06-26 10:36:38.809657792+05:30,449.65,450.6,444.5,445.05,5810.0,2092.0,144,2598058.5999999996
2026-06-26 10:58:01.593572394+05:30,445.35,451.3,444.75,450.8,5826.0,2765.0,154,2612565.9000000013
2026-06-26 11:13:09.142413526+05:30,450.85,453.5,448.05,450.7000000000001,5779.0,2927.0,123,2603388.4000000004
2026-06-26 11:29:34.026506009+05:30,450.4,451.5,447.35,447.9,5828.0,3100.0,138,2619108.3
2026-06-26 11:48:31.445902334+05:30,447.85,450.25,445.55,446.4,5818.0,2784.0,112,2606238.8999999994
2026-06-26 12:09:30.020070968+05:30,446.3,448.9500000000001,445.35,447.8,5849.0,3025.0,127,2615555.3499999996
2026-06-26 12:26:29.544042923+05:30,447.65,451.35,446.8,447.0,5785.0,2988.0,120,2595184.1
2026-06-26 12:51:17.506179410+05:30,447.5,450.9,445.85,450.9,5784.0,2986.0,159,2592226.3999999994
2026-06-26 13:12:45.001843193+05:30,451.2000000000001,452.25,446.9,451.4500000000001,5802.0,2683.0,133,2604764.6000000006
2026-06-26 13:32:54.834056932+05:30,451.5,452.5,444.4500000000001,445.65,5795.0,3007.0,125,2599263.3
2026-06-26 13:52:05.900300693+05:30,445.25,453.4,445.2000000000001,451.7000000000001,5815.0,3105.0,126,2611744.1999999997
2026-06-26 14:12:44.753327915+05:30,451.55,454.55,448.9,454.55,5806.0,2918.0,140,2619411.6999999997
2026-06-26 14:25:21.240750891+05:30,454.7000000000001,457.75,453.4,457.35,5801.0,3089.0,105,2642532.2499999995
2026-06-26 14:37:17.257802923+05:30,457.4,458.15,454.55,456.4500000000001,5814.0,3375.0,122,2651819.9499999997
2026-06-26 14:52:43.428313628+05:30,456.75,463.1,456.75,463.1,5729.0,3028.0,158,2636514.8500000006
2026-06-26 15:03:33.155814228+05:30,463.85,469.9,463.4,469.05,6030.0,3680.0,127,2819301.300000001
2026-06-26 15:12:05.123381800+05:30,468.9500000000001,470.05,462.6,463.5,5604.0,2763.0,129,2608594.0999999996
2026-06-26 15:18:47.926139973+05:30,463.5,469.25,463.5,468.75,5591.0,3779.0,131,2607770.000000001
2026-06-26 15:24:22.742799606+05:30,468.55,471.7000000000001,468.55,469.5,5601.0,2934.0,146,2635799.6499999994
2026-06-26 15:27:39.259316460+05:30,469.25,469.6,465.55,465.85,5627.0,2323.0,115,2627376.1999999997
2026-06-26 15:29:34.648154697+05:30,465.15,473.15,464.9500000000001,472.7000000000001,5604.0,3372.0,133,2626062.649999999
2026-06-26 15:29:59.997179179+05:30,472.3,475.25,468.35,468.4,5501.0,2827.0,130,2599324.8000000003
2026-06-29 09:15:06.930546130+05:30,470.8,472.6,469.4500000000001,469.65,5519.0,2606.0,111,2599354.8500000015
2026-06-29 09:15:54.594792293+05:30,469.8,476.8,469.8,475.5,5476.0,3461.0,137,2593375.4500000007
2026-06-29 09:16:57.873357789+05:30,475.55,478.9500000000001,474.4,475.4,5441.0,2028.0,113,2594044.100000001
2026-06-29 09:18:02.046627424+05:30,475.3,478.9,475.1,478.9,5652.0,2891.0,93,2699356.35
2026-06-29 09:20:50.407769638+05:30,479.4,480.25,476.85,478.5,5492.0,2377.0,121,2628609.250000001
2026-06-29 09:23:18.638282800+05:30,478.4500000000001,478.75,476.0,478.35,5473.0,3116.0,94,2613764.450000001
2026-06-29 09:28:08.633607208+05:30,478.35,484.2000000000001,477.8,481.4,5446.0,2747.0,136,2621594.6000000006
2026-06-29 09:32:03.122242639+05:30,481.65,487.55,481.2000000000001,486.9500000000001,5408.0,2837.0,113,2620185.2
2026-06-29 09:37:40.631343221+05:30,487.15,487.15,481.35,481.4,5401.0,2656.0,127,2611211.2
2026-06-29 09:45:29.524604076+05:30,481.4500000000001,483.05,478.9,480.4500000000001,5498.0,2714.0,164,2646157.4000000013
2026-06-29 09:53:17.739232018+05:30,480.4500000000001,483.15,474.35,474.35,5416.0,2432.0,136,2596782.6500000004
2026-06-29 10:01:29.345798504+05:30,473.9500000000001,478.65,473.7000000000001,475.1,5521.0,3290.0,110,2625275.4499999997
2026-06-29 10:09:11.596404770+05:30,475.6,475.7000000000001,472.3,473.65,5491.0,2584.0,120,2602094.15
2026-06-29 10:16:37.270060745+05:30,473.85,479.7000000000001,473.1,479.7000000000001,5452.0,4079.0,107,2594045.000000001
2026-06-29 10:24:00.936043834+05:30,479.2000000000001,480.8,477.75,478.3,5459.0,2896.0,99,2617905.05
2026-06-29 10:36:11.981496714+05:30,477.1,477.65,470.5,470.7000000000001,5584.0,2423.0,150,2652426.400000001
2026-06-29 10:46:02.132580400+05:30,470.65,471.15,468.0,468.35,5534.0,2383.0,114,2597387.2000000007
2026-06-29 10:56:24.191032134+05:30,468.8,469.05,464.9,465.15,5561.0,2641.0,115,2593688.2500000014
2026-06-29 11:06:24.392821129+05:30,464.65,466.5,462.05,462.05,5585.0,3124.0,103,2591994.1
2026-06-29 11:16:21.916841286+05:30,461.8,462.4500000000001,458.85,459.5,5632.0,2519.0,87,2595410.0
2026-06-29 11:27:15.627750294+05:30,459.35,460.4,455.35,457.75,5674.0,2492.0,136,2595876.400000001
2026-06-29 11:39:42.048149109+05:30,457.5,457.5,450.8,451.3,5703.0,2642.0,146,2593443.3000000003
2026-06-29 11:54:26.780077281+05:30,451.25,456.4500000000001,450.9,456.1,5728.0,3317.0,137,2595343.05
2026-06-29 12:07:07.376247768+05:30,456.9,463.2000000000001,456.15,463.05,5649.0,3243.0,134,2602707.1999999993
2026-06-29 12:24:43.335209557+05:30,462.8,467.15,460.9,465.8,5640.0,3190.0,152,2614370.65
2026-06-29 12:39:39.306837111+05:30,465.7000000000001,465.7000000000001,458.9,461.2000000000001,5706.0,2546.0,157,2631247.3500000006
2026-06-29 12:48:08.680183175+05:30,461.1,463.9500000000001,459.5,463.6,5609.0,2789.0,102,2592073.1000000006
2026-06-29 12:59:45.057136809+05:30,463.85,464.25,452.9500000000001,455.05,5671.0,2405.0,131,2598791.500000001
2026-06-29 13:10:13.272148408+05:30,455.15,457.0,451.0,457.0,5743.0,2247.0,111,2603614.3000000007
2026-06-29 13:23:32.703376297+05:30,457.3,457.75,449.8,449.9,5716.0,2739.0,135,2598329.6999999997
2026-06-29 13:34:27.311395385+05:30,449.65,451.15,444.5,445.35,5789.0,2244.0,111,2591157.75
2026-06-29 13:48:00.303698137+05:30,445.4500000000001,447.7000000000001,441.75,443.4500000000001,5979.0,3368.0,158,2655683.45
2026-06-29 14:00:09.531219793+05:30,443.15,447.05,441.7000000000001,441.7000000000001,5843.0,2498.0,131,2596698.500000001
2026-06-29 14:10:08.734609903+05:30,441.65,445.55,441.65,445.4,5838.0,3326.0,138,2592872.1499999994
2026-06-29 14:21:25.883091169+05:30,445.25,445.4500000000001,441.9500000000001,444.7000000000001,5837.0,2852.0,137,2590626.250000001
2026-06-29 14:33:25.780856958+05:30,444.5,448.9,444.5,447.0,5803.0,2962.0,141,2593818.8999999994
2026-06-29 14:43:43.428817858+05:30,446.85,446.85,438.55,439.5,5856.0,2532.0,153,2595630.1000000006
2026-06-29 14:50:21.955647290+05:30,439.6,445.9500000000001,439.6,445.75,6052.0,3549.0,105,2683299.0000000005
2026-06-29 14:56:29.841461886+05:30,445.3,451.6,445.3,447.85,5839.0,3126.0,107,2617948.7000000007
2026-06-29 15:04:40.131473807+05:30,447.25,450.25,446.15,449.85,6046.0,3787.0,141,2707850.0500000007
2026-06-29 15:10:36.369188318+05:30,449.5,451.65,447.4,450.25,5847.0,2944.0,127,2630122.150000001
2026-06-29 15:16:10.526372873+05:30,450.55,454.65,450.15,453.4,5868.0,3203.0,144,2650128.199999999
2026-06-29 15:20:45.066218203+05:30,453.35,456.4,452.55,455.55,5749.0,2369.0,133,2613889.2000000007
2026-06-29 15:23:40.672956590+05:30,455.5,461.9500000000001,454.25,461.9500000000001,5691.0,3477.0,128,2607183.999999999
2026-06-29 15:25:45.771371961+05:30,462.0,462.05,456.15,456.55,5662.0,2267.0,104,2593894.9500000007
2026-06-29 15:27:28.458476677+05:30,456.15,462.35,455.6,460.9,5712.0,3549.0,109,2620009.0999999996
2026-06-29 15:28:35.787113539+05:30,460.9,466.8,459.35,466.8,5674.0,2835.0,113,2622811.9499999993
2026-06-29 15:29:32.591054745+05:30,466.85,467.4,461.55,461.7000000000001,5587.0,2433.0,133,2592931.400000001
2026-06-29 15:29:58.166608369+05:30,461.55,466.6,461.55,463.65,5637.0,2787.0,120,2617053.5500000003
2026-06-30 09:15:10.831549105+05:30,463.8,465.2000000000001,458.0,459.0,5637.0,2983.0,156,2597906.4
2026-06-30 09:16:09.990518225+05:30,458.9500000000001,461.4500000000001,457.35,459.15,5656.0,2569.0,124,2597005.3000000007
2026-06-30 09:17:55.246486923+05:30,459.5,464.15,458.6,463.9500000000001,5616.0,3073.0,105,2594148.7000000007
2026-06-30 09:20:21.294544125+05:30,463.9500000000001,464.25,458.7000000000001,459.2000000000001,5624.0,1964.0,104,2595205.850000001
2026-06-30 09:23:47.612992101+05:30,459.65,459.65,448.65,450.35,5730.0,2555.0,117,2598311.5500000007
2026-06-30 09:26:50.887226853+05:30,450.75,453.2000000000001,445.9500000000001,446.25,5886.0,2924.0,86,2653576.25
2026-06-30 09:31:13.608768476+05:30,445.75,448.35,442.5,445.4,5857.0,3091.0,115,2608787.6
2026-06-30 09:38:37.096271433+05:30,445.05,445.05,439.15,442.9500000000001,6358.0,2399.0,137,2808001.000000002
2026-06-30 09:45:25.079282930+05:30,442.8,446.05,440.25,440.9,5923.0,3060.0,130,2624785.750000001
2026-06-30 09:54:47.652292918+05:30,440.65,441.3,438.35,438.9,5892.0,2888.0,149,2591733.900000001
2026-06-30 10:02:33.308466475+05:30,439.0,440.3,437.05,438.1,6026.0,3486.0,104,2644942.150000001
2026-06-30 10:08:51.143015519+05:30,438.15,440.7000000000001,437.0,437.3,5938.0,2851.0,84,2602975.7
2026-06-30 10:19:48.335787161+05:30,436.75,439.4500000000001,435.7000000000001,438.5,6209.0,3674.0,124,2717000.9
2026-06-30 10:32:09.028737735+05:30,439.0,443.8,438.8,443.6,5911.0,2979.0,129,2605781.0499999993
2026-06-30 10:41:23.360100510+05:30,443.0,443.2000000000001,437.75,439.65,5906.0,2722.0,104,2599802.8000000007
2026-06-30 10:56:20.906718033+05:30,440.0,445.25,438.55,441.9,5951.0,2487.0,143,2631922.1999999993
2026-06-30 11:14:49.241714125+05:30,442.05,444.8,439.2000000000001,444.4,5913.0,2775.0,155,2616996.050000001
2026-06-30 11:31:02.863380987+05:30,444.05,444.25,439.6,441.55,6317.0,2902.0,141,2789758.9499999997
2026-06-30 11:42:18.124117839+05:30,441.6,444.55,440.9,443.9500000000001,5891.0,3620.0,110,2609065.2
2026-06-30 11:57:56.666902445+05:30,444.1,444.5,439.35,439.9,5896.0,2241.0,120,2603287.3
2026-06-30 12:13:07.472310849+05:30,440.4,442.85,439.9500000000001,440.15,5913.0,3071.0,127,2611320.9499999997
2026-06-30 12:28:17.281141388+05:30,440.7000000000001,441.4,438.4,440.7000000000001,6073.0,3143.0,123,2673599.4499999993
2026-06-30 12:45:40.057443637+05:30,440.5,445.35,439.55,440.1,5922.0,2078.0,134,2617669.5999999987
2026-06-30 13:02:01.122567485+05:30,440.25,444.7000000000001,439.65,442.0,5875.0,3211.0,155,2600298.5500000003
2026-06-30 13:16:21.456495801+05:30,441.9500000000001,444.3,440.2000000000001,443.9500000000001,5937.0,3227.0,130,2625219.4999999995
2026-06-30 13:30:19.658858790+05:30,443.9500000000001,444.5,439.65,442.7000000000001,6150.0,3654.0,122,2717237.3000000003
2026-06-30 13:43:52.990394179+05:30,442.55,445.6,440.15,440.4500000000001,6315.0,3545.0,134,2799034.8000000003
2026-06-30 13:56:29.241187502+05:30,441.05,442.2000000000001,439.4,440.6,5968.0,2427.0,111,2629401.650000001
2026-06-30 14:14:20.526907062+05:30,440.85,447.9,438.05,447.65,5920.0,3467.0,164,2618149.9999999995
2026-06-30 14:22:09.630286599+05:30,447.75,449.6,446.55,447.05,5822.0,3183.0,93,2609027.7999999993
2026-06-30 14:33:24.907151348+05:30,447.4,450.1,443.9,444.4500000000001,5796.0,2958.0,141,2595641.1
2026-06-30 14:43:02.733125153+05:30,444.25,445.8,440.9,445.65,5879.0,2920.0,108,2605286.749999999
2026-06-30 14:54:09.942638038+05:30,446.15,450.4500000000001,444.65,444.65,5911.0,3420.0,148,2647333.45
2026-06-30 15:00:59.237969112+05:30,444.1,451.9,444.1,451.1,5830.0,3248.0,111,2619411.0999999987
2026-06-30 15:08:55.997348441+05:30,450.9500000000001,453.85,449.15,452.55,5754.0,3155.0,121,2594189.799999999
2026-06-30 15:15:26.781802692+05:30,452.6,455.0,450.2000000000001,450.3,5753.0,2386.0,120,2602065.4
2026-06-30 15:20:05.534585125+05:30,449.8,451.05,447.5,449.9500000000001,6166.0,3024.0,115,2769901.5500000007
2026-06-30 15:24:28.513018435+05:30,449.65,450.75,447.25,448.65,5770.0,2769.0,128,2591790.1500000004
2026-06-30 15:26:36.791948251+05:30,448.5,453.1,448.2000000000001,452.15,5767.0,3051.0,98,2601853.1
2026-06-30 15:28:31.226456179+05:30,452.7000000000001,452.8,446.75,449.05,5766.0,2594.0,124,2591374.3000000003
2026-06-30 15:29:36.856282220+05:30,448.9500000000001,453.8,448.9500000000001,453.15,5742.0,3910.0,117,2598200.1999999997
2026-06-30 15:29:58.759296893+05:30,453.35,455.2000000000001,450.4500000000001,452.0,5741.0,2381.0,94,2599977.4000000004
2026-07-01 09:15:02.043432316+05:30,451.9500000000001,453.1,448.9500000000001,452.8,5776.0,2441.0,103,2601802.049999999
2026-07-01 09:15:19.250647498+05:30,453.35,453.4,449.9500000000001,450.75,5740.0,2386.0,116,2593566.95
2026-07-01 09:16:14.836078668+05:30,450.7000000000001,458.55,450.6,457.9,5741.0,2669.0,144,2611472.0000000005
2026-07-01 09:17:03.404745385+05:30,457.85,461.9,457.6,460.75,5645.0,3445.0,107,2595942.8000000003
2026-07-01 09:18:31.198991176+05:30,460.55,462.15,458.75,461.25,5726.0,2911.0,138,2636150.999999999
2026-07-01 09:20:25.252694833+05:30,461.2000000000001,472.0,460.65,472.0,5611.0,3521.0,136,2612199.2500000005
2026-07-01 09:23:43.191068459+05:30,471.75,478.2000000000001,471.0,476.8,5490.0,3538.0,166,2604973.15
2026-07-01 09:26:19.811191650+05:30,476.55,485.9,475.9500000000001,485.25,5402.0,3149.0,102,2600881.8000000003
2026-07-01 09:30:49.951561664+05:30,485.65,490.9,483.75,487.9500000000001,5434.0,3166.0,141,2651042.099999999
2026-07-01 09:35:00.790990344+05:30,489.15,491.55,488.6,490.35,5353.0,2307.0,119,2622831.850000001
2026-07-01 09:40:50.011990673+05:30,490.4500000000001,492.75,483.65,486.75,5307.0,3071.0,131,2593014.799999999
2026-07-01 09:47:07.834692425+05:30,486.75,489.35,485.2000000000001,488.25,5317.0,2815.0,141,2592239.3000000007
2026-07-01 09:53:47.242764515+05:30,488.25,491.6,487.65,490.55,5297.0,3344.0,116,2592752.6
2026-07-01 10:00:02.321988357+05:30,491.25,499.0,490.7000000000001,496.05,5247.0,3181.0,135,2595241.6499999994
2026-07-01 10:07:04.411086792+05:30,496.65,498.55,495.6,497.85,5378.0,2842.0,107,2672755.0000000005
2026-07-01 10:13:34.521778498+05:30,497.3,499.25,493.6,495.65,5233.0,2540.0,114,2594701.050000001
2026-07-01 10:20:58.714939864+05:30,495.7000000000001,496.25,487.65,488.9,5344.0,2193.0,111,2622833.25
2026-07-01 10:28:40.348115727+05:30,488.75,492.0,488.55,491.2000000000001,5298.0,2987.0,131,2599046.75
2026-07-01 10:36:46.271202541+05:30,491.3,495.2000000000001,488.85,494.9500000000001,5452.0,3665.0,113,2681475.6
2026-07-01 10:46:09.470207828+05:30,494.65,494.7000000000001,485.8,485.8,5348.0,1886.0,129,2622605.4
2026-07-01 10:57:15.159617273+05:30,486.1,486.55,480.3,481.15,5535.0,2380.0,135,2677960.1000000006
2026-07-01 11:07:04.028330230+05:30,481.3,487.15,481.3,486.4,5455.0,2965.0,123,2641022.4
2026-07-01 11:15:13.986796226+05:30,486.05,487.8,483.8,485.65,5368.0,2191.0,96,2613299.4999999995
2026-07-01 11:24:37.465492163+05:30,485.9500000000001,491.4,484.3,491.4,5360.0,2927.0,104,2615243.9500000007
2026-07-01 11:32:40.649114200+05:30,491.7000000000001,495.15,490.65,494.7000000000001,5824.0,2770.0,109,2870049.449999999
2026-07-01 11:42:07.697517557+05:30,494.8,500.3,493.75,500.1,5297.0,2753.0,114,2633719.25
2026-07-01 11:52:44.805314822+05:30,499.8,501.8,498.0,499.8,5208.0,2707.0,115,2605174.850000001
2026-07-01 12:02:18.433322730+05:30,499.75,503.2000000000001,495.0,503.2000000000001,5209.0,2814.0,117,2599840.350000001
2026-07-01 12:11:54.553383107+05:30,502.85,509.1,501.15,509.1,5153.0,3188.0,113,2596274.249999999
2026-07-01 12:22:42.348682041+05:30,509.9500000000001,510.6,502.85,503.1,5181.0,2161.0,148,2624582.7000000007
2026-07-01 12:32:48.448960561+05:30,502.55,505.35,502.3,504.9,5236.0,3114.0,109,2636221.0500000003
2026-07-01 12:44:39.844679752+05:30,505.25,505.5,498.15,501.9500000000001,5184.0,2584.0,135,2596054.1999999997
2026-07-01 12:51:51.600688384+05:30,502.5,502.5,497.5,497.85,5221.0,1377.0,86,2607311.6999999997
2026-07-01 13:00:45.543122816+05:30,497.7000000000001,499.2000000000001,494.6,495.9500000000001,5307.0,2056.0,122,2637693.5500000017
2026-07-01 13:10:41.469531737+05:30,495.7000000000001,499.15,494.5,496.85,5231.0,2070.0,113,2599179.5500000007
2026-07-01 13:19:56.311029112+05:30,496.3,496.3,487.3,487.3,5293.0,2549.0,107,2602100.35
2026-07-01 13:29:55.781517940+05:30,486.7000000000001,487.35,481.9500000000001,484.15,5386.0,2636.0,121,2609938.449999999
2026-07-01 13:38:23.144964318+05:30,483.85,489.85,480.7000000000001,489.5,5357.0,2997.0,99,2597643.050000001
2026-07-01 13:48:50.349237909+05:30,489.6,492.0,484.15,484.6,5324.0,3112.0,142,2599137.7999999993
2026-07-01 13:57:29.725757201+05:30,483.6,487.25,479.7000000000001,479.9500000000001,5542.0,2544.0,110,2678849.4000000004
2026-07-01 14:06:55.668873860+05:30,479.25,479.9,476.9,478.3,5424.0,3161.0,138,2594229.849999999
2026-07-01 14:14:12.091966580+05:30,478.6,478.75,474.8,476.55,5689.0,2682.0,112,2715582.45
2026-07-01 14:21:49.977516274+05:30,476.6,477.0,473.7000000000001,476.8,5468.0,2423.0,115,2601459.55
2026-07-01 14:30:16.192439489+05:30,477.1,479.0,472.4,473.35,5450.0,2312.0,141,2592551.4
2026-07-01 14:38:24.123725901+05:30,473.65,479.3,471.9,479.3,5466.0,3155.0,130,2598109.6999999993
2026-07-01 14:44:42.175255324+05:30,479.4500000000001,483.05,478.1,481.0,5410.0,2660.0,95,2598437.9000000004
2026-07-01 14:51:23.343444788+05:30,480.65,482.25,478.55,480.2000000000001,5399.0,2402.0,139,2594027.8000000007
2026-07-01 14:57:29.638767396+05:30,480.7000000000001,481.35,474.7000000000001,480.9500000000001,5431.0,2786.0,128,2599677.15
2026-07-01 15:02:58.720927165+05:30,480.15,480.15,475.8,475.9,5518.0,2652.0,127,2636963.4500000007
2026-07-01 15:07:39.919568191+05:30,475.85,481.55,473.6,479.65,5450.0,3583.0,132,2601992.6999999997
2026-07-01 15:12:48.830143174+05:30,479.55,481.7000000000001,476.9,480.0,5461.0,2399.0,138,2616934.1500000004
2026-07-01 15:16:45.154655857+05:30,479.7000000000001,489.1,478.4,487.35,5516.0,2752.0,111,2672021.2500000005
2026-07-01 15:20:05.567225967+05:30,487.9,493.9,487.4,488.9,5391.0,2413.0,134,2643993.1999999997
2026-07-01 15:22:55.492373944+05:30,488.85,492.3,486.9500000000001,487.55,5303.0,3329.0,138,2594985.400000001
2026-07-01 15:25:20.918640611+05:30,487.6,487.9,482.5,484.7000000000001,5410.0,2196.0,117,2625980.5500000007
2026-07-01 15:26:42.956527341+05:30,484.5,487.4500000000001,482.5,487.1,5458.0,3354.0,111,2645203.650000001
2026-07-01 15:27:56.902887246+05:30,487.1,489.4,487.1,487.75,5371.0,3326.0,113,2621631.3000000007
2026-07-01 15:28:55.077662293+05:30,487.65,494.35,486.4500000000001,492.8,5312.0,2790.0,125,2600057.1
2026-07-01 15:29:40.629403448+05:30,492.85,498.15,492.5,496.4500000000001,5263.0,2966.0,119,2607660.7000000007
2026-07-01 15:29:58.352525875+05:30,495.7000000000001,499.25,495.1,497.55,5258.0,2369.0,116,2617023.1
2026-07-02 09:15:00.806077209+05:30,497.3,503.8,497.3,501.4500000000001,5234.0,3298.0,110,2622537.75
2026-07-02 09:15:12.992217180+05:30,501.4,502.85,495.4500000000001,497.7000000000001,5239.0,2592.0,115,2617183.7999999993
2026-07-02 09:15:46.185385228+05:30,498.1,500.65,497.15,498.5,5487.0,3605.0,121,2736166.2499999986
2026-07-02 09:16:26.346282177+05:30,498.55,501.75,497.2000000000001,500.8,5285.0,2965.0,123,2639924.7
2026-07-02 09:17:31.773482700+05:30,500.6,501.25,492.9500000000001,493.4500000000001,5235.0,1455.0,131,2602411.6000000006
2026-07-02 09:18:42.951724785+05:30,493.15,495.65,491.65,492.9,5292.0,3494.0,101,2612458.6500000004
2026-07-02 09:20:15.500373819+05:30,492.4500000000001,493.5,487.9500000000001,490.35,5386.0,2262.0,124,2643453.4
2026-07-02 09:22:22.871768380+05:30,490.7000000000001,492.55,486.6,492.55,5306.0,3170.0,135,2596905.9
2026-07-02 09:24:46.123525679+05:30,492.8,496.8,491.7000000000001,495.0,5322.0,3109.0,107,2629752.65
2026-07-02 09:27:39.266222845+05:30,495.4500000000001,499.85,494.05,494.6,5218.0,3656.0,121,2593972.45
2026-07-02 09:30:40.346670002+05:30,494.5,495.3,484.85,487.0,5303.0,2883.0,123,2598369.8000000003
2026-07-02 09:34:01.571579960+05:30,486.6,489.5,485.2000000000001,485.9500000000001,5524.0,2792.0,116,2689739.1999999993
2026-07-02 09:37:43.533025866+05:30,486.2000000000001,487.35,480.85,480.85,5359.0,2309.0,112,2591115.4499999993
2026-07-02 09:41:46.131592289+05:30,481.3,484.5,479.55,480.2000000000001,5376.0,2616.0,127,2590951.1
2026-07-02 09:46:22.385315970+05:30,480.15,483.15,479.6,482.25,5383.0,2655.0,123,2591650.2000000007
2026-07-02 09:51:07.835998028+05:30,482.15,482.15,474.65,475.25,5430.0,2014.0,121,2595575.1999999997
2026-07-02 09:57:15.405699534+05:30,475.15,477.05,473.1,476.85,5458.0,3272.0,132,2592555.4500000007
2026-07-02 10:02:07.355834886+05:30,477.0,478.9,475.7000000000001,478.7000000000001,5470.0,3139.0,104,2612139.3
2026-07-02 10:07:20.212627714+05:30,479.1,482.6,476.25,479.05,5413.0,2277.0,119,2595542.600000001
2026-07-02 10:11:36.388432855+05:30,478.85,479.0,475.2000000000001,477.4,5446.0,3109.0,112,2598856.050000001
2026-07-02 10:18:19.080292923+05:30,477.4500000000001,479.25,473.85,477.4,5507.0,2671.0,119,2624685.8500000006
2026-07-02 10:25:24.452136155+05:30,477.85,480.9500000000001,476.8,479.75,5426.0,2576.0,135,2599553.3000000003
2026-07-02 10:34:38.234871946+05:30,479.75,486.5,479.65,485.85,5637.0,3409.0,140,2721114.5999999996
2026-07-02 10:42:21.771276591+05:30,485.25,490.0,482.9,489.25,5331.0,2322.0,128,2592348.8000000003
2026-07-02 10:51:18.252603185+05:30,488.9,492.7000000000001,487.9,490.75,5754.0,3020.0,136,2823497.9499999997
2026-07-02 11:00:13.833112269+05:30,490.75,490.75,485.8,489.4500000000001,5427.0,2532.0,138,2650437.9999999995
2026-07-02 11:07:58.348175350+05:30,489.6,490.1,482.55,482.55,5390.0,2343.0,112,2619319.7
2026-07-02 11:12:36.593319499+05:30,482.35,483.5,476.9500000000001,477.05,5406.0,2658.0,83,2600255.5999999987
2026-07-02 11:19:53.970459224+05:30,477.2000000000001,480.35,476.2000000000001,477.6,5571.0,3096.0,105,2664711.250000001
2026-07-02 11:29:18.112619807+05:30,477.7000000000001,485.65,477.7000000000001,484.6,5387.0,3323.0,120,2594761.6499999994
2026-07-02 11:40:18.338345501+05:30,484.7000000000001,487.9500000000001,480.1,481.05,5384.0,2368.0,142,2603537.4000000004
2026-07-02 11:51:12.771877771+05:30,480.9500000000001,483.2000000000001,476.75,477.85,6560.0,4364.0,137,3147604.999999999
2026-07-02 11:59:07.811368107+05:30,477.65,478.1,473.5,473.55,5524.0,2099.0,116,2625923.7
2026-07-02 12:07:09.113858879+05:30,473.25,476.1,471.7000000000001,476.1,5534.0,3540.0,110,2619296.4500000007
2026-07-02 12:17:16.795803383+05:30,476.1,481.4500000000001,474.65,481.05,5686.0,3317.0,138,2723675.950000001
2026-07-02 12:25:36.168565517+05:30,480.65,487.9,480.05,487.4500000000001,5348.0,2686.0,113,2591233.099999999
2026-07-02 12:37:30.499713926+05:30,487.55,493.7000000000001,486.8,492.25,5289.0,2639.0,155,2594547.5500000003
2026-07-02 12:48:41.832694624+05:30,492.85,494.9500000000001,488.4500000000001,490.1,5321.0,2295.0,150,2621023.600000001
2026-07-02 12:59:23.975704490+05:30,490.25,492.7000000000001,488.1,489.7000000000001,5418.0,2841.0,136,2657766.85
2026-07-02 13:08:23.723811579+05:30,490.15,490.9,479.9500000000001,481.6,5414.0,2434.0,138,2619649.0500000003
2026-07-02 13:16:43.493326664+05:30,482.05,484.75,481.9,483.05,5379.0,2273.0,141,2599117.799999999
2026-07-02 13:23:38.244534811+05:30,482.7000000000001,483.4500000000001,479.05,481.55,5392.0,2653.0,127,2596880.749999999
2026-07-02 13:31:54.105937907+05:30,481.55,483.15,478.4,480.9500000000001,5455.0,2498.0,118,2623978.5500000007
2026-07-02 13:39:17.417595473+05:30,480.85,481.0,474.7000000000001,475.1,5435.0,2533.0,130,2590743.9499999997
2026-07-02 13:48:49.135902685+05:30,475.3,481.7000000000001,473.05,479.0,5455.0,3291.0,154,2604097.3500000006
2026-07-02 13:56:55.419660926+05:30,478.8,480.9500000000001,476.7000000000001,477.65,5616.0,3030.0,130,2689005.0000000014
2026-07-02 14:05:20.392589521+05:30,477.15,477.9,472.65,476.3,5463.0,2752.0,133,2595725.350000001
2026-07-02 14:10:58.985051436+05:30,475.7000000000001,478.55,472.55,474.5,5457.0,2469.0,92,2595197.95
2026-07-02 14:18:32.526047457+05:30,474.05,479.7000000000001,473.5,474.4,5476.0,3316.0,125,2613414.5500000003
2026-07-02 14:25:39.232594746+05:30,473.8,474.8,471.1,472.1,5697.0,2585.0,117,2696241.95
2026-07-02 14:31:53.752624989+05:30,471.6,472.2000000000001,466.1,467.0,5665.0,2561.0,128,2657091.1499999985
2026-07-02 14:39:46.174878434+05:30,466.75,466.75,461.85,463.3,5674.0,2655.0,158,2634718.0
2026-07-02 14:47:44.973248327+05:30,463.55,472.7000000000001,463.5,470.9500000000001,5568.0,2842.0,146,2610806.099999999
2026-07-02 14:53:48.686998258+05:30,471.0,475.05,470.75,473.7000000000001,5507.0,2255.0,130,2605127.55
2026-07-02 14:57:57.193735753+05:30,473.8,474.9500000000001,471.2000000000001,471.7000000000001,5479.0,2142.0,120,2593328.7000000007
2026-07-02 15:02:30.677286345+05:30,471.6,475.1,467.5,474.6,5557.0,2474.0,127,2621405.5499999993
2026-07-02 15:06:39.514927361+05:30,474.9500000000001,479.3,470.9500000000001,475.75,5494.0,2453.0,124,2607733.8500000006
2026-07-02 15:10:11.649303283+05:30,475.9,477.0,472.85,473.85,5478.0,2107.0,99,2600698.3
2026-07-02 15:13:47.089826547+05:30,473.9,474.6,470.15,471.0,5607.0,2416.0,121,2648880.999999999
2026-07-02 15:17:38.578403503+05:30,470.5,472.5,467.5,470.4500000000001,5523.0,2429.0,154,2596023.1499999994
2026-07-02 15:19:12.025942260+05:30,470.85,473.75,470.15,471.5,5537.0,1852.0,67,2613210.7499999995
2026-07-02 15:21:42.031595945+05:30,472.3,476.75,471.0,475.4,5467.0,3109.0,116,2591656.5500000003
2026-07-02 15:24:18.630332109+05:30,475.4500000000001,476.7000000000001,471.8,474.65,5743.0,2811.0,143,2725256.850000001
2026-07-02 15:26:23.321108834+05:30,474.85,479.9500000000001,474.7000000000001,476.2000000000001,5818.0,2722.0,129,2775451.100000001
2026-07-02 15:27:40.536231713+05:30,477.1,480.0,473.3,473.3,5434.0,2493.0,113,2591188.1000000006
2026-07-02 15:28:41.027196997+05:30,472.75,472.85,465.4500000000001,466.4,5650.0,2070.0,124,2648256.3
2026-07-02 15:29:29.131533778+05:30,466.35,471.9,465.6,471.35,5607.0,2205.0,117,2632419.099999999
2026-07-02 15:29:49.501151350+05:30,471.5,476.75,469.4,474.75,5490.0,2881.0,103,2604239.3500000006
2026-07-02 15:29:59.746042675+05:30,474.9500000000001,477.35,472.4500000000001,473.75,5587.0,2741.0,110,2653133.6
2026-07-03 09:15:06.797333652+05:30,473.4500000000001,473.75,469.7000000000001,470.4,5507.0,2657.0,115,2596196.3499999996
2026-07-03 09:15:35.261629813+05:30,470.25,472.6,468.15,468.15,5580.0,3058.0,94,2622680.3
2026-07-03 09:16:59.659744858+05:30,468.35,471.0,466.05,470.75,5530.0,2875.0,130,2590900.0999999996
2026-07-03 09:19:39.856723433+05:30,470.85,470.85,464.4,465.7000000000001,5653.0,2167.0,144,2644032.9000000004
2026-07-03 09:23:59.122306029+05:30,466.25,477.15,466.0,475.65,5503.0,3475.0,147,2600376.55
2026-07-03 09:27:28.169972285+05:30,475.8,482.5,474.4500000000001,482.15,5450.0,3129.0,90,2602023.15
2026-07-03 09:32:02.868187162+05:30,481.85,483.4500000000001,479.75,480.3,5503.0,3255.0,119,2652758.25
2026-07-03 09:40:15.138059962+05:30,480.7000000000001,484.0,475.8,478.1,5404.0,2720.0,130,2598496.0000000005
2026-07-03 09:47:26.975186704+05:30,478.05,478.9500000000001,473.25,477.75,5502.0,2347.0,115,2617956.5500000007
2026-07-03 09:54:55.901081060+05:30,477.35,477.35,470.3,473.9500000000001,5500.0,2536.0,116,2609214.500000001
2026-07-03 10:01:05.019752377+05:30,474.4500000000001,482.55,473.25,482.55,5564.0,3492.0,86,2661171.650000001
2026-07-03 10:10:46.909610558+05:30,482.6,484.2000000000001,481.9,482.55,5387.0,2837.0,123,2601317.5000000005
2026-07-03 10:19:50.314014749+05:30,482.9500000000001,483.5,479.3,481.9500000000001,5440.0,1839.0,119,2617336.799999999
2026-07-03 10:28:59.286159010+05:30,481.65,484.9,481.65,484.1,5396.0,3575.0,88,2608109.3000000003
2026-07-03 10:42:59.774552663+05:30,484.15,490.4,483.5,489.75,5328.0,3061.0,126,2596045.5999999996
2026-07-03 11:01:01.578640104+05:30,489.85,492.75,481.6,482.4,5389.0,2169.0,150,2625631.849999999
2026-07-03 11:15:37.139489396+05:30,482.4500000000001,492.25,482.3,492.2000000000001,5343.0,2952.0,140,2601541.5499999993
2026-07-03 11:25:23.103178649+05:30,491.85,491.85,483.2000000000001,483.2000000000001,5315.0,2111.0,82,2592840.4000000004
2026-07-03 11:37:21.955079115+05:30,483.25,484.1,477.9,478.25,5382.0,2191.0,113,2591682.9500000007
2026-07-03 11:51:08.341435574+05:30,478.05,481.0,476.4,480.15,5413.0,3707.0,102,2591297.6500000004
2026-07-03 12:06:09.632994123+05:30,480.35,480.35,473.7000000000001,477.15,5565.0,2650.0,127,2655776.850000001
2026-07-03 12:25:52.184549584+05:30,476.9500000000001,480.2000000000001,475.55,477.15,5435.0,2983.0,153,2598016.15
2026-07-03 12:44:05.615946471+05:30,477.15,479.4500000000001,474.65,477.25,5538.0,2165.0,121,2641050.9999999995
2026-07-03 12:59:55.543374140+05:30,477.15,479.7000000000001,475.85,479.1,5466.0,2172.0,127,2611761.25
2026-07-03 13:14:32.178429290+05:30,479.35,482.9,478.25,481.55,5393.0,2793.0,122,2591173.6500000004
2026-07-03 13:31:00.043814248+05:30,481.8,488.15,480.15,486.8,5355.0,2475.0,138,2599253.5500000007
2026-07-03 13:44:43.883121191+05:30,487.0,490.85,484.3,490.6,5366.0,2615.0,118,2616637.5
2026-07-03 13:56:55.958388069+05:30,491.1,491.1,481.9500000000001,482.25,5339.0,2343.0,132,2592834.6500000004
2026-07-03 14:10:19.666054763+05:30,481.4500000000001,482.8,477.2000000000001,477.2000000000001,5428.0,2325.0,132,2608322.9
2026-07-03 14:20:31.199765749+05:30,477.5,480.7000000000001,476.05,479.7000000000001,5453.0,2802.0,117,2606783.3499999987
2026-07-03 14:34:14.792286265+05:30,479.55,486.4,479.25,480.5,5463.0,2601.0,140,2636742.2999999993
2026-07-03 14:41:45.521155389+05:30,480.3,481.6,477.85,479.35,5442.0,2210.0,104,2610002.65
2026-07-03 14:53:00.465313369+05:30,479.65,482.9500000000001,476.85,477.9500000000001,5432.0,2439.0,139,2605652.2499999995
2026-07-03 15:02:10.078235857+05:30,477.35,477.55,468.8,469.85,5471.0,2276.0,144,2596126.5
2026-07-03 15:09:37.882507899+05:30,470.15,471.15,468.1,470.35,5616.0,2758.0,126,2637242.85
2026-07-03 15:16:05.192396001+05:30,470.35,471.1,466.65,468.75,5539.0,2044.0,152,2600146.7499999986
2026-07-03 15:19:44.582470553+05:30,469.05,469.1,462.55,464.15,5667.0,2454.0,101,2638335.5500000003
2026-07-03 15:24:06.175501250+05:30,464.2000000000001,465.05,460.35,461.7000000000001,5671.0,3312.0,121,2623933.2500000005
2026-07-03 15:26:40.895530716+05:30,461.9,462.75,454.35,454.35,5652.0,2256.0,107,2597557.9000000004
2026-07-03 15:28:55.515092305+05:30,454.6,459.8,452.85,458.15,5685.0,3367.0,132,2592446.099999999
2026-07-03 15:29:56.367743636+05:30,457.9500000000001,459.65,455.1,457.35,5659.0,2262.0,130,2592190.5000000014
2026-07-06 09:15:00.346153100+05:30,457.5,461.15,457.3,458.25,5672.0,3548.0,104,2603044.149999999
2026-07-06 09:15:20.221552018+05:30,458.4,458.8,454.4,457.1,5701.0,2423.0,139,2602621.8499999996
2026-07-06 09:16:12.153376750+05:30,456.8,457.6,453.8,457.6,5887.0,2850.0,133,2681499.8000000007
2026-07-06 09:17:32.113349869+05:30,457.7000000000001,460.4500000000001,456.05,456.05,5694.0,2041.0,109,2609841.150000001
2026-07-06 09:20:01.797175310+05:30,456.05,458.3,453.8,454.1,5695.0,2766.0,130,2596694.7499999995
2026-07-06 09:23:30.466299976+05:30,453.8,457.05,453.8,455.65,5710.0,2602.0,147,2598609.1000000006
2026-07-06 09:27:37.224806583+05:30,455.9,458.2000000000001,454.7000000000001,457.4,5674.0,3098.0,150,2591432.2499999986
2026-07-06 09:32:49.256641674+05:30,457.9,463.7000000000001,457.3,460.9,5652.0,2942.0,134,2606062.600000001
2026-07-06 09:37:43.486095706+05:30,460.6,463.85,459.8,463.8,5736.0,2952.0,118,2646992.899999999
2026-07-06 09:43:07.284405099+05:30,463.75,465.9500000000001,462.9,465.5,5710.0,2579.0,120,2651455.7500000005
2026-07-06 09:51:08.245058169+05:30,465.4,467.1,462.4,464.6,5926.0,3181.0,144,2752825.050000001
2026-07-06 09:58:38.964613865+05:30,464.35,464.65,458.9,460.8,5713.0,2758.0,117,2633859.499999999
2026-07-06 10:05:47.249029274+05:30,460.65,464.5,460.1,464.1,5636.0,2626.0,111,2604954.7500000005
2026-07-06 10:14:29.517597019+05:30,464.15,470.2000000000001,463.15,468.15,5687.0,3567.0,135,2657286.6000000006
2026-07-06 10:22:13.470274191+05:30,468.35,471.2000000000001,466.5,466.8,5544.0,2745.0,112,2598445.65
2026-07-06 10:29:53.635457871+05:30,466.9500000000001,470.4,465.6,467.25,5579.0,2230.0,113,2613591.5500000007
2026-07-06 10:38:20.579554232+05:30,467.4500000000001,470.2000000000001,460.5,460.5,5582.0,2628.0,117,2594803.05
2026-07-06 10:49:06.858097789+05:30,460.8,462.65,457.15,457.4500000000001,5943.0,2270.0,135,2732993.8000000003
2026-07-06 11:03:48.097655779+05:30,457.25,459.75,452.0,452.2000000000001,5714.0,2780.0,143,2608536.5999999996
2026-07-06 11:13:27.683311800+05:30,452.3,453.9500000000001,448.35,449.15,5838.0,2158.0,116,2629285.699999999
2026-07-06 11:28:43.364517410+05:30,449.6,453.55,446.25,452.75,5768.0,3201.0,141,2595090.700000001
2026-07-06 11:35:36.204975262+05:30,453.0,453.9500000000001,449.3,451.85,5761.0,1604.0,90,2605667.9
2026-07-06 11:48:49.006762140+05:30,451.7000000000001,454.85,450.8,452.85,5734.0,3782.0,123,2597426.05
2026-07-06 12:02:54.449715009+05:30,452.15,455.9500000000001,449.35,455.85,5786.0,3106.0,147,2623024.4499999997
2026-07-06 12:13:43.985851962+05:30,455.4500000000001,457.5,452.75,452.75,5712.0,2764.0,111,2601470.9
2026-07-06 12:21:46.652697037+05:30,453.15,454.9500000000001,450.8,454.9500000000001,5723.0,3382.0,106,2594608.9
2026-07-06 12:36:03.270341097+05:30,454.35,459.85,452.85,457.9,5719.0,2974.0,137,2612236.7500000005
2026-07-06 12:50:55.895705494+05:30,457.9500000000001,460.4,454.9500000000001,456.75,5706.0,2393.0,119,2611399.099999999
2026-07-06 13:00:09.383079705+05:30,456.65,461.4500000000001,453.9,453.9,5770.0,2786.0,102,2644271.2999999993
2026-07-06 13:13:28.434396941+05:30,453.25,456.6,451.25,451.75,5707.0,2163.0,130,2594654.8999999994
2026-07-06 13:24:40.304579268+05:30,452.1,452.4,446.75,449.2000000000001,5797.0,2663.0,111,2605099.100000001
2026-07-06 13:34:32.272176335+05:30,449.55,456.85,449.4,456.85,5765.0,2767.0,122,2610107.550000001
2026-07-06 13:47:57.656833175+05:30,456.6,460.2000000000001,455.8,458.65,5682.0,2543.0,133,2601270.15
2026-07-06 13:56:43.163563909+05:30,458.9500000000001,463.2000000000001,458.35,461.0,6458.0,3887.0,111,2978191.5000000005
2026-07-06 14:05:21.015358428+05:30,461.4500000000001,461.5,456.4500000000001,456.65,5813.0,2724.0,109,2664942.45
2026-07-06 14:14:21.028447119+05:30,457.2000000000001,457.4500000000001,454.05,454.55,5817.0,2674.0,112,2651725.8000000003
2026-07-06 14:23:36.398106206+05:30,454.4500000000001,456.4500000000001,452.85,453.85,5733.0,2795.0,122,2604881.8999999994
2026-07-06 14:33:57.458274935+05:30,453.6,459.6,451.15,458.9,5674.0,3771.0,152,2591496.2999999993
2026-07-06 14:42:26.311948122+05:30,458.85,460.9,454.85,457.0,5667.0,2841.0,115,2597948.449999999
2026-07-06 14:51:31.857067497+05:30,457.3,457.4,453.25,453.85,5705.0,2498.0,127,2600898.4499999993
2026-07-06 14:58:42.374237745+05:30,453.85,454.7000000000001,451.9500000000001,454.55,5778.0,2549.0,134,2621560.7000000007
2026-07-06 15:06:25.610945347+05:30,454.5,460.6,454.35,460.4,5670.0,3150.0,148,2591773.9500000007
2026-07-06 15:12:28.109816847+05:30,460.35,460.55,451.65,451.75,5724.0,2879.0,148,2618718.700000002
2026-07-06 15:17:57.463212932+05:30,451.85,453.85,450.25,451.65,5752.0,2356.0,147,2598116.300000001
2026-07-06 15:21:41.573065121+05:30,452.0,453.5,449.6,450.75,5791.0,3021.0,129,2612738.6500000013
2026-07-06 15:24:29.639167932+05:30,450.85,451.4,447.9500000000001,451.0,5845.0,2974.0,131,2626600.2
2026-07-06 15:27:04.369118884+05:30,450.65,451.4,447.15,450.0,5793.0,2610.0,135,2601791.6500000004
2026-07-06 15:28:36.712002678+05:30,449.65,450.2000000000001,445.15,445.8,5864.0,2720.0,132,2625648.5
2026-07-06 15:29:38.527530817+05:30,446.25,447.55,443.5,444.7000000000001,5844.0,3205.0,138,2605990.7999999993
2026-07-06 15:29:59.983065622+05:30,444.5,447.65,442.6,443.0,5888.0,2501.0,160,2620725.150000001
2026-07-07 09:15:05.294305927+05:30,442.8,444.55,441.15,443.9,5901.0,3581.0,118,2614171.25
2026-07-07 09:15:26.341441929+05:30,443.6,443.6,439.4500000000001,441.7000000000001,5872.0,2951.0,149,2592042.350000001
2026-07-07 09:16:11.670212930+05:30,441.35,446.9500000000001,439.55,446.15,5872.0,3416.0,139,2599888.349999999
2026-07-07 09:17:15.861606031+05:30,446.3,447.5,441.4500000000001,443.4,5834.0,2668.0,135,2594569.099999999
2026-07-07 09:18:44.251747650+05:30,443.4,446.2000000000001,441.35,443.4,5874.0,3038.0,129,2608267.0
2026-07-07 09:20:15.465227032+05:30,443.4,443.7000000000001,441.3,441.5,5857.0,2942.0,101,2591486.2
2026-07-07 09:22:17.192194693+05:30,441.4,449.35,441.25,447.4500000000001,5883.0,3191.0,139,2627352.4499999993
2026-07-07 09:25:16.595074384+05:30,447.9,449.55,443.3,443.9500000000001,5808.0,2706.0,132,2593688.15
2026-07-07 09:28:26.080166587+05:30,444.2000000000001,444.2000000000001,438.75,442.65,5904.0,2611.0,136,2601125.000000001
2026-07-07 09:32:24.367712617+05:30,442.8,449.4,442.5,448.25,5840.0,3563.0,140,2608962.699999999
2026-07-07 09:37:15.029743385+05:30,448.55,448.6,438.4500000000001,438.4500000000001,5953.0,2254.0,146,2646138.050000001
2026-07-07 09:41:50.469543252+05:30,438.7000000000001,438.85,434.8,436.4,5995.0,3012.0,141,2617141.3500000006
2026-07-07 09:46:10.661608126+05:30,436.05,439.35,435.55,436.9,6033.0,3446.0,127,2640389.6999999997
2026-07-07 09:51:34.106212215+05:30,437.15,437.3,432.3,434.7000000000001,6032.0,2039.0,148,2619380.8000000007
2026-07-07 09:57:01.516851583+05:30,434.55,435.65,428.6,430.35,6132.0,3164.0,122,2648563.8500000006
2026-07-07 10:02:53.151195436+05:30,430.3,431.65,424.9,426.15,6053.0,1899.0,127,2590774.1
2026-07-07 10:08:13.732424916+05:30,425.9,436.3,425.65,434.65,6093.0,3636.0,126,2621976.5500000003
2026-07-07 10:15:11.972941792+05:30,435.15,441.4500000000001,435.15,441.35,5909.0,3276.0,138,2595727.8499999996
2026-07-07 10:22:15.884635064+05:30,441.3,446.65,438.8,446.05,5852.0,3605.0,143,2591078.4499999997
2026-07-07 10:29:13.696014983+05:30,446.7000000000001,446.8,440.75,441.1,5854.0,2336.0,115,2602012.1
2026-07-07 10:36:28.138088868+05:30,441.25,442.7000000000001,438.5,440.05,6071.0,3240.0,120,2676604.8000000003
2026-07-07 10:45:45.793666055+05:30,439.9500000000001,445.35,438.15,440.9,5864.0,3030.0,139,2591471.5000000005
2026-07-07 10:54:13.017109280+05:30,440.8,449.1,440.5,447.9,5833.0,2380.0,143,2597169.6
2026-07-07 11:03:53.258771211+05:30,447.85,452.35,446.8,447.85,5867.0,3250.0,125,2633440.9000000004
2026-07-07 11:13:12.801785717+05:30,448.05,449.5,446.7000000000001,448.35,6024.0,3362.0,135,2700094.6499999994
2026-07-07 11:21:32.019240721+05:30,448.5,448.6,443.7000000000001,443.8,5834.0,2998.0,107,2598056.150000001
2026-07-07 11:30:00.738400972+05:30,443.35,444.75,437.5,438.8,5905.0,2011.0,126,2606942.4499999997
2026-07-07 11:38:59.373606604+05:30,439.0,443.9,438.3,443.9,5890.0,3909.0,110,2598071.0999999987
2026-07-07 11:49:41.132334857+05:30,444.4,444.9,438.15,438.15,5901.0,2819.0,134,2608962.2
2026-07-07 12:01:18.378024403+05:30,438.4,440.25,435.5,439.7000000000001,6038.0,3060.0,146,2646219.7499999995
2026-07-07 12:10:38.777606896+05:30,439.6,439.9,436.65,439.3,6013.0,3135.0,134,2636383.650000001
2026-07-07 12:21:56.852472476+05:30,439.2000000000001,440.9500000000001,435.8,436.85,5920.0,2236.0,139,2595876.5500000003
2026-07-07 12:35:02.641118966+05:30,436.9500000000001,437.05,430.55,430.8,5977.0,2824.0,164,2591113.05
2026-07-07 12:46:48.816650100+05:30,430.35,430.65,425.6,427.4500000000001,6054.0,3395.0,153,2592454.8499999996
2026-07-07 12:55:29.334421433+05:30,427.6,430.25,427.0,428.2000000000001,6681.0,2826.0,124,2862394.4499999993
2026-07-07 13:05:56.407405359+05:30,428.1,436.25,427.55,436.25,6065.0,4130.0,142,2619202.2
2026-07-07 13:15:52.427242681+05:30,437.05,439.6,434.0,435.6,5943.0,3203.0,149,2594977.0999999996
2026-07-07 13:23:37.980079978+05:30,435.35,435.7000000000001,430.1,431.75,6078.0,2200.0,113,2628521.9499999993
2026-07-07 13:33:40.434269320+05:30,431.8,435.55,429.8,434.25,6033.0,2998.0,147,2608423.5499999993
2026-07-07 13:40:05.545779861+05:30,434.1,438.05,433.25,437.4,5953.0,3727.0,103,2594800.399999999
2026-07-07 13:47:10.845033008+05:30,437.8,438.35,431.6,433.0,6064.0,2449.0,123,2639928.8999999994
2026-07-07 13:54:21.285443577+05:30,433.0,436.8,432.5,432.9,6033.0,2388.0,108,2620851.8499999996
2026-07-07 14:03:46.417197355+05:30,432.85,440.25,432.7000000000001,438.05,5966.0,3346.0,141,2601195.5500000003
2026-07-07 14:11:31.461785677+05:30,438.0,440.0,436.3,436.9500000000001,5917.0,2786.0,137,2590945.600000001
2026-07-07 14:17:50.802892923+05:30,436.75,437.65,433.4,434.0,6001.0,2220.0,111,2612126.15
2026-07-07 14:23:24.146208491+05:30,434.4,441.35,433.1,438.15,5966.0,3375.0,114,2603957.5000000005
2026-07-07 14:28:55.736782268+05:30,438.1,441.0,438.1,440.4500000000001,5920.0,3411.0,109,2601609.2
2026-07-07 14:36:39.877344907+05:30,441.05,445.35,440.1,440.7000000000001,5860.0,3170.0,153,2593215.650000001
2026-07-07 14:42:57.746865367+05:30,440.7000000000001,441.55,431.3,431.8,5945.0,3762.0,129,2590826.7499999995
2026-07-07 14:49:50.182753505+05:30,432.25,432.65,428.9,431.3,6082.0,3065.0,162,2618160.500000002
2026-07-07 14:54:55.214270489+05:30,431.35,434.3,430.85,431.85,6001.0,2866.0,135,2594384.8000000003
2026-07-07 15:00:41.681358385+05:30,431.0,435.1,428.15,430.9,6017.0,3925.0,143,2595819.1999999997
2026-07-07 15:04:56.406783097+05:30,430.75,432.15,428.7000000000001,428.8,6026.0,2832.0,105,2592770.1
2026-07-07 15:09:17.941595837+05:30,429.4500000000001,431.35,428.5,429.75,6067.0,2890.0,135,2607758.0500000003
2026-07-07 15:12:56.484940951+05:30,429.85,431.0,427.75,430.1,6054.0,2735.0,125,2598765.0000000014
2026-07-07 15:16:53.378329934+05:30,429.75,432.55,426.1,426.4500000000001,6100.0,2689.0,164,2618974.9
2026-07-07 15:19:11.243992264+05:30,426.65,431.9500000000001,426.3,431.9500000000001,6067.0,3637.0,118,2604017.2499999986
2026-07-07 15:21:31.932320151+05:30,432.0,433.55,429.1,431.75,6090.0,3239.0,121,2629982.650000001
2026-07-07 15:24:00.893141012+05:30,431.4500000000001,432.25,428.7000000000001,429.9,6047.0,2982.0,134,2604600.0500000007
2026-07-07 15:25:47.370500286+05:30,430.2000000000001,431.9,427.1,427.5,6047.0,2674.0,128,2598639.8499999996
2026-07-07 15:27:12.029806407+05:30,426.9500000000001,430.3,425.9,426.25,6126.0,3209.0,117,2622698.8
2026-07-07 15:28:46.458311587+05:30,426.9500000000001,430.5,422.15,422.3,6319.0,2854.0,167,2696978.1500000004
2026-07-07 15:29:26.919578796+05:30,422.25,423.8,419.55,420.8,6261.0,3381.0,140,2637594.849999999
2026-07-07 15:29:50.121082676+05:30,420.7000000000001,422.4,418.7000000000001,420.15,6160.0,2576.0,132,2590958.5000000005
2026-07-07 15:29:59.884402788+05:30,420.6,421.85,418.35,419.55,6213.0,2738.0,129,2611073.8999999994
2026-07-08 09:15:07.639775340+05:30,419.75,426.55,419.65,426.3,6126.0,3304.0,147,2593066.9
2026-07-08 09:15:30.811946082+05:30,427.05,427.65,423.8,426.75,6110.0,3088.0,139,2599878.0999999996
2026-07-08 09:16:13.427357052+05:30,426.6,427.4500000000001,425.0,427.4,6102.0,2282.0,135,2600753.9000000004
2026-07-08 09:17:13.294464725+05:30,427.15,428.05,425.15,427.1,6091.0,2573.0,118,2599927.5500000003
2026-07-08 09:18:55.116477657+05:30,427.3,430.4,426.1,429.9,6128.0,3461.0,134,2625794.1000000015
2026-07-08 09:20:48.770517600+05:30,429.5,431.5,426.85,431.1,6065.0,2966.0,136,2599491.1500000004
2026-07-08 09:23:51.933214146+05:30,430.9500000000001,432.5,427.05,427.25,6072.0,2682.0,143,2613452.500000002
2026-07-08 09:26:28.723407982+05:30,427.3,427.9500000000001,423.15,425.15,6108.0,3022.0,132,2598118.050000001
2026-07-08 09:28:48.705194043+05:30,425.35,425.35,419.0,421.4500000000001,6175.0,3393.0,106,2605108.6
2026-07-08 09:33:41.468225389+05:30,421.4,422.4500000000001,417.35,421.15,6237.0,2594.0,166,2617482.5000000014
2026-07-08 09:38:16.835635309+05:30,420.6,421.55,416.7000000000001,420.85,6586.0,3252.0,142,2764407.0000000005
2026-07-08 09:44:37.376126959+05:30,420.9500000000001,421.1,415.05,419.3,6222.0,3475.0,165,2597587.700000001
2026-07-08 09:50:11.705762048+05:30,419.1,423.9500000000001,417.9,422.9,6168.0,3831.0,141,2593581.2499999986
2026-07-08 09:56:26.007877222+05:30,423.0,423.8,420.3,421.9500000000001,6137.0,2854.0,138,2591338.05
2026-07-08 10:00:16.165788583+05:30,422.15,424.5,420.2000000000001,423.85,6132.0,3620.0,84,2593661.8500000006
2026-07-08 10:08:43.083390773+05:30,424.4500000000001,425.9,416.5,417.55,6181.0,2714.0,156,2606305.2000000007
2026-07-08 10:13:37.640000694+05:30,417.4,423.8,417.4,422.65,6476.0,3862.0,99,2731709.2
2026-07-08 10:22:11.298175094+05:30,423.0,426.3,421.6,425.4500000000001,6134.0,2821.0,133,2602832.9500000007
2026-07-08 10:28:47.483583222+05:30,425.2000000000001,430.4,424.7000000000001,429.4,6072.0,2688.0,120,2594973.1499999985
2026-07-08 10:34:34.776166740+05:30,429.75,433.85,428.7000000000001,432.5,6029.0,3009.0,97,2596925.1000000006
2026-07-08 10:43:46.396034035+05:30,432.8,435.9,432.2000000000001,433.55,6089.0,2254.0,138,2642957.599999999
2026-07-08 10:52:21.899360092+05:30,433.9,437.6,433.2000000000001,437.3,6680.0,1912.0,121,2905676.6499999994
2026-07-08 11:01:07.783926324+05:30,437.3,438.55,430.2000000000001,430.9,5974.0,3231.0,136,2601010.4
2026-07-08 11:09:31.077439311+05:30,431.2000000000001,434.65,430.65,432.15,6021.0,3116.0,125,2599236.7999999984
2026-07-08 11:16:47.735308061+05:30,432.5,436.65,432.15,435.0,6254.0,2559.0,106,2720445.6
2026-07-08 11:28:22.379078253+05:30,434.7000000000001,436.8,433.0,435.05,5970.0,3423.0,142,2598408.0000000005
2026-07-08 11:35:58.952519269+05:30,434.8,435.55,431.55,433.15,6204.0,2710.0,116,2690659.05
2026-07-08 11:47:53.422168948+05:30,433.5,436.85,432.15,434.75,5998.0,3257.0,142,2607335.7499999995
2026-07-08 11:56:38.223608682+05:30,436.15,440.55,433.55,440.55,5952.0,2518.0,124,2596336.8000000003
2026-07-08 12:07:41.351790543+05:30,441.9500000000001,447.2000000000001,441.9,444.4500000000001,5823.0,3261.0,153,2591075.9500000007
2026-07-08 12:16:19.124768573+05:30,444.15,447.8,444.0,446.3,6056.0,2963.0,122,2703030.2999999993
2026-07-08 12:27:59.902993029+05:30,446.2000000000001,448.75,445.3,445.6,5804.0,2304.0,140,2592677.9500000016
2026-07-08 12:35:42.072129742+05:30,445.65,447.75,441.05,441.9,5961.0,2605.0,114,2646681.4500000007
2026-07-08 12:45:27.843451825+05:30,441.8,447.0,437.5,447.0,5944.0,3142.0,139,2623536.6000000006
2026-07-08 12:55:13.180490338+05:30,446.9500000000001,449.15,443.1,447.3,5830.0,2993.0,127,2602756.65
2026-07-08 13:07:09.813092842+05:30,447.35,448.2000000000001,443.05,447.4500000000001,5945.0,3284.0,175,2652890.1000000006
2026-07-08 13:16:57.351346048+05:30,446.9500000000001,447.1,443.15,443.65,5951.0,3106.0,145,2644364.1500000013
2026-07-08 13:26:05.598712859+05:30,444.4500000000001,446.3,441.25,442.4500000000001,5840.0,2724.0,120,2591433.1499999985
2026-07-08 13:35:09.403134939+05:30,442.15,444.15,439.3,441.1,5896.0,2213.0,127,2600528.8500000006
2026-07-08 13:42:43.687169328+05:30,440.7000000000001,440.85,436.0,438.15,5933.0,2902.0,123,2603719.5999999987
2026-07-08 13:51:53.421877914+05:30,438.4500000000001,446.05,438.4500000000001,443.35,5895.0,2264.0,124,2610351.149999999
2026-07-08 13:58:53.142907791+05:30,443.3,443.9500000000001,439.5,441.65,5901.0,2019.0,122,2608650.599999999
2026-07-08 14:08:15.323914914+05:30,441.65,445.5,439.55,440.8,5910.0,2996.0,143,2612014.65
2026-07-08 14:13:51.123657526+05:30,440.75,443.85,438.85,443.8,5870.0,3268.0,114,2590856.0000000005
2026-07-08 14:22:07.966601232+05:30,443.75,445.25,441.4,442.65,5867.0,2651.0,140,2604123.150000001
2026-07-08 14:28:28.719197686+05:30,442.65,451.3,441.75,447.25,5958.0,2847.0,131,2666825.8000000003
2026-07-08 14:35:30.420344073+05:30,446.9500000000001,449.9500000000001,445.25,448.2000000000001,5904.0,2284.0,139,2640776.8000000003
2026-07-08 14:42:25.457555564+05:30,447.8,447.8,437.75,438.25,5923.0,2137.0,137,2631953.8000000007
2026-07-08 14:48:34.853120811+05:30,438.4,439.05,434.4500000000001,435.4,5945.0,3331.0,148,2595204.85
2026-07-08 14:52:52.003209689+05:30,435.6,439.05,434.4,435.5,6021.0,4367.0,87,2632784.15
2026-07-08 14:58:42.815068767+05:30,435.4,440.6,435.4,437.75,6043.0,3130.0,145,2650475.25
2026-07-08 15:03:43.497410523+05:30,437.6,441.55,434.1,434.15,5966.0,2555.0,133,2616157.85
2026-07-08 15:07:43.491434664+05:30,434.75,438.75,433.05,436.75,5954.0,2943.0,132,2593256.4000000004
2026-07-08 15:12:09.011879240+05:30,436.25,439.1,433.9,434.5,6107.0,3446.0,140,2668065.85
2026-07-08 15:16:22.107826681+05:30,434.7000000000001,435.7000000000001,430.5,435.65,5987.0,2997.0,166,2594127.4000000004
2026-07-08 15:19:41.220267611+05:30,435.85,437.9500000000001,427.15,427.4500000000001,6036.0,2460.0,159,2619651.3999999994
2026-07-08 15:22:38.624428249+05:30,427.7000000000001,432.4500000000001,426.5,430.9,6029.0,2713.0,137,2592485.1999999997
2026-07-08 15:25:01.700363938+05:30,430.4,435.9,430.4,433.4500000000001,5984.0,3349.0,135,2593597.200000001
2026-07-08 15:26:57.846801801+05:30,433.35,433.55,426.5,426.7000000000001,6022.0,2453.0,138,2594040.349999999
2026-07-08 15:28:18.571254950+05:30,427.1,427.3,421.55,421.55,6137.0,3169.0,146,2605666.7000000016
2026-07-08 15:29:16.041113607+05:30,421.4,423.2000000000001,418.0,422.3,6173.0,3799.0,150,2595613.150000001
2026-07-08 15:29:47.713297046+05:30,422.5,426.4,421.7000000000001,424.65,6415.0,3472.0,132,2721703.0999999996
2026-07-08 15:29:59.646604318+05:30,424.6,426.65,418.6,418.7000000000001,6274.0,2945.0,141,2658344.45
2026-07-09 09:15:01.739230660+05:30,418.9500000000001,423.85,417.6,423.4500000000001,6168.0,3531.0,121,2595554.05
2026-07-09 09:15:19.050104782+05:30,423.15,425.4,421.6,424.05,6129.0,3176.0,147,2595808.1500000004
2026-07-09 09:15:49.829020274+05:30,423.7000000000001,425.0,421.4500000000001,423.05,6121.0,3256.0,121,2592048.75
2026-07-09 09:16:53.949637932+05:30,422.9,429.4,422.1,426.9500000000001,6150.0,2851.0,162,2612074.2499999995
2026-07-09 09:18:27.465629028+05:30,427.0,432.8,427.0,429.85,6210.0,3605.0,140,2671167.85
2026-07-09 09:20:15.623966647+05:30,430.0,432.55,428.35,429.8,6023.0,3052.0,129,2593064.4
2026-07-09 09:22:10.835346100+05:30,430.35,433.65,429.6,433.2000000000001,6020.0,2219.0,129,2597999.299999999
2026-07-09 09:23:53.841275743+05:30,432.85,435.1,432.1,433.1,6005.0,3162.0,79,2601667.55
2026-07-09 09:26:55.989349441+05:30,433.0,437.5,433.0,435.75,6183.0,3189.0,122,2693044.9499999993
2026-07-09 09:29:32.552942684+05:30,435.6,440.8,435.3,437.9500000000001,5918.0,2819.0,121,2594132.9000000004
2026-07-09 09:33:21.257419779+05:30,437.7000000000001,438.4500000000001,430.75,433.0,5973.0,2830.0,150,2596867.3500000006
2026-07-09 09:37:27.284527034+05:30,432.9,434.15,430.15,432.75,6017.0,3429.0,130,2599921.3499999996
2026-07-09 09:42:40.558295766+05:30,432.55,432.6,428.25,428.9500000000001,6028.0,2691.0,138,2591451.75
2026-07-09 09:46:57.696944603+05:30,428.9500000000001,429.6,426.4500000000001,428.1,6075.0,3036.0,121,2600791.35
2026-07-09 09:54:26.354312224+05:30,428.1,429.75,424.9500000000001,429.75,6082.0,2979.0,160,2597312.799999999
2026-07-09 09:59:18.250898353+05:30,429.9500000000001,430.6,427.4500000000001,427.65,6042.0,3342.0,108,2591462.3999999994
2026-07-09 10:05:42.201674753+05:30,427.7000000000001,429.2000000000001,426.3,427.4500000000001,6083.0,2375.0,135,2601087.850000001
2026-07-09 10:12:20.170990254+05:30,427.4,427.7000000000001,423.4,425.4,6130.0,3016.0,138,2608971.700000001
2026-07-09 10:19:58.498341628+05:30,425.55,427.35,423.0,423.5,6114.0,3593.0,145,2600750.65
2026-07-09 10:28:13.841031338+05:30,423.75,425.5,422.7000000000001,423.75,6255.0,2574.0,158,2652871.600000001
2026-07-09 10:35:14.613169118+05:30,423.9500000000001,426.8,422.85,422.85,6111.0,2953.0,121,2597353.100000001
2026-07-09 10:42:56.554660256+05:30,422.15,424.5,420.9500000000001,422.4,6150.0,2745.0,119,2598579.050000001
2026-07-09 10:50:19.772699604+05:30,422.4500000000001,422.9500000000001,418.15,418.9,6183.0,3497.0,130,2598232.6499999994
2026-07-09 11:00:06.327528555+05:30,418.75,422.0,416.35,421.5,6176.0,3183.0,160,2590685.85
2026-07-09 11:10:13.819858341+05:30,421.0,421.9500000000001,417.9,418.9500000000001,6222.0,2824.0,155,2614172.65
2026-07-09 11:19:25.614165405+05:30,418.6,419.05,414.8,414.9500000000001,6221.0,3187.0,125,2596543.4500000007
2026-07-09 11:28:20.490019798+05:30,414.35,416.5,412.6,414.25,6756.0,2831.0,131,2801291.3999999994
2026-07-09 11:36:27.268382973+05:30,414.25,415.15,412.6,414.65,6477.0,3563.0,118,2681947.0000000005
2026-07-09 11:45:46.406223116+05:30,414.75,414.75,410.4,412.9,6298.0,3799.0,139,2598065.9999999995
2026-07-09 11:54:20.040577972+05:30,413.0,415.75,412.2000000000001,415.1,6263.0,3842.0,119,2594103.649999999
2026-07-09 12:01:22.952852167+05:30,414.9500000000001,417.85,414.4500000000001,415.5,6299.0,3747.0,105,2619422.5999999996
2026-07-09 12:10:23.903252163+05:30,415.55,421.05,413.55,420.65,6205.0,2960.0,130,2590903.050000001
2026-07-09 12:19:13.277350461+05:30,420.5,421.5,417.6,418.8,6234.0,2623.0,122,2614226.650000001
2026-07-09 12:31:03.783021819+05:30,418.6,423.35,418.2000000000001,423.35,6171.0,3182.0,153,2591938.1
2026-07-09 12:43:24.606553317+05:30,423.5,425.4,422.65,423.4500000000001,6220.0,3648.0,147,2637159.2999999993
2026-07-09 12:53:57.811781966+05:30,423.15,425.1,421.55,421.75,6118.0,3540.0,145,2591208.150000001
2026-07-09 13:03:30.784343755+05:30,421.7000000000001,422.4,419.1,419.1,6173.0,2813.0,126,2599160.9
2026-07-09 13:12:24.041043246+05:30,419.6,419.6,416.5,418.6,6211.0,2637.0,128,2596603.6999999993
2026-07-09 13:23:57.791438975+05:30,418.8,421.8,417.8,418.0,6272.0,3331.0,158,2631595.8999999994
2026-07-09 13:33:21.943223201+05:30,418.05,421.55,418.05,419.4,6243.0,2973.0,143,2621246.25
2026-07-09 13:41:56.342187387+05:30,419.25,419.8,416.7000000000001,417.5,6259.0,2664.0,126,2617232.0
2026-07-09 13:51:40.604321113+05:30,417.4,420.4,414.25,419.65,6316.0,3373.0,144,2636013.850000001
2026-07-09 13:57:54.256977770+05:30,420.2000000000001,420.3,415.8,415.9500000000001,6342.0,2462.0,114,2652290.35
2026-07-09 14:05:20.748184091+05:30,415.9,416.0,410.9,415.5,6350.0,3239.0,130,2623062.3
2026-07-09 14:11:18.162543871+05:30,415.2000000000001,417.25,413.9500000000001,415.9,6388.0,2772.0,118,2655573.1499999994
2026-07-09 14:19:10.136757232+05:30,416.0,419.9,416.0,418.15,6240.0,3688.0,136,2608460.249999999
2026-07-09 14:28:43.682358504+05:30,418.4,420.4500000000001,414.25,416.15,6236.0,2629.0,176,2604226.250000001
2026-07-09 14:35:33.147081760+05:30,416.4500000000001,416.8,412.65,413.4,6251.0,2291.0,139,2593513.9499999993
2026-07-09 14:42:36.169438507+05:30,413.35,413.35,410.15,411.65,6314.0,3122.0,143,2596740.15
2026-07-09 14:48:00.581065152+05:30,411.7000000000001,420.4500000000001,410.3,419.3,6308.0,3870.0,127,2614394.0000000005
2026-07-09 14:53:30.438718287+05:30,419.7000000000001,423.85,417.3,418.4,6312.0,3118.0,131,2653834.4500000007
2026-07-09 15:00:33.728034700+05:30,418.65,420.6,416.85,419.25,6253.0,2944.0,179,2618567.6000000006
2026-07-09 15:04:55.013697402+05:30,419.7000000000001,421.8,418.25,418.9,6208.0,3078.0,113,2607136.4499999997
2026-07-09 15:10:05.124401013+05:30,418.75,423.0,417.35,420.5,6330.0,2955.0,154,2660349.3500000006
2026-07-09 15:13:22.553083356+05:30,420.55,421.9,419.0,419.0,6194.0,4118.0,124,2605662.2999999993
2026-07-09 15:17:19.448577657+05:30,419.4500000000001,419.4500000000001,414.85,415.4500000000001,6224.0,2134.0,156,2594981.6500000004
2026-07-09 15:20:32.024355770+05:30,415.55,420.05,413.4,420.05,6270.0,3319.0,147,2609259.649999999
2026-07-09 15:23:13.429976980+05:30,420.4,423.2000000000001,417.55,418.0,6169.0,3404.0,142,2591645.9000000004
2026-07-09 15:25:26.524571240+05:30,418.2000000000001,418.75,414.6,418.55,6255.0,2964.0,140,2606228.8
2026-07-09 15:26:48.754941227+05:30,418.4,421.0,417.15,418.6,6194.0,2735.0,115,2594545.2999999993
2026-07-09 15:28:05.229089509+05:30,418.8,423.1,418.0,421.6,6183.0,3610.0,128,2597746.0500000007
2026-07-09 15:29:10.887389004+05:30,422.15,427.65,420.7000000000001,425.6,6124.0,3209.0,134,2593643.949999999
2026-07-09 15:29:45.029381716+05:30,425.2000000000001,425.75,422.5,424.9,6145.0,3421.0,152,2605272.4500000007
2026-07-09 15:29:59.402590594+05:30,424.3,428.4,423.6,428.2000000000001,6100.0,3336.0,151,2594391.4999999995
2026-07-10 09:15:13.640634191+05:30,428.6,438.35,427.55,436.9,6005.0,3669.0,133,2608527.3000000003
2026-07-10 09:16:55.467895340+05:30,437.35,441.25,437.0,441.15,5948.0,2806.0,153,2610870.2000000016
2026-07-10 09:20:13.943906233+05:30,441.85,444.5,440.05,443.1,6052.0,2541.0,135,2676159.4500000016
2026-07-10 09:25:23.548877845+05:30,442.6,443.35,439.2000000000001,442.05,5874.0,3409.0,138,2592275.349999999
2026-07-10 09:31:19.808004084+05:30,441.85,447.9,441.75,444.4,5867.0,2906.0,129,2611545.75
2026-07-10 09:41:12.024434005+05:30,444.4500000000001,445.6,442.9500000000001,443.7000000000001,5830.0,3401.0,133,2591121.7000000007
2026-07-10 09:53:40.110101593+05:30,443.65,447.9,442.75,447.35,5870.0,2912.0,146,2613691.3500000006
2026-07-10 10:07:02.801725115+05:30,447.6,450.3,446.05,447.0,5802.0,2799.0,136,2598527.4500000016
2026-07-10 10:21:28.487165385+05:30,447.15,450.4500000000001,444.4,445.75,5840.0,2502.0,145,2613409.3500000006
2026-07-10 10:36:10.739796460+05:30,446.1,447.2000000000001,443.2000000000001,446.4,5920.0,3139.0,118,2636652.8
2026-07-10 10:51:12.608448449+05:30,446.4,451.5,445.2000000000001,448.75,5808.0,3379.0,127,2604420.55
2026-07-10 11:09:03.693433678+05:30,448.55,448.55,440.9500000000001,442.55,5974.0,2477.0,127,2658211.9499999993
2026-07-10 11:23:08.045919184+05:30,442.65,442.7000000000001,439.7000000000001,441.65,6111.0,3390.0,105,2695295.7499999995
2026-07-10 11:38:04.977125555+05:30,441.55,446.9500000000001,441.2000000000001,446.05,5837.0,2547.0,102,2594255.7
2026-07-10 12:01:05.630118481+05:30,446.6,446.6,437.4,439.65,5884.0,2786.0,175,2594726.4500000007
2026-07-10 12:19:07.848591562+05:30,439.55,440.7000000000001,437.65,439.35,5921.0,2495.0,114,2601436.000000001
2026-07-10 12:45:39.146129539+05:30,439.3,445.4,438.3,444.0,5871.0,3065.0,166,2591331.599999999
2026-07-10 13:04:55.879924371+05:30,443.8,443.8,438.25,438.5,5872.0,2410.0,146,2595667.05
2026-07-10 13:19:11.773353424+05:30,438.65,443.55,438.65,442.65,6109.0,3746.0,116,2697948.8
2026-07-10 13:37:50.744087468+05:30,442.65,447.6,442.35,444.9500000000001,5851.0,2978.0,122,2605403.9499999993
2026-07-10 13:55:42.911109597+05:30,445.2000000000001,450.6,445.1,450.4500000000001,6482.0,4021.0,157,2906244.6999999997
2026-07-10 14:11:03.046855770+05:30,450.2000000000001,451.05,444.75,447.05,5814.0,2838.0,151,2607133.7499999995
2026-07-10 14:27:36.848217109+05:30,446.8,447.15,444.15,445.05,5826.0,2619.0,131,2596065.8000000003
2026-07-10 14:38:47.657654965+05:30,445.2000000000001,446.25,443.65,445.4500000000001,5830.0,2932.0,123,2593061.4499999997
2026-07-10 14:52:54.456437652+05:30,446.35,448.5,443.9,446.1,6040.0,2521.0,140,2696733.5000000005
2026-07-10 15:01:14.191874595+05:30,446.15,448.35,445.8,446.4,6001.0,2968.0,102,2682804.4499999997
2026-07-10 15:08:53.635845318+05:30,446.6,450.6,446.6,449.4500000000001,5781.0,3877.0,117,2592255.3000000007
2026-07-10 15:17:25.640717662+05:30,449.35,450.5,445.85,447.5,5799.0,2350.0,154,2601549.2000000007
2026-07-10 15:21:52.565826428+05:30,447.2000000000001,448.85,446.25,448.3,5895.0,3122.0,116,2639312.4000000004
2026-07-10 15:26:42.828314640+05:30,447.85,448.75,443.8,444.15,5808.0,1671.0,139,2592247.4500000016
2026-07-10 15:28:58.420146808+05:30,443.9,446.8,440.4,444.15,5853.0,2827.0,136,2599242.0500000007
2026-07-10 15:29:55.288333773+05:30,444.1,447.35,442.8,445.7000000000001,6108.0,2746.0,122,2722266.3000000003
2026-07-13 09:15:01.152548790+05:30,445.4,456.8,444.9,456.7000000000001,5888.0,3588.0,140,2652230.800000001
2026-07-13 09:15:17.758698041+05:30,456.9,458.6,453.9500000000001,458.6,5717.0,3610.0,141,2608464.9500000007
2026-07-13 09:15:38.244017106+05:30,459.15,459.85,454.4500000000001,454.4500000000001,5697.0,3528.0,88,2604972.05
2026-07-13 09:16:33.671765583+05:30,454.6,455.0,452.4500000000001,453.4500000000001,5788.0,3150.0,115,2626973.75
2026-07-13 09:17:40.159606688+05:30,453.1,456.0,452.15,453.65,5784.0,2006.0,117,2627649.8500000006
2026-07-13 09:19:07.947904930+05:30,453.65,457.15,452.15,454.2000000000001,5701.0,2977.0,128,2591533.4000000004
2026-07-13 09:21:10.156975741+05:30,454.6,461.4,451.55,457.0,5886.0,2395.0,128,2684609.900000001
2026-07-13 09:23:43.580770627+05:30,456.9500000000001,461.6,456.9500000000001,460.9,5643.0,2399.0,140,2592808.5500000003
2026-07-13 09:26:24.708713165+05:30,460.75,461.65,458.1,460.75,5648.0,3185.0,139,2597776.400000001
2026-07-13 09:28:43.322793692+05:30,461.05,464.55,460.2000000000001,464.55,5675.0,2168.0,120,2620784.7000000016
2026-07-13 09:32:20.325231212+05:30,463.9500000000001,468.9,461.7000000000001,465.9,5589.0,2930.0,138,2599639.65
2026-07-13 09:35:48.020382536+05:30,466.35,467.05,463.75,464.0,5585.0,2958.0,120,2599614.1500000004
2026-07-13 09:40:57.902919465+05:30,463.9,464.05,458.15,458.15,5640.0,2321.0,143,2596475.549999999
2026-07-13 09:45:40.988348166+05:30,457.65,457.9,450.1,451.05,5790.0,2583.0,114,2625185.2500000014
2026-07-13 09:51:56.461660057+05:30,451.3,451.8,447.1,447.9500000000001,5770.0,2389.0,142,2592235.7500000005
2026-07-13 09:57:55.013519223+05:30,448.25,448.9,441.65,443.7000000000001,5843.0,2235.0,136,2602363.249999998
2026-07-13 10:02:39.024747744+05:30,443.55,448.6,443.55,447.9,5832.0,3699.0,105,2602435.6499999994
2026-07-13 10:08:39.491818562+05:30,448.4,452.55,447.9500000000001,452.5,6001.0,2768.0,102,2698322.4499999993
2026-07-13 10:15:54.029713607+05:30,452.55,455.4500000000001,451.0,453.9500000000001,5737.0,3665.0,134,2601580.6999999997
2026-07-13 10:21:15.713101159+05:30,453.35,454.0,449.9,451.5,5741.0,3702.0,119,2595786.4
2026-07-13 10:28:28.882030871+05:30,451.8,453.75,444.6,445.15,5763.0,2553.0,129,2592029.6500000004
2026-07-13 10:36:42.163188755+05:30,444.9500000000001,449.7000000000001,444.6,447.65,5819.0,2800.0,114,2601603.45
2026-07-13 10:43:16.516777838+05:30,448.1,448.8,445.35,446.15,5789.0,3285.0,106,2591024.4499999997
2026-07-13 10:51:18.843599653+05:30,446.15,446.2000000000001,442.05,443.35,5970.0,2459.0,126,2650473.0
2026-07-13 10:59:49.057815058+05:30,443.35,443.5,438.75,438.75,5904.0,2040.0,134,2600721.7000000016
2026-07-13 11:09:58.202226755+05:30,438.7000000000001,438.75,431.6,432.55,6185.0,2669.0,125,2684813.9499999993
2026-07-13 11:18:30.800178047+05:30,432.5,435.7000000000001,431.0,433.9,6000.0,3250.0,130,2602449.35
2026-07-13 11:27:40.626065319+05:30,434.35,438.75,434.15,438.5,5984.0,3267.0,135,2610658.850000003
2026-07-13 11:37:48.433120552+05:30,439.2000000000001,440.9,433.75,438.2000000000001,6039.0,2497.0,157,2642011.2999999993
2026-07-13 11:46:46.135456025+05:30,437.9,441.2000000000001,437.7000000000001,438.7000000000001,6037.0,2705.0,135,2653320.85
2026-07-13 11:54:54.148296583+05:30,438.75,442.9,436.9500000000001,442.1,6037.0,3543.0,118,2651945.200000001
2026-07-13 12:03:04.206124108+05:30,442.05,446.05,441.75,443.15,5850.0,3247.0,120,2595996.7499999995
2026-07-13 12:10:42.260653158+05:30,442.9500000000001,442.9500000000001,438.5,441.75,5916.0,2801.0,103,2609866.15
2026-07-13 12:20:02.902893707+05:30,441.85,443.15,439.6,440.7000000000001,5875.0,2313.0,128,2590957.75
2026-07-13 12:31:26.645151257+05:30,441.35,441.35,433.6,434.9,6268.0,2608.0,143,2740451.2000000007
2026-07-13 12:42:55.982450874+05:30,434.65,434.9500000000001,430.05,432.15,6044.0,1997.0,137,2613752.649999999
2026-07-13 12:52:14.353017090+05:30,432.0,432.75,425.75,428.2000000000001,6055.0,2505.0,138,2599879.0999999996
2026-07-13 13:03:28.517805560+05:30,427.8,430.4500000000001,426.9500000000001,430.25,6060.0,2289.0,130,2595727.1999999997
2026-07-13 13:14:04.691735445+05:30,430.9500000000001,432.9,424.3,426.1,6066.0,3175.0,152,2603490.149999999
2026-07-13 13:22:35.475743524+05:30,425.4500000000001,426.75,424.7000000000001,425.25,6181.0,2603.0,111,2630954.2499999995
2026-07-13 13:35:03.398682634+05:30,424.8,425.35,421.15,423.2000000000001,6124.0,3285.0,175,2594572.7499999995
2026-07-13 13:44:16.857485254+05:30,423.2000000000001,427.4,421.85,425.65,6114.0,3272.0,144,2594376.25
2026-07-13 13:54:38.316770841+05:30,426.05,428.9500000000001,422.55,423.85,6105.0,3182.0,152,2600173.95
2026-07-13 14:01:38.997598955+05:30,424.6,435.8,424.6,434.8,6024.0,3156.0,128,2598387.5
2026-07-13 14:09:26.042188404+05:30,434.8,443.5,434.8,442.7000000000001,5893.0,3026.0,142,2594492.3
2026-07-13 14:18:47.530983954+05:30,442.75,446.55,441.6,444.5,5982.0,3025.0,166,2653480.249999999
2026-07-13 14:27:24.350693499+05:30,445.15,448.35,444.9,446.6,5814.0,3062.0,159,2594924.55
2026-07-13 14:34:18.188985173+05:30,446.4,446.55,438.4500000000001,439.35,5875.0,2211.0,126,2595858.1000000006
2026-07-13 14:40:27.438378049+05:30,439.1,445.7000000000001,437.35,442.35,5917.0,3470.0,125,2616259.6000000006
2026-07-13 14:46:07.704176803+05:30,442.2000000000001,445.9500000000001,441.9500000000001,442.8,5831.0,3794.0,139,2592244.4500000007
2026-07-13 14:51:53.463109423+05:30,443.05,449.0,443.05,446.4500000000001,5854.0,2392.0,130,2612947.950000001
2026-07-13 14:56:32.826510631+05:30,446.05,449.3,445.4500000000001,448.2000000000001,5875.0,2726.0,108,2625957.1500000013
2026-07-13 15:00:59.197239938+05:30,448.3,449.2000000000001,445.3,447.9,5970.0,3028.0,123,2671279.3
2026-07-13 15:05:39.505387618+05:30,447.85,453.15,447.85,449.7000000000001,5796.0,2800.0,120,2615459.449999999
2026-07-13 15:10:22.187544084+05:30,450.05,451.75,447.35,447.35,6069.0,3030.0,144,2727250.45
2026-07-13 15:14:02.177346875+05:30,446.75,447.85,440.5,441.6,5885.0,2483.0,122,2609233.05
2026-07-13 15:17:34.397028753+05:30,442.35,445.9500000000001,442.35,445.9,5830.0,3577.0,131,2592393.7500000005
2026-07-13 15:20:36.829897490+05:30,446.05,447.7000000000001,440.6,441.1,5836.0,1971.0,135,2592294.4
2026-07-13 15:23:20.592033558+05:30,441.1,442.5,438.8,441.2000000000001,5880.0,2700.0,154,2591616.7000000007
2026-07-13 15:25:22.303735800+05:30,441.4,444.75,439.25,440.2000000000001,5870.0,2591.0,141,2594657.4
2026-07-13 15:26:48.189101355+05:30,440.15,445.25,438.4,443.6,6305.0,2622.0,117,2786971.95
2026-07-13 15:27:50.188658411+05:30,443.9,444.5,441.4,441.6,5984.0,2009.0,100,2649433.9500000007
2026-07-13 15:28:39.192016286+05:30,441.2000000000001,441.8,439.1,440.65,5902.0,3025.0,104,2600636.8999999994
2026-07-13 15:29:22.285537434+05:30,440.85,442.9,437.85,439.05,5989.0,3327.0,125,2634173.999999999
2026-07-13 15:29:52.414775902+05:30,439.6,441.2000000000001,436.8,441.1,6064.0,2914.0,169,2661273.950000001
2026-07-13 15:29:59.909771122+05:30,440.3,440.8,436.0,436.0,5924.0,2715.0,117,2595701.849999999
2026-07-14 09:15:14.419738489+05:30,435.9500000000001,436.65,431.85,434.6,5976.0,3116.0,142,2596515.4500000007
2026-07-14 09:16:06.731994248+05:30,434.65,437.25,431.6,435.55,5966.0,2879.0,135,2593291.25
2026-07-14 09:17:45.588204789+05:30,435.35,439.2000000000001,433.4,436.2000000000001,6149.0,1986.0,121,2679135.0999999996
2026-07-14 09:20:34.280984754+05:30,435.4500000000001,437.65,433.9500000000001,436.4500000000001,5991.0,2848.0,123,2610479.8000000007
2026-07-14 09:25:01.309488906+05:30,436.4,444.4500000000001,436.4,444.3,6068.0,3759.0,147,2671105.250000001
2026-07-14 09:30:45.291265755+05:30,444.2000000000001,444.2000000000001,439.1,440.25,5878.0,2408.0,149,2595481.8999999994
2026-07-14 09:35:45.252599915+05:30,440.15,441.9,434.5,435.1,6218.0,2028.0,110,2718255.4
2026-07-14 09:42:34.950826640+05:30,435.1,437.4,433.85,437.15,5947.0,2807.0,130,2591282.9999999995
2026-07-14 09:51:09.805533738+05:30,436.9500000000001,438.9500000000001,431.75,435.15,6147.0,2838.0,155,2678938.0999999996
2026-07-14 10:00:46.599946426+05:30,435.0,438.15,432.9,433.8,6027.0,3084.0,132,2625320.8000000007
2026-07-14 10:11:15.937267746+05:30,433.5,439.6,433.05,438.9,5963.0,2493.0,127,2600097.4500000007
2026-07-14 10:22:42.602336127+05:30,438.9500000000001,439.65,436.8,437.7000000000001,6114.0,3723.0,139,2677422.3500000006
2026-07-14 10:36:23.487681231+05:30,437.4,442.25,436.9500000000001,437.25,5909.0,2092.0,137,2596542.5500000007
2026-07-14 10:49:33.678938122+05:30,437.2000000000001,438.85,434.65,435.85,6003.0,2876.0,132,2620872.3499999996
2026-07-14 11:00:12.373036913+05:30,436.0,438.4500000000001,431.1,431.9500000000001,6050.0,2234.0,110,2624125.2
2026-07-14 11:13:45.657026514+05:30,432.15,432.35,429.0,430.85,6026.0,3826.0,143,2597825.2499999986
2026-07-14 11:27:13.338164956+05:30,430.8,433.3,428.5,433.3,6021.0,3655.0,128,2592813.4
2026-07-14 11:39:46.887011733+05:30,433.85,435.9500000000001,430.4,430.9,6083.0,2697.0,115,2634358.9000000004
2026-07-14 11:56:43.345098705+05:30,430.0,430.9,425.2000000000001,430.4500000000001,6103.0,3201.0,156,2610756.2999999993
2026-07-14 12:12:28.896188903+05:30,430.1,432.6,429.55,431.1,6358.0,2312.0,124,2738658.349999998
2026-07-14 12:29:46.421368810+05:30,431.15,433.9,430.65,432.9,6057.0,3460.0,165,2617470.4999999995
2026-07-14 12:41:35.451074134+05:30,432.6,437.05,432.0,432.7000000000001,5975.0,3376.0,119,2593856.8500000006
2026-07-14 12:59:23.329122844+05:30,432.2000000000001,434.9,430.2000000000001,433.8,5988.0,3090.0,140,2591131.5500000017
2026-07-14 13:10:51.271144544+05:30,434.15,437.4500000000001,432.5,432.5,5975.0,2738.0,111,2600390.0500000003
2026-07-14 13:28:17.846191353+05:30,432.4,436.6,431.75,433.5,6041.0,3240.0,146,2622428.0
2026-07-14 13:44:16.786037858+05:30,433.55,433.65,430.75,432.3,6011.0,2789.0,147,2597154.8999999994
2026-07-14 14:00:40.095533375+05:30,431.9500000000001,431.9500000000001,426.55,428.65,6289.0,2379.0,157,2693141.150000002
2026-07-14 14:12:21.166690264+05:30,428.7000000000001,432.15,427.6,430.6,6077.0,2830.0,136,2611223.8500000006
2026-07-14 14:22:01.804573700+05:30,431.25,434.85,431.0,432.75,5989.0,3755.0,102,2592598.8
2026-07-14 14:34:04.991266998+05:30,433.1,433.4,430.4,431.55,6357.0,3090.0,139,2744697.250000001
2026-07-14 14:44:00.960786206+05:30,431.3,434.55,427.4,434.55,6087.0,3174.0,129,2627458.6999999997
2026-07-14 14:54:46.936043969+05:30,434.3,439.05,432.8,438.55,6442.0,3548.0,144,2810718.149999999
2026-07-14 15:01:44.006502643+05:30,438.3,439.9,435.9500000000001,436.65,5921.0,3286.0,120,2591679.1500000013
2026-07-14 15:08:12.971340046+05:30,436.9500000000001,441.15,436.9500000000001,439.85,6013.0,3628.0,133,2639837.75
2026-07-14 15:14:17.411683655+05:30,439.9,441.8,435.65,437.2000000000001,5908.0,2635.0,138,2591206.0500000007
2026-07-14 15:20:02.473139894+05:30,436.9500000000001,438.15,433.05,433.05,6208.0,2900.0,152,2705477.3500000006
2026-07-14 15:23:27.597558112+05:30,433.15,437.7000000000001,432.8,437.25,5955.0,3439.0,142,2590833.1999999993
2026-07-14 15:26:18.673239831+05:30,436.55,439.35,435.5,436.25,5955.0,3376.0,132,2604025.9500000007
2026-07-14 15:28:20.345519184+05:30,436.0,437.05,433.9500000000001,434.7000000000001,5981.0,3174.0,117,2605518.700000001
2026-07-14 15:29:34.527510010+05:30,435.15,439.25,434.85,436.9500000000001,5979.0,3861.0,122,2615492.0999999996
2026-07-15 09:15:00.027123323+05:30,436.75,440.8,434.15,440.8,5973.0,3029.0,144,2610333.0000000005
2026-07-15 09:15:07.761451260+05:30,441.4500000000001,441.4500000000001,433.2000000000001,434.9500000000001,6012.0,3010.0,103,2623395.5
2026-07-15 09:15:59.705315080+05:30,435.25,440.65,434.3,438.05,5935.0,3041.0,152,2598124.4999999995
2026-07-15 09:16:58.840176291+05:30,438.0,440.25,436.4500000000001,437.3,6055.0,2949.0,106,2652890.6999999997
2026-07-15 09:18:42.431904965+05:30,436.9,443.5,436.3,441.3,5971.0,3090.0,135,2632742.149999999
2026-07-15 09:21:12.412975607+05:30,441.5,444.9500000000001,439.85,444.9500000000001,5883.0,3297.0,137,2602468.9499999993
2026-07-15 09:25:33.943576795+05:30,445.15,446.4500000000001,439.9500000000001,446.4500000000001,5904.0,3422.0,149,2614945.4500000016
2026-07-15 09:31:01.830017367+05:30,446.85,449.3,444.3,447.7000000000001,5803.0,3148.0,137,2591988.4000000013
2026-07-15 09:37:11.064569051+05:30,447.6,448.25,441.75,444.65,5919.0,2458.0,166,2627621.6500000004
2026-07-15 09:44:00.954535078+05:30,444.75,447.35,444.65,445.75,5818.0,2926.0,135,2594578.6000000006
2026-07-15 09:54:22.537210761+05:30,446.1,446.25,439.05,440.4500000000001,5859.0,2926.0,177,2593156.4500000007
2026-07-15 10:04:28.869565283+05:30,440.4,441.0,435.8,440.85,6164.0,2910.0,171,2705477.8499999996
2026-07-15 10:12:15.506355654+05:30,440.5,440.9,434.1,435.9,5962.0,2894.0,131,2608468.8500000006
2026-07-15 10:22:57.601897172+05:30,435.7000000000001,446.55,435.55,446.0,5922.0,4050.0,145,2603866.05
2026-07-15 10:34:53.216260796+05:30,445.4,454.9,445.05,453.85,5940.0,3245.0,141,2675768.45
2026-07-15 10:46:39.389004234+05:30,453.8,456.35,451.2000000000001,451.9500000000001,5708.0,2271.0,130,2592378.15
2026-07-15 11:00:07.431857322+05:30,452.7000000000001,459.6,452.7000000000001,459.6,5686.0,3950.0,156,2591804.9000000004
2026-07-15 11:09:21.877868820+05:30,459.9500000000001,461.9500000000001,455.75,461.9500000000001,5684.0,3823.0,122,2606159.5500000003
2026-07-15 11:21:09.834637500+05:30,462.5,469.05,462.3,468.15,5571.0,3246.0,125,2596232.9499999993
2026-07-15 11:33:42.422211454+05:30,468.15,473.1,467.4,467.55,6251.0,2939.0,115,2934624.950000001
2026-07-15 11:43:06.831505428+05:30,467.3,473.75,466.4,473.15,5557.0,2968.0,101,2605954.05
2026-07-15 11:55:37.000107020+05:30,472.4,473.5,466.05,466.65,5513.0,3209.0,115,2590636.5000000005
2026-07-15 12:10:45.065614921+05:30,466.75,468.35,462.9,464.05,5572.0,3193.0,149,2593798.8500000006
2026-07-15 12:26:50.432200335+05:30,464.5,470.9500000000001,462.85,470.75,5558.0,2999.0,146,2593585.4500000007
2026-07-15 12:37:56.252247647+05:30,471.3,471.55,465.85,466.65,5552.0,2797.0,103,2595113.9999999995
2026-07-15 12:53:45.102607993+05:30,466.4500000000001,467.2000000000001,462.85,466.3,5571.0,2836.0,126,2591417.9
2026-07-15 13:05:22.994389014+05:30,466.4500000000001,466.75,459.3,461.1,5738.0,2988.0,109,2651562.650000001
2026-07-15 13:20:16.610562124+05:30,460.7000000000001,463.9,458.85,463.85,6051.0,3381.0,135,2792201.9
2026-07-15 13:28:06.909091097+05:30,463.4500000000001,463.4500000000001,456.0,456.0,5756.0,2911.0,93,2649610.2500000005
2026-07-15 13:40:10.762929008+05:30,455.7000000000001,456.15,447.0,447.5,5766.0,2220.0,142,2610028.3500000006
2026-07-15 13:51:08.319480362+05:30,447.5,448.8,442.05,442.25,5810.0,2195.0,128,2591330.2999999984
2026-07-15 13:59:48.929171718+05:30,441.9,447.8,440.55,445.05,5943.0,4143.0,102,2641095.0
2026-07-15 14:09:28.570302670+05:30,445.5,446.6,443.75,443.9500000000001,5854.0,3408.0,124,2605617.9500000007
2026-07-15 14:17:31.850680688+05:30,444.4500000000001,445.0,439.65,439.9500000000001,5874.0,2092.0,106,2593383.3500000006
2026-07-15 14:24:27.717420877+05:30,440.25,441.05,437.4500000000001,439.35,5986.0,3639.0,95,2629108.0499999993
2026-07-15 14:33:36.039273049+05:30,439.2000000000001,439.6,435.65,436.35,6392.0,4090.0,112,2798409.4500000007
2026-07-15 14:40:56.918986495+05:30,435.8,441.15,435.8,440.1,5903.0,3096.0,104,2592825.65
2026-07-15 14:47:55.680319188+05:30,440.35,444.15,438.65,443.1,5899.0,3492.0,115,2599222.4
2026-07-15 14:54:18.849838873+05:30,443.75,445.4,440.7000000000001,445.4,5885.0,3230.0,119,2604391.249999999
2026-07-15 14:59:19.532171052+05:30,445.2000000000001,448.8,444.85,448.8,5813.0,3104.0,89,2597328.5500000007
2026-07-15 15:05:54.247072333+05:30,448.75,448.8,444.7000000000001,446.3,5805.0,1924.0,129,2591158.05
2026-07-15 15:10:51.669609775+05:30,446.25,447.9500000000001,441.1,441.15,5854.0,2243.0,127,2605563.000000001
2026-07-15 15:15:49.446500644+05:30,441.2000000000001,441.6,436.7000000000001,440.4500000000001,5919.0,2670.0,140,2601656.4499999993
2026-07-15 15:19:24.116681908+05:30,440.65,440.65,436.85,438.25,6001.0,3551.0,120,2630591.95
2026-07-15 15:22:46.396068527+05:30,438.1,439.9,437.15,437.65,5963.0,3091.0,113,2615932.5
2026-07-15 15:26:19.814010505+05:30,437.9500000000001,439.1,433.5,438.0,5951.0,2371.0,153,2596650.200000001
2026-07-15 15:28:23.641085595+05:30,437.5,440.55,434.5,439.1,5955.0,3278.0,141,2602756.85
2026-07-15 15:29:26.242382083+05:30,439.1,439.1,431.3,431.65,5972.0,3190.0,121,2601003.850000001
2026-07-15 15:29:58.821294031+05:30,431.8,433.1,427.1,429.9500000000001,6056.0,3087.0,154,2608812.5000000005
2026-07-16 09:15:02.357662481+05:30,430.4,434.5,427.05,434.25,6068.0,3425.0,145,2615440.6
2026-07-16 09:15:20.844763539+05:30,433.9,434.55,430.3,432.05,5997.0,2736.0,139,2593379.8
2026-07-16 09:15:48.958132217+05:30,432.35,433.5,426.2000000000001,427.2000000000001,6108.0,2443.0,139,2627751.950000001
2026-07-16 09:16:50.361383071+05:30,427.2000000000001,430.55,425.3,427.75,6196.0,3307.0,164,2647906.6499999976
2026-07-16 09:17:58.353868089+05:30,427.3,428.6,425.8,427.25,6072.0,3205.0,119,2593439.3000000007
2026-07-16 09:19:48.441038856+05:30,427.35,428.1,425.55,426.9,6100.0,2705.0,126,2603841.2499999995
2026-07-16 09:22:13.941958321+05:30,426.8,428.15,423.7000000000001,428.05,6130.0,2736.0,157,2609736.149999999
2026-07-16 09:25:04.559525633+05:30,428.1,430.8,426.9500000000001,428.85,6048.0,2831.0,138,2592656.900000001
2026-07-16 09:26:57.400064867+05:30,429.05,433.6,428.85,431.25,6183.0,4440.0,82,2665496.25
2026-07-16 09:30:11.806950850+05:30,431.4500000000001,431.5,425.3,427.4,6190.0,3060.0,140,2646267.4499999997
2026-07-16 09:34:31.376539771+05:30,427.2000000000001,432.2000000000001,427.1,428.15,6062.0,3216.0,151,2604235.1999999997
2026-07-16 09:39:27.811367369+05:30,428.25,428.9,425.25,426.8,6358.0,3240.0,139,2716312.2499999986
2026-07-16 09:43:35.386827209+05:30,426.15,426.5,423.05,425.9,6124.0,2339.0,121,2603596.7500000005
2026-07-16 09:48:03.387841173+05:30,426.0,431.1,425.9,430.75,6047.0,4011.0,118,2594590.1
2026-07-16 09:52:08.418612060+05:30,430.4,432.1,427.6,428.2000000000001,6083.0,3214.0,117,2617703.049999999
2026-07-16 09:57:04.123884612+05:30,428.3,434.6,428.05,434.35,6071.0,3674.0,133,2615664.600000001
2026-07-16 10:03:44.945501959+05:30,434.9500000000001,434.9500000000001,427.7000000000001,429.4,6373.0,3179.0,143,2742722.1999999993
2026-07-16 10:08:45.769494095+05:30,429.25,432.8,429.05,429.35,6047.0,3317.0,89,2605641.15
2026-07-16 10:14:48.727694376+05:30,428.9500000000001,432.15,428.0,430.9,6040.0,2715.0,127,2595878.55
2026-07-16 10:21:44.103182292+05:30,430.7000000000001,431.2000000000001,427.55,427.8,6041.0,2850.0,129,2594108.9999999995
2026-07-16 10:28:06.551080419+05:30,427.55,430.5,425.8,426.15,6224.0,3114.0,125,2662476.8999999994
2026-07-16 10:34:46.627547166+05:30,426.4,433.05,426.4,432.3,6022.0,2340.0,123,2591218.8500000006
2026-07-16 10:42:42.490615138+05:30,432.1,434.5,430.25,430.6,5999.0,2625.0,132,2594545.9499999997
2026-07-16 10:50:58.986649816+05:30,431.35,432.4500000000001,429.4,431.15,6015.0,2654.0,146,2591254.6499999994
2026-07-16 11:00:38.773349801+05:30,431.35,437.25,430.65,436.9,5975.0,2951.0,140,2591659.25
2026-07-16 11:10:23.652153400+05:30,436.65,439.0,435.7000000000001,438.8,5947.0,3098.0,132,2601662.549999998
2026-07-16 11:19:28.711965737+05:30,438.6,444.9,438.35,444.75,5927.0,3064.0,128,2615473.000000001
2026-07-16 11:26:02.070546697+05:30,444.75,445.05,438.7000000000001,439.1,5873.0,2256.0,105,2591698.3000000003
2026-07-16 11:34:40.153832866+05:30,438.85,442.65,437.1,440.4,5978.0,3786.0,125,2626778.4000000004
2026-07-16 11:42:25.624839842+05:30,440.9500000000001,446.4500000000001,440.9,445.4,5839.0,3054.0,133,2590706.400000001
2026-07-16 11:49:36.661277427+05:30,445.2000000000001,447.6,445.2000000000001,446.05,5817.0,2558.0,93,2597463.6999999997
2026-07-16 12:00:25.290548820+05:30,446.2000000000001,451.2000000000001,444.6,451.2000000000001,5811.0,2902.0,142,2599234.1
2026-07-16 12:11:18.940842710+05:30,451.35,452.35,448.9,450.3,5765.0,3056.0,137,2598488.499999999
2026-07-16 12:20:04.295909596+05:30,450.35,453.2000000000001,445.75,446.25,5804.0,2527.0,125,2608335.5499999993
2026-07-16 12:28:43.196878918+05:30,446.2000000000001,451.9,445.65,449.75,5863.0,2959.0,112,2631261.5999999996
2026-07-16 12:37:27.174249954+05:30,449.4500000000001,452.5,448.35,449.85,6094.0,3244.0,113,2744938.9500000007
2026-07-16 12:46:46.264570379+05:30,450.05,455.55,449.3,450.2000000000001,5737.0,3014.0,137,2592051.45
2026-07-16 12:54:31.687037396+05:30,450.5,450.5,443.4500000000001,445.7000000000001,5833.0,2845.0,100,2595661.6
2026-07-16 13:00:29.279444844+05:30,445.9,448.25,444.85,445.85,5816.0,3678.0,92,2598432.3000000007
2026-07-16 13:09:01.377342827+05:30,445.1,449.2000000000001,443.25,448.9,5837.0,2959.0,136,2602277.8999999994
2026-07-16 13:17:45.265611757+05:30,448.75,450.35,446.0,447.2000000000001,5808.0,2971.0,132,2598995.9499999997
2026-07-16 13:28:29.686678155+05:30,447.5,451.15,444.55,449.8,6116.0,3055.0,144,2737168.3000000007
2026-07-16 13:37:31.511604457+05:30,450.05,452.5,448.4500000000001,451.4500000000001,5784.0,3121.0,137,2605953.6000000006
2026-07-16 13:46:14.521942959+05:30,451.3,452.55,446.9500000000001,451.3,5849.0,3078.0,134,2630236.5
2026-07-16 13:57:08.530525834+05:30,451.6,452.25,442.85,446.4,5803.0,2724.0,144,2597939.2999999993
2026-07-16 14:04:39.922467008+05:30,446.1,446.15,442.25,442.55,5860.0,2376.0,121,2601765.8999999994
2026-07-16 14:13:43.603624508+05:30,442.9,452.0,442.0,450.85,5881.0,3089.0,153,2624685.2499999995
2026-07-16 14:19:58.745967450+05:30,451.05,453.55,448.15,448.15,5765.0,2792.0,126,2604552.450000001
2026-07-16 14:26:50.858776268+05:30,448.65,448.85,445.05,445.2000000000001,5885.0,2805.0,136,2630669.65
2026-07-16 14:33:28.387857489+05:30,445.25,447.3,443.85,445.2000000000001,5873.0,2859.0,120,2618826.5499999993
2026-07-16 14:41:08.590377785+05:30,445.4,447.4,440.9500000000001,445.25,5854.0,2853.0,152,2599872.7500000005
2026-07-16 14:48:52.757651863+05:30,445.15,445.65,440.7000000000001,443.3,5925.0,2554.0,156,2621665.599999998
2026-07-16 14:54:13.472849737+05:30,442.7000000000001,449.1,441.6,447.0,5882.0,2902.0,116,2624031.1000000006
2026-07-16 14:59:34.101281388+05:30,447.25,447.4,440.75,441.75,5885.0,2783.0,140,2614803.400000001
2026-07-16 15:04:55.476310468+05:30,441.7000000000001,444.05,438.25,444.05,5950.0,3064.0,148,2617710.4499999997
2026-07-16 15:09:04.602167187+05:30,444.0,450.35,443.15,450.0,5881.0,3530.0,136,2618323.0999999996
2026-07-16 15:12:08.046401535+05:30,450.25,452.05,449.1,452.05,5811.0,2295.0,106,2617321.3
2026-07-16 15:15:35.777395759+05:30,451.9,453.3,446.55,446.7000000000001,5854.0,2507.0,135,2639622.95
2026-07-16 15:18:38.571868569+05:30,446.5,448.4500000000001,444.75,447.6,5843.0,3454.0,125,2611073.299999999
2026-07-16 15:21:30.169771312+05:30,447.4500000000001,454.25,446.8,452.0,5762.0,3327.0,133,2598955.05
2026-07-16 15:24:13.449439225+05:30,451.9,452.9500000000001,449.2000000000001,451.7000000000001,5745.0,2646.0,140,2591178.149999999
2026-07-16 15:26:11.034720075+05:30,451.85,457.9,450.85,457.9,5749.0,2994.0,139,2611160.2
2026-07-16 15:27:40.437413933+05:30,458.0,459.4,455.05,457.75,5757.0,3334.0,130,2631020.400000001
2026-07-16 15:28:37.849054550+05:30,457.35,459.0,453.7000000000001,453.75,5673.0,2520.0,120,2591385.0500000003
2026-07-16 15:29:23.504542719+05:30,454.05,455.15,446.55,448.25,5788.0,2524.0,134,2614019.8
2026-07-16 15:29:49.190497141+05:30,447.85,451.9500000000001,446.85,447.65,5784.0,3093.0,131,2598744.9500000007
2026-07-16 15:29:59.656852016+05:30,448.0,448.8,442.0,443.75,5833.0,2737.0,147,2597096.599999999
2026-07-17 09:15:12.958361852+05:30,443.7000000000001,443.85,439.05,442.35,5922.0,2186.0,119,2612637.9500000007
2026-07-17 09:16:35.996461870+05:30,442.4,443.0,439.05,441.4,6006.0,2543.0,136,2647212.7999999993
2026-07-17 09:18:59.104107980+05:30,441.8,449.2000000000001,440.25,448.7000000000001,5847.0,3055.0,135,2593176.25
2026-07-17 09:23:35.092730340+05:30,448.9500000000001,457.55,447.4500000000001,456.6,5769.0,3101.0,136,2609853.65
2026-07-17 09:28:44.285318882+05:30,456.75,459.9500000000001,455.8,458.2000000000001,5740.0,2781.0,139,2628236.7499999995
2026-07-17 09:34:03.235313264+05:30,458.05,459.6,456.35,458.1,5918.0,2526.0,94,2711366.0500000007
2026-07-17 09:39:41.904103650+05:30,458.15,458.15,452.75,453.6,5699.0,2894.0,107,2592322.4
2026-07-17 09:48:57.283709648+05:30,453.85,457.2000000000001,452.35,457.2000000000001,5768.0,2661.0,133,2621082.599999999
2026-07-17 09:56:23.803321979+05:30,457.25,463.2000000000001,457.25,463.2000000000001,5623.0,3703.0,106,2591407.3499999996
2026-07-17 10:06:20.155820355+05:30,463.25,464.4500000000001,458.55,460.1,5689.0,2428.0,128,2627326.2500000005
2026-07-17 10:17:52.474485339+05:30,460.55,464.35,458.75,461.7000000000001,5633.0,2930.0,133,2595769.799999999
2026-07-17 10:28:47.860086845+05:30,461.65,464.55,459.5,459.5,5685.0,3140.0,115,2627819.049999999
2026-07-17 10:38:56.763630755+05:30,459.65,461.25,457.85,461.25,5688.0,2506.0,102,2614932.6
2026-07-17 10:53:42.561064132+05:30,461.05,461.25,453.9500000000001,456.5,5687.0,2290.0,123,2600772.750000001
2026-07-17 11:07:57.812686787+05:30,456.4,456.5,452.1,453.8,5748.0,2615.0,121,2613526.9999999995
2026-07-17 11:25:27.831937369+05:30,453.9,458.7000000000001,453.7000000000001,458.1,5796.0,2694.0,135,2642934.0999999987
2026-07-17 11:40:08.418938161+05:30,458.6,458.6,452.75,453.5,5699.0,2234.0,114,2595372.0500000003
2026-07-17 11:55:29.510859596+05:30,453.55,455.1,449.4,449.4,5845.0,2232.0,100,2645089.1500000013
2026-07-17 12:13:42.188049815+05:30,449.5,451.0,443.15,449.0,5805.0,2852.0,144,2596559.5
2026-07-17 12:26:55.332957347+05:30,449.55,454.4,448.6,452.8,5849.0,2708.0,106,2637967.7500000005
2026-07-17 12:42:48.450202445+05:30,453.5,459.55,452.85,459.25,5810.0,2948.0,112,2646756.5499999984
2026-07-17 12:55:09.410651988+05:30,459.8,460.75,458.05,459.7000000000001,5820.0,3433.0,115,2673900.9000000004
2026-07-17 13:13:32.482768085+05:30,459.55,463.5,458.35,461.9500000000001,5637.0,2474.0,126,2599565.2500000005
2026-07-17 13:26:00.249668491+05:30,462.4,465.8,462.05,465.75,5940.0,3639.0,104,2755867.4000000004
2026-07-17 13:39:33.898892640+05:30,465.5,465.85,461.25,461.55,5618.0,3052.0,104,2602294.249999999
2026-07-17 13:53:12.415218860+05:30,461.7000000000001,464.25,459.65,459.8,5681.0,3280.0,118,2623110.6999999997
2026-07-17 14:10:56.009441233+05:30,459.75,460.7000000000001,456.9500000000001,459.65,5683.0,2877.0,142,2608415.9499999983
2026-07-17 14:23:35.735837518+05:30,460.0,462.8,458.65,462.8,5645.0,2880.0,130,2599521.8000000003
2026-07-17 14:34:24.314065452+05:30,462.3,465.05,462.15,463.75,5611.0,3565.0,111,2599852.15
2026-07-17 14:44:34.197228347+05:30,463.15,463.15,458.1,458.1,5624.0,1909.0,116,2593844.8000000007
2026-07-17 14:54:37.657148281+05:30,458.0,458.35,449.35,449.55,5736.0,2394.0,124,2599675.6
2026-07-17 15:03:32.344101230+05:30,449.35,450.4,446.9500000000001,447.25,5865.0,2563.0,128,2633861.9999999995
2026-07-17 15:12:14.681649578+05:30,447.4,455.9,447.4,455.2000000000001,5769.0,2925.0,154,2609720.849999999
2026-07-17 15:19:09.680880186+05:30,454.9500000000001,459.15,451.9500000000001,453.1,5720.0,2406.0,142,2600246.150000002
2026-07-17 15:24:21.307495505+05:30,452.6,453.0,446.8,452.1,5806.0,2521.0,143,2614910.999999999
2026-07-17 15:26:53.506097038+05:30,451.65,451.85,446.85,450.25,5788.0,2925.0,118,2601518.9500000007
2026-07-17 15:28:28.203226840+05:30,450.3,452.25,446.55,446.65,5763.0,2952.0,115,2592149.500000002
2026-07-17 15:29:54.253731313+05:30,446.65,447.0,443.2000000000001,444.1,5835.0,2157.0,146,2597739.4499999997
2026-07-20 09:15:03.889301190+05:30,443.65,447.1,441.5,442.2000000000001,5843.0,2050.0,124,2593368.0499999984
2026-07-20 09:16:06.022126092+05:30,442.1,448.9500000000001,441.9,447.0,5919.0,2819.0,145,2636350.1500000004
2026-07-20 09:19:04.503503936+05:30,446.8,446.9,440.2000000000001,441.3,5852.0,2994.0,151,2595743.6
2026-07-20 09:24:19.994398165+05:30,441.25,443.6,440.05,442.85,5932.0,3092.0,122,2621153.9
2026-07-20 09:30:55.932674822+05:30,442.2000000000001,446.3,440.6,440.75,5858.0,2267.0,123,2593010.550000001
2026-07-20 09:39:33.647518021+05:30,440.75,443.35,437.9,437.9,5909.0,2493.0,138,2605322.9000000013
2026-07-20 09:51:40.126361895+05:30,437.65,438.0,432.3,436.35,5972.0,2492.0,144,2599177.5500000017
2026-07-20 10:02:15.726347866+05:30,435.7000000000001,442.4500000000001,435.7000000000001,439.15,6163.0,3007.0,114,2708157.2499999995
2026-07-20 10:16:09.553514917+05:30,439.0,441.85,435.2000000000001,441.05,5934.0,2456.0,142,2597689.6500000004
2026-07-20 10:33:06.247109130+05:30,441.3,443.2000000000001,438.9,441.9,5908.0,2631.0,151,2606432.35
2026-07-20 10:48:39.137256751+05:30,442.1,444.3,438.2000000000001,438.3,5871.0,2902.0,126,2591401.000000001
2026-07-20 11:05:04.708882619+05:30,438.4,440.6,437.5,439.2000000000001,5965.0,3299.0,134,2618158.250000001
2026-07-20 11:25:02.382218441+05:30,439.75,441.2000000000001,434.9,437.8,5924.0,3103.0,147,2596586.999999999
2026-07-20 11:40:41.632456538+05:30,438.3,438.55,435.3,438.2000000000001,5937.0,2466.0,114,2594676.1999999997
2026-07-20 12:00:52.077431509+05:30,437.9,440.85,437.4,439.85,5938.0,2748.0,140,2609873.6499999994
2026-07-20 12:18:50.403393142+05:30,439.65,440.0,436.15,436.6,6655.0,3272.0,134,2916358.75
2026-07-20 12:39:22.071598127+05:30,436.4,438.9500000000001,433.85,438.3,5943.0,3883.0,140,2593014.2499999995
2026-07-20 13:00:59.763678832+05:30,438.3,439.6,434.4500000000001,436.4,6303.0,2406.0,135,2752416.45
2026-07-20 13:18:57.189828019+05:30,436.4,439.9,433.9500000000001,434.9500000000001,6001.0,2535.0,135,2616549.499999999
2026-07-20 13:37:54.472829999+05:30,434.8,438.15,434.3,436.3,5945.0,3403.0,110,2590701.1999999997
2026-07-20 13:52:29.162261147+05:30,436.2000000000001,438.75,435.0,438.25,5974.0,3301.0,125,2608981.6000000015
2026-07-20 14:05:45.812759911+05:30,438.35,439.9,436.4500000000001,436.4500000000001,6053.0,3328.0,112,2652091.9499999993
2026-07-20 14:21:19.950632418+05:30,436.3,436.3,429.9500000000001,430.75,6040.0,2922.0,144,2604640.4000000013
2026-07-20 14:35:44.480163060+05:30,430.35,430.7000000000001,427.55,428.1,6149.0,2551.0,121,2639454.3000000003
2026-07-20 14:49:36.936289112+05:30,427.9500000000001,430.05,425.7000000000001,427.5,6050.0,3129.0,154,2590635.6000000006
2026-07-20 15:02:17.337049417+05:30,427.4,427.8,422.4500000000001,423.1,6109.0,2847.0,138,2596177.9499999993
2026-07-20 15:12:33.826690015+05:30,422.85,425.05,422.25,423.9,6132.0,3688.0,142,2597194.35
2026-07-20 15:21:14.597684368+05:30,423.3,424.05,417.4500000000001,421.2000000000001,6165.0,3095.0,162,2591558.5999999996
2026-07-20 15:27:14.414183316+05:30,421.6,423.9,416.1,417.85,6243.0,2623.0,172,2620033.4499999997
2026-07-20 15:29:07.681397497+05:30,417.7000000000001,420.05,417.3,418.65,6681.0,2542.0,108,2796641.4499999993
2026-07-20 15:29:59.701521240+05:30,419.25,420.4500000000001,414.2000000000001,420.4500000000001,6222.0,2974.0,142,2592317.2500000005
2026-07-21 09:15:03.439414566+05:30,420.85,422.9500000000001,417.9500000000001,417.9500000000001,6154.0,3106.0,121,2592001.15
2026-07-21 09:15:20.156119373+05:30,418.15,421.4,417.9500000000001,420.15,6199.0,2694.0,130,2600547.1500000004
2026-07-21 09:16:08.091347533+05:30,420.15,421.4500000000001,415.55,416.4,6216.0,3555.0,159,2603065.4999999995
2026-07-21 09:17:20.200085872+05:30,415.75,417.4,414.3,415.1,6226.0,3356.0,132,2590659.0
2026-07-21 09:18:49.166700610+05:30,415.5,419.7000000000001,414.7000000000001,418.9,6209.0,3041.0,158,2592304.1999999993
2026-07-21 09:20:10.211591558+05:30,418.9,420.15,414.3,415.6,6237.0,2119.0,102,2598390.1
2026-07-21 09:22:32.483278637+05:30,415.7000000000001,415.7000000000001,407.15,407.25,6350.0,2830.0,159,2614946.049999999
2026-07-21 09:25:25.221192385+05:30,407.1,411.05,404.6,410.85,6405.0,4098.0,126,2615305.7
2026-07-21 09:28:50.247957077+05:30,410.9,410.9,405.8,405.8,6348.0,2252.0,149,2594559.6
2026-07-21 09:32:52.451382947+05:30,405.9500000000001,410.5,404.3,410.5,6377.0,3316.0,161,2595308.699999999
2026-07-21 09:37:13.469470257+05:30,409.85,413.65,408.1,409.9,6313.0,3741.0,138,2595310.9999999995
2026-07-21 09:42:25.065491018+05:30,409.65,410.6,405.1,405.1,6392.0,1982.0,145,2613181.25
2026-07-21 09:47:18.670109019+05:30,404.8,407.5,404.1,406.65,6487.0,3113.0,122,2629893.7
2026-07-21 09:52:53.034857171+05:30,406.7000000000001,408.2000000000001,404.9,405.8,6607.0,2707.0,148,2684124.8000000007
2026-07-21 10:00:45.520163752+05:30,406.3,410.4,405.65,409.75,6351.0,3545.0,167,2591104.15
2026-07-21 10:06:29.270368776+05:30,409.9500000000001,411.0,404.6,405.3,6423.0,2596.0,135,2617287.55
2026-07-21 10:13:32.638862218+05:30,404.9500000000001,406.4500000000001,402.15,402.65,6554.0,3294.0,145,2648379.4499999993
2026-07-21 10:21:20.174325356+05:30,402.85,407.0,401.3,406.1,6434.0,3317.0,146,2603495.4500000007
2026-07-21 10:29:14.755400146+05:30,405.9500000000001,408.35,405.65,406.9,6443.0,2796.0,141,2621380.900000001
2026-07-21 10:38:19.779123522+05:30,406.65,407.2000000000001,403.4,403.9500000000001,6419.0,3400.0,147,2597728.9
2026-07-21 10:47:36.276738338+05:30,403.9500000000001,403.9500000000001,398.05,398.05,6464.0,2501.0,147,2594959.0999999987
2026-07-21 10:56:29.192762318+05:30,398.15,399.05,393.5,399.05,6660.0,4191.0,144,2644304.1499999994
2026-07-21 11:04:32.503753770+05:30,399.3,400.9500000000001,397.55,398.4500000000001,6571.0,2935.0,130,2620482.7999999993
2026-07-21 11:15:27.745787516+05:30,398.4500000000001,401.5,395.3,401.4,7023.0,3418.0,155,2797302.049999999
2026-07-21 11:25:15.669112059+05:30,401.35,405.9,400.6,403.1,6475.0,3547.0,149,2609019.9
2026-07-21 11:33:13.118703166+05:30,403.0,407.65,401.8,406.7000000000001,6473.0,2402.0,136,2621184.0
2026-07-21 11:45:41.552959152+05:30,406.1,407.7000000000001,403.0,403.15,6463.0,3443.0,173,2623926.449999999
2026-07-21 11:55:58.452208828+05:30,403.15,404.0,400.35,402.05,6538.0,2623.0,138,2630794.6999999993
2026-07-21 12:06:47.629383490+05:30,401.8,405.8,400.9500000000001,405.0,6448.0,3204.0,151,2598419.9500000007
2026-07-21 12:14:33.230429390+05:30,405.05,407.1,403.75,406.5,6540.0,4468.0,125,2651153.8000000003
2026-07-21 12:23:54.233459704+05:30,406.6,406.9,402.0,402.6,6454.0,2690.0,133,2604786.75
2026-07-21 12:36:06.738880122+05:30,403.1,403.15,400.0,402.3,6508.0,2948.0,184,2615434.2500000005
2026-07-21 12:45:37.070725695+05:30,401.9,406.25,401.05,406.25,6440.0,3284.0,147,2595098.6000000015
2026-07-21 12:57:13.706649671+05:30,405.85,410.75,405.85,408.75,6353.0,4006.0,155,2594925.1999999997
2026-07-21 13:08:24.135339270+05:30,408.65,415.0,408.65,414.8,6343.0,3250.0,171,2614781.0500000003
2026-07-21 13:16:56.509501369+05:30,415.05,422.4,414.0,421.05,6233.0,3696.0,131,2602812.5999999987
2026-07-21 13:28:04.996970468+05:30,421.6,425.2000000000001,418.35,423.9,6214.0,3548.0,156,2619183.849999999
2026-07-21 13:37:27.334480481+05:30,424.1,427.75,424.1,427.4,6095.0,3201.0,153,2594746.6999999997
2026-07-21 13:46:24.456201929+05:30,426.55,427.4500000000001,423.3,423.85,6144.0,3320.0,136,2616195.5500000007
2026-07-21 13:53:14.904401465+05:30,424.25,425.85,421.75,423.05,6123.0,2701.0,132,2591270.8000000003
2026-07-21 13:59:03.407785611+05:30,423.15,426.7000000000001,421.5,423.2000000000001,6272.0,3265.0,105,2659527.5500000007
2026-07-21 14:07:29.060953973+05:30,423.1,428.0,421.35,428.0,6139.0,3474.0,151,2601369.05
2026-07-21 14:16:01.296337232+05:30,428.25,433.7000000000001,428.25,431.75,6017.0,2563.0,149,2591379.75
2026-07-21 14:23:55.690443247+05:30,431.7000000000001,432.05,423.9500000000001,424.35,6107.0,2313.0,146,2614983.4499999993
2026-07-21 14:31:23.365598519+05:30,424.8,425.1,420.6,423.65,6122.0,3310.0,144,2592174.100000001
2026-07-21 14:38:11.562908561+05:30,423.8,425.8,422.3,424.7000000000001,6114.0,2674.0,130,2591206.7000000007
2026-07-21 14:44:45.681420815+05:30,424.6,433.55,424.6,430.5,6163.0,4208.0,135,2650033.1500000004
2026-07-21 14:49:52.079080354+05:30,430.6,434.4,429.9500000000001,432.9500000000001,6098.0,3154.0,129,2634214.9499999997
2026-07-21 14:55:28.730342636+05:30,432.85,434.5,430.6,432.2000000000001,5998.0,3308.0,133,2592695.550000001
2026-07-21 15:01:41.688702485+05:30,432.15,439.15,431.05,438.1,5961.0,3083.0,132,2595905.65
2026-07-21 15:05:26.879391786+05:30,438.15,440.15,435.55,440.15,6219.0,3723.0,126,2721953.200000001
2026-07-21 15:10:27.909713847+05:30,440.4,441.35,436.1,438.7000000000001,5910.0,3228.0,151,2594697.000000001
2026-07-21 15:13:48.016827727+05:30,438.65,445.4,438.65,443.85,5868.0,2973.0,123,2591996.4499999997
2026-07-21 15:16:35.900629082+05:30,444.15,445.2000000000001,440.85,442.2000000000001,5865.0,2780.0,112,2600688.6
2026-07-21 15:19:52.946360822+05:30,442.5,444.35,436.15,438.1,5896.0,2322.0,141,2592597.4499999983
2026-07-21 15:22:30.895534664+05:30,438.0,439.3,434.4500000000001,436.0,6244.0,3091.0,136,2725497.4000000004
2026-07-21 15:24:36.932684073+05:30,435.4,440.8,435.35,438.85,5944.0,2808.0,126,2603036.550000001
2026-07-21 15:25:58.376324740+05:30,438.65,439.0,434.7000000000001,434.7000000000001,5957.0,3036.0,104,2601416.1500000004
2026-07-21 15:27:50.391954427+05:30,434.9,437.2000000000001,433.1,436.9,5954.0,2828.0,161,2594032.5500000007
2026-07-21 15:28:52.040134368+05:30,436.4500000000001,441.25,434.35,441.05,6134.0,3695.0,124,2681467.450000001
2026-07-21 15:29:33.247725168+05:30,441.15,443.1,438.2000000000001,438.9500000000001,5934.0,2820.0,138,2613398.05
2026-07-21 15:29:53.416001155+05:30,438.9,440.1,437.1,439.75,5945.0,3117.0,121,2608390.3000000003
2026-07-22 09:15:00.019927374+05:30,440.0,446.15,439.1,444.15,5871.0,2823.0,142,2598202.099999999
2026-07-22 09:15:17.453646398+05:30,443.75,446.2000000000001,441.35,441.4,5916.0,2784.0,148,2627133.2
2026-07-22 09:15:53.352488315+05:30,441.1,441.15,437.4500000000001,437.75,5916.0,2067.0,115,2600326.3500000006
2026-07-22 09:17:14.048271444+05:30,437.85,445.0,437.85,443.75,5921.0,2499.0,128,2617254.6499999994
2026-07-22 09:19:27.040483954+05:30,444.05,444.2000000000001,439.05,443.1,5915.0,3384.0,141,2608466.9499999997
2026-07-22 09:21:28.154501385+05:30,443.4,444.4,432.65,433.05,5926.0,1706.0,120,2594324.3000000007
2026-07-22 09:24:46.984116409+05:30,433.05,436.35,431.9,432.7000000000001,5988.0,2852.0,123,2598570.4000000004
2026-07-22 09:27:58.611435908+05:30,432.8,438.5,432.15,437.65,5946.0,2295.0,120,2591119.6500000004
2026-07-22 09:33:11.079145702+05:30,437.9,443.9500000000001,437.9,442.5,5889.0,2732.0,131,2595161.1999999997
2026-07-22 09:38:56.929621651+05:30,442.25,447.85,440.15,446.6,5843.0,3538.0,135,2599253.350000001
2026-07-22 09:43:44.375033519+05:30,446.6,450.65,445.65,450.65,6065.0,3106.0,97,2720343.550000001
2026-07-22 09:50:24.704742484+05:30,450.05,452.15,449.05,449.8,5800.0,3062.0,131,2611265.150000001
2026-07-22 09:56:38.654719781+05:30,449.5,451.1,448.0,451.1,5788.0,2919.0,125,2602191.4500000007
2026-07-22 10:03:20.663611581+05:30,451.2000000000001,455.55,449.05,451.4,5853.0,2922.0,123,2644446.4499999997
2026-07-22 10:12:17.180030632+05:30,451.6,454.85,449.4,454.1,5777.0,2705.0,117,2610987.95
2026-07-22 10:24:05.925931903+05:30,453.85,458.65,452.4,457.85,5818.0,3375.0,140,2652608.4499999997
2026-07-22 10:36:25.471082211+05:30,457.55,467.1,457.4,466.55,5735.0,3354.0,141,2657314.25
2026-07-22 10:46:25.887383935+05:30,466.6,468.75,466.5,467.9500000000001,5696.0,2057.0,117,2661832.500000001
2026-07-22 10:58:04.356100996+05:30,468.2000000000001,472.75,467.8,469.9,5625.0,3143.0,131,2644322.2499999995
2026-07-22 11:09:31.498112621+05:30,469.15,471.15,462.4500000000001,462.65,5549.0,2609.0,140,2594882.1000000006
2026-07-22 11:19:14.880227630+05:30,462.8,465.4,462.4500000000001,463.15,5612.0,2751.0,99,2604507.5000000005
2026-07-22 11:31:34.591787399+05:30,463.6,468.2000000000001,462.15,466.5,5609.0,3184.0,147,2605695.6999999993
2026-07-22 11:47:08.331182636+05:30,466.5,467.9,464.2000000000001,464.2000000000001,5589.0,2826.0,150,2603312.8000000007
2026-07-22 11:56:25.082287245+05:30,464.65,467.4500000000001,463.9500000000001,466.05,5616.0,2798.0,96,2613272.4499999993
2026-07-22 12:09:15.437588635+05:30,465.15,468.5,463.4,465.55,5638.0,2114.0,144,2626340.5499999993
2026-07-22 12:19:35.668317726+05:30,465.2000000000001,468.2000000000001,464.05,464.55,5583.0,2669.0,104,2601523.65
2026-07-22 12:30:25.888382634+05:30,464.7000000000001,465.35,460.25,461.2000000000001,5614.0,2651.0,132,2598062.5500000003
2026-07-22 12:45:40.483648345+05:30,461.0,463.5,457.7000000000001,459.75,5822.0,2465.0,152,2679015.1000000006
2026-07-22 12:57:16.234475201+05:30,459.9,462.2000000000001,456.65,456.9500000000001,5954.0,2501.0,123,2737021.0499999993
2026-07-22 13:07:21.850508372+05:30,457.05,460.3,455.4500000000001,459.85,5672.0,3845.0,115,2597348.349999999
2026-07-22 13:18:47.898061112+05:30,459.65,462.9,456.55,456.75,5811.0,2966.0,113,2670972.3499999996
2026-07-22 13:28:57.130742226+05:30,456.0,456.4,448.9500000000001,448.9500000000001,5730.0,2406.0,130,2596565.400000002
2026-07-22 13:41:42.314497640+05:30,448.9500000000001,450.8,444.8,445.0,5795.0,3115.0,145,2594333.7500000005
2026-07-22 13:52:52.295342363+05:30,444.75,449.15,443.0,449.15,5835.0,4249.0,145,2598395.800000001
2026-07-22 14:03:00.430991892+05:30,448.85,448.85,444.35,447.4500000000001,5887.0,2399.0,122,2631876.55
2026-07-22 14:14:52.096697832+05:30,447.35,450.1,445.6,446.3,5803.0,2383.0,154,2601429.85
2026-07-22 14:24:06.220127483+05:30,446.0,447.35,443.7000000000001,444.4500000000001,5824.0,3014.0,136,2595540.0500000003
2026-07-22 14:31:33.073817310+05:30,444.2000000000001,446.6,442.55,444.1,5868.0,2971.0,122,2608369.4
2026-07-22 14:38:25.341788973+05:30,444.1,444.65,439.4,444.55,6124.0,2352.0,108,2708690.9500000007
2026-07-22 14:48:25.984758505+05:30,444.85,447.3,442.15,445.25,5861.0,2502.0,142,2606977.650000001
2026-07-22 14:56:24.426657404+05:30,445.0,445.15,438.4500000000001,438.4500000000001,5921.0,2366.0,144,2615185.8000000003
2026-07-22 15:02:55.474310659+05:30,438.4500000000001,444.0,437.9,442.9,5905.0,2752.0,137,2605101.25
2026-07-22 15:09:11.159633647+05:30,443.0,443.0,438.1,439.4500000000001,5938.0,2637.0,124,2613312.15
2026-07-22 15:15:31.545802702+05:30,439.5,440.4,432.4,438.9,5944.0,2884.0,176,2594126.5500000003
2026-07-22 15:19:32.868983363+05:30,439.4,444.55,439.4,443.6,5870.0,3328.0,124,2596912.0500000007
2026-07-22 15:22:25.405405132+05:30,443.1,444.1,440.05,441.5,5953.0,2780.0,121,2632447.3499999996
2026-07-22 15:24:20.389462763+05:30,441.1,443.55,440.25,441.9,5893.0,3224.0,90,2605766.85
2026-07-22 15:26:46.680918656+05:30,441.35,442.5,437.3,441.9500000000001,6092.0,3192.0,125,2682417.049999999
2026-07-22 15:28:39.393716505+05:30,441.9500000000001,443.05,437.75,440.15,5915.0,2837.0,163,2598949.7000000007
2026-07-22 15:29:37.966721954+05:30,440.75,442.9500000000001,437.3,438.15,5898.0,2870.0,150,2600649.5
2026-07-22 15:29:59.706232436+05:30,438.25,439.1,434.9500000000001,438.25,5938.0,3231.0,149,2592720.95
2026-07-23 09:15:06.450942155+05:30,438.4,445.2000000000001,437.75,443.9,5881.0,3318.0,134,2597346.95
2026-07-23 09:15:36.261714667+05:30,443.9,447.05,441.25,442.0,5860.0,2966.0,128,2601201.5500000007
2026-07-23 09:16:33.502308061+05:30,442.0,448.05,441.75,446.9,5823.0,3155.0,114,2595393.1
2026-07-23 09:17:41.226702639+05:30,446.15,447.3,443.5,445.35,5906.0,2667.0,100,2629932.8000000003
2026-07-23 09:19:25.068733632+05:30,445.7000000000001,448.05,444.85,446.2000000000001,5820.0,2888.0,120,2597120.7000000007
2026-07-23 09:21:19.729420333+05:30,445.9500000000001,451.05,445.0,447.4,5820.0,3368.0,127,2610619.5999999996
2026-07-23 09:24:13.037659291+05:30,447.2000000000001,447.75,442.9,444.35,5823.0,2938.0,123,2592237.55
2026-07-23 09:28:12.797384884+05:30,444.35,447.9,442.75,446.1,5908.0,2610.0,151,2632577.1000000006
2026-07-23 09:32:31.192975783+05:30,445.55,446.4500000000001,442.65,444.0,6099.0,2325.0,138,2713805.3
2026-07-23 09:37:10.364487564+05:30,444.1,446.5,442.0,444.4,5843.0,2667.0,116,2592210.850000001
2026-07-23 09:41:31.779893212+05:30,444.6,446.75,443.9500000000001,445.3,5814.0,2877.0,113,2590740.3000000003
2026-07-23 09:48:34.105197465+05:30,445.35,451.35,445.1,450.9,5808.0,3622.0,140,2601878.7499999986
2026-07-23 09:56:18.661176135+05:30,450.7000000000001,450.7000000000001,446.65,449.05,5773.0,2948.0,135,2591907.4499999993
2026-07-23 10:02:09.877500469+05:30,449.2000000000001,449.65,445.6,449.35,5832.0,2455.0,108,2608334.9499999993
2026-07-23 10:10:39.097960964+05:30,449.55,451.05,447.9,449.25,5842.0,2661.0,148,2625423.25
2026-07-23 10:21:45.175248023+05:30,449.35,449.55,444.4500000000001,446.4,5826.0,2965.0,142,2601562.55
2026-07-23 10:32:16.464528814+05:30,446.65,446.7000000000001,441.0,442.8,5861.0,2595.0,155,2604991.8999999994
2026-07-23 10:41:55.531197884+05:30,442.5,443.3,440.2000000000001,441.55,5875.0,3205.0,144,2594724.8000000007
2026-07-23 10:51:20.393227888+05:30,442.05,442.8,437.4,438.9,6000.0,2867.0,125,2642169.6999999993
2026-07-23 11:01:40.606394640+05:30,439.0,446.4,439.0,440.85,5870.0,2322.0,134,2605515.5500000017
2026-07-23 11:12:22.294971585+05:30,440.75,443.7000000000001,438.7000000000001,443.7000000000001,5892.0,3350.0,137,2594743.9
2026-07-23 11:24:04.586144527+05:30,443.55,445.75,441.0,445.75,6040.0,2818.0,147,2677782.650000001
2026-07-23 11:35:45.289454789+05:30,445.6,445.6,435.65,437.6,5966.0,2447.0,126,2631455.300000001
2026-07-23 11:48:37.306948892+05:30,437.65,443.9,437.4500000000001,443.3,6026.0,3245.0,143,2652346.0499999993
2026-07-23 11:57:43.003725411+05:30,442.9,444.1,438.6,443.05,5866.0,3463.0,132,2591440.3000000003
2026-07-23 12:09:03.833264668+05:30,443.1,449.0,441.8,448.55,5822.0,2658.0,128,2595311.399999999
2026-07-23 12:20:14.122307525+05:30,449.0,451.8,447.5,451.35,5853.0,2638.0,124,2631601.6999999997
2026-07-23 12:34:07.222785362+05:30,451.55,452.5,446.55,448.0,5776.0,2884.0,141,2596787.55
2026-07-23 12:45:19.326389245+05:30,448.1,449.4500000000001,444.7000000000001,446.9500000000001,5953.0,3144.0,137,2662158.3000000017
2026-07-23 12:56:46.252958154+05:30,447.05,447.05,437.2000000000001,438.7000000000001,6058.0,2812.0,134,2667204.0999999996
2026-07-23 13:10:02.850604981+05:30,439.1,440.35,436.9,439.3,6151.0,3361.0,148,2700059.8500000006
2026-07-23 13:23:12.049736004+05:30,439.25,441.5,436.7000000000001,436.9,5972.0,2664.0,147,2619935.5000000014
2026-07-23 13:34:39.853733082+05:30,437.0,438.4500000000001,434.15,435.55,5986.0,3329.0,124,2607034.5500000007
2026-07-23 13:43:50.105942231+05:30,435.6,439.3,435.2000000000001,436.1,5942.0,3139.0,115,2598629.5500000007
2026-07-23 13:56:58.523126992+05:30,435.9500000000001,435.9500000000001,430.2000000000001,430.85,6011.0,2799.0,145,2599082.85
2026-07-23 14:07:21.013547603+05:30,430.9,430.9,424.85,427.35,6089.0,3401.0,158,2601575.2
2026-07-23 14:16:40.747018209+05:30,427.4500000000001,430.1,422.9500000000001,430.1,6087.0,2881.0,127,2600228.4499999997
2026-07-23 14:25:33.519782156+05:30,430.0,432.65,427.9500000000001,428.8,6094.0,2205.0,135,2617906.8000000003
2026-07-23 14:34:06.358756141+05:30,429.05,429.5,420.05,420.05,6145.0,2383.0,150,2602006.8499999996
2026-07-23 14:42:52.169900522+05:30,420.0,421.2000000000001,417.4500000000001,418.85,6186.0,3903.0,133,2592836.9999999986
2026-07-23 14:50:07.869714060+05:30,418.65,419.6,413.55,416.5,6225.0,2599.0,142,2591819.05
2026-07-23 14:56:45.256783874+05:30,416.35,416.5,408.9,410.8,6324.0,3452.0,133,2607707.0
2026-07-23 15:04:38.024338118+05:30,411.05,413.65,408.4,412.9500000000001,6297.0,3295.0,167,2592104.05
2026-07-23 15:10:13.232353412+05:30,412.9500000000001,415.15,409.65,412.4500000000001,6293.0,3694.0,138,2594071.15
2026-07-23 15:14:24.330861975+05:30,412.25,416.5,411.7000000000001,412.9500000000001,6271.0,2898.0,135,2597062.3
2026-07-23 15:18:47.293594314+05:30,412.9500000000001,413.0,404.1,405.25,6361.0,2475.0,134,2600435.1000000006
2026-07-23 15:22:00.036565358+05:30,405.25,412.65,404.1,412.65,6377.0,3397.0,129,2603539.1
2026-07-23 15:24:27.543163068+05:30,412.4500000000001,413.65,408.35,412.5,6366.0,4470.0,127,2617718.3999999994
2026-07-23 15:26:37.575911103+05:30,412.3,416.4,411.35,411.6,6293.0,3387.0,123,2607421.0499999993
2026-07-23 15:28:08.809528542+05:30,412.0,414.5,410.8,411.9500000000001,6333.0,2871.0,122,2613093.45
2026-07-23 15:29:31.084637522+05:30,411.9,414.05,408.35,413.1,6451.0,2922.0,166,2649703.4999999995
2026-07-23 15:29:57.076476188+05:30,413.05,413.9500000000001,409.85,412.65,6303.0,2513.0,138,2597376.200000001
2026-07-24 09:15:01.293721206+05:30,412.5,417.0,412.15,415.4,6322.0,3551.0,117,2616736.449999999
2026-07-24 09:15:14.434820951+05:30,415.35,418.65,413.4500000000001,418.65,6239.0,2826.0,122,2592011.250000001
2026-07-24 09:15:53.857152714+05:30,418.4500000000001,419.15,416.55,419.15,6206.0,2959.0,153,2594355.8000000007
2026-07-24 09:17:22.565316935+05:30,419.65,428.0,419.65,428.0,6131.0,3451.0,168,2590850.499999999
2026-07-24 09:19:03.193632961+05:30,427.9500000000001,430.0,426.6,429.3,6066.0,3586.0,124,2600054.4999999995
2026-07-24 09:21:22.524303733+05:30,429.25,430.15,426.6,429.4,6054.0,2376.0,147,2593645.2500000005
2026-07-24 09:24:26.615685016+05:30,429.35,435.9500000000001,428.85,434.8,6056.0,3238.0,147,2618831.800000001
2026-07-24 09:27:29.304638546+05:30,434.7000000000001,435.85,432.4500000000001,433.25,5982.0,3202.0,114,2595969.7499999995
2026-07-24 09:32:28.719244965+05:30,433.4500000000001,434.25,428.5,428.5,6040.0,3516.0,150,2605137.5500000007
2026-07-24 09:37:42.511742511+05:30,428.5,430.05,425.2000000000001,425.6,6076.0,3543.0,144,2600127.0500000007
2026-07-24 09:42:55.187315273+05:30,425.35,425.6,421.8,423.15,6115.0,2249.0,117,2593765.199999999
2026-07-24 09:49:22.014070611+05:30,423.25,427.3,422.55,425.7000000000001,6227.0,3484.0,133,2649060.8499999996
2026-07-24 09:56:35.538299692+05:30,425.9,427.4500000000001,423.4500000000001,423.4500000000001,6208.0,2486.0,153,2637827.1999999997
2026-07-24 10:03:49.130924956+05:30,423.85,426.55,423.2000000000001,424.5,6168.0,2595.0,122,2619844.2
2026-07-24 10:10:51.124756817+05:30,424.6,426.85,421.8,421.8,6126.0,2941.0,136,2597268.700000001
2026-07-24 10:18:33.987503396+05:30,421.75,426.15,421.1,425.4500000000001,6274.0,3122.0,134,2661194.749999999
2026-07-24 10:28:34.457624894+05:30,425.2000000000001,425.2000000000001,419.5,420.35,6150.0,2589.0,149,2593218.9499999997
2026-07-24 10:37:10.025173068+05:30,420.05,420.15,417.4,419.05,6202.0,2286.0,128,2598345.3499999987
2026-07-24 10:45:37.444612512+05:30,418.9500000000001,418.9500000000001,414.35,414.6,6405.0,2240.0,144,2662926.9000000004
2026-07-24 10:56:54.135429251+05:30,414.3,419.4,413.0,418.85,6296.0,3398.0,145,2621638.600000001
2026-07-24 11:08:44.436178840+05:30,419.75,421.8,416.4500000000001,419.4500000000001,6471.0,3731.0,145,2711309.1
2026-07-24 11:20:46.803595679+05:30,419.4,425.1,418.25,424.05,6154.0,3379.0,168,2596156.2500000005
2026-07-24 11:32:37.369363142+05:30,423.9500000000001,426.1,420.0,425.9500000000001,6162.0,2766.0,161,2603322.500000001
2026-07-24 11:42:57.599199583+05:30,425.4500000000001,425.65,419.3,419.75,6141.0,3297.0,136,2596162.1000000006
2026-07-24 11:51:51.486477175+05:30,419.4500000000001,422.8,418.65,421.05,6179.0,3011.0,118,2601568.3500000006
2026-07-24 12:05:09.360465033+05:30,420.4,424.65,420.25,420.75,6351.0,3031.0,147,2679608.0000000005
2026-07-24 12:14:00.587469259+05:30,420.65,421.0,416.8,419.1,6197.0,1932.0,107,2600347.5499999993
2026-07-24 12:21:15.242845566+05:30,419.5,420.15,417.65,418.55,6203.0,3248.0,77,2599174.6
2026-07-24 12:32:25.943568621+05:30,419.1,419.55,413.8,413.8,6233.0,2326.0,136,2598120.5999999996
2026-07-24 12:45:19.709234329+05:30,413.9,414.25,408.9500000000001,411.85,6329.0,2537.0,160,2600086.4000000004
2026-07-24 12:59:07.688164987+05:30,411.55,412.55,409.25,410.05,6304.0,3195.0,161,2590907.05
2026-07-24 13:10:52.926739959+05:30,410.15,411.3,405.8,406.7000000000001,6389.0,3191.0,130,2606594.050000002
2026-07-24 13:19:18.597275982+05:30,406.75,408.2000000000001,404.9,408.1,6382.0,4017.0,109,2594519.4499999997
2026-07-24 13:28:36.440119462+05:30,407.9,409.35,404.8,404.8,6454.0,2925.0,136,2631595.400000001
2026-07-24 13:39:54.499285817+05:30,404.85,404.85,399.0,399.3,6480.0,2772.0,131,2598193.5499999993
2026-07-24 13:51:29.694720722+05:30,399.05,407.85,397.35,407.4500000000001,6448.0,3865.0,152,2592816.549999999
2026-07-24 14:03:40.712084741+05:30,407.15,408.35,403.05,407.0,6413.0,3409.0,165,2600934.7499999995
2026-07-24 14:13:32.093904256+05:30,407.5,410.9,407.5,409.9500000000001,6342.0,3475.0,135,2595944.5999999996
2026-07-24 14:23:22.630857705+05:30,409.9,409.9,405.9500000000001,407.55,6371.0,3088.0,157,2598817.6000000015
2026-07-24 14:32:40.389244264+05:30,407.8,410.85,406.9500000000001,410.25,6340.0,3555.0,156,2592218.299999999
2026-07-24 14:40:17.147678455+05:30,410.25,415.6,409.25,413.0,6311.0,2495.0,140,2604398.2500000005
2026-07-24 14:46:08.913126414+05:30,412.4500000000001,413.1,409.7000000000001,410.1,6320.0,2502.0,112,2597167.000000001
2026-07-24 14:51:51.878967484+05:30,409.75,410.6,407.4,408.75,6358.0,2720.0,116,2600756.500000001
2026-07-24 14:57:09.825939347+05:30,408.6,411.7000000000001,406.7000000000001,407.0,6347.0,3930.0,117,2594529.6999999997
2026-07-24 15:02:10.653702823+05:30,407.1,407.1,403.05,406.2000000000001,6444.0,4005.0,128,2610035.3999999994
2026-07-24 15:07:30.014282865+05:30,406.35,407.25,401.4,403.3,6435.0,3212.0,142,2598066.899999999
2026-07-24 15:13:06.621941865+05:30,403.4,408.6,402.15,407.75,6448.0,3219.0,147,2610517.650000001
2026-07-24 15:16:46.698363510+05:30,407.7000000000001,408.85,401.65,403.25,6387.0,3389.0,140,2591236.5
2026-07-24 15:20:18.770157858+05:30,403.55,407.15,402.85,402.9,6422.0,3620.0,134,2602720.1999999997
2026-07-24 15:23:25.901873330+05:30,402.85,405.9,402.75,403.5,6459.0,2997.0,149,2611269.9500000007
2026-07-24 15:25:25.884021375+05:30,403.85,405.85,402.8,404.15,6493.0,3008.0,101,2625220.6000000006
2026-07-24 15:27:34.979954840+05:30,404.15,404.4,400.55,402.7000000000001,6472.0,3099.0,160,2605336.9500000007
2026-07-24 15:28:38.953421773+05:30,402.65,403.9,398.9500000000001,398.9500000000001,6541.0,3319.0,134,2625457.1499999994
2026-07-24 15:29:41.947414853+05:30,398.9,402.3,398.05,399.25,6484.0,2751.0,156,2594999.1500000013
2026-07-24 15:29:59.693062371+05:30,399.55,402.85,397.75,398.85,6546.0,2369.0,156,2623331.9999999995
2026-07-27 09:15:06.725522727+05:30,398.9,398.9,394.9500000000001,395.85,6577.0,3244.0,154,2607924.3499999987
2026-07-27 09:15:31.545865135+05:30,395.9500000000001,396.9500000000001,393.35,395.4500000000001,6566.0,3475.0,149,2594900.85
2026-07-27 09:16:26.100930405+05:30,395.4,396.2000000000001,391.4500000000001,392.3,6628.0,3585.0,154,2608205.1000000006
2026-07-27 09:17:56.000805945+05:30,392.25,395.55,391.5,392.4500000000001,6610.0,3668.0,151,2598132.6500000013
2026-07-27 09:19:57.425368504+05:30,393.25,393.85,389.3,392.0,6630.0,3651.0,148,2597284.1500000022
2026-07-27 09:22:00.824903224+05:30,392.0,393.35,387.55,389.35,6789.0,3580.0,127,2656270.2
2026-07-27 09:25:00.655713337+05:30,389.2000000000001,390.4500000000001,386.25,387.3,6945.0,3938.0,146,2693233.4499999997
2026-07-27 09:28:01.693079206+05:30,387.1,394.3,387.05,393.85,6701.0,3975.0,138,2615981.1499999985
2026-07-27 09:31:36.937420996+05:30,393.8,396.6,392.6,395.25,6581.0,3198.0,138,2596200.5000000014
2026-07-27 09:36:21.974359370+05:30,394.85,396.25,392.5,395.8,6586.0,3708.0,134,2596894.2
2026-07-27 09:41:27.825199607+05:30,395.85,397.1,393.9500000000001,395.55,6607.0,3980.0,124,2613797.7000000007
2026-07-27 09:49:12.748614466+05:30,395.6,395.6,390.4500000000001,390.55,6815.0,3038.0,163,2679750.2
2026-07-27 09:57:00.919183203+05:30,390.4,395.85,390.05,393.65,6600.0,3605.0,180,2599036.8000000003
2026-07-27 10:04:25.746607831+05:30,393.65,397.6,391.65,396.65,6625.0,3116.0,138,2613362.750000002
2026-07-27 10:11:17.070844777+05:30,397.05,397.25,392.8,394.35,7270.0,3070.0,133,2867631.949999999
2026-07-27 10:18:15.580093875+05:30,394.4,394.6,390.0,393.0,6646.0,4071.0,120,2606260.85
2026-07-27 10:25:57.811424334+05:30,393.65,398.2000000000001,393.15,398.1,7017.0,3343.0,146,2779421.55
2026-07-27 10:35:06.875500141+05:30,398.4,399.25,394.8,397.65,6635.0,3838.0,156,2633086.4999999995
2026-07-27 10:45:30.352029712+05:30,397.9500000000001,400.75,397.8,398.6,6496.0,3058.0,159,2592688.350000002
2026-07-27 10:57:30.999670883+05:30,398.85,404.4,396.2000000000001,403.25,6520.0,3456.0,165,2612089.0999999996
2026-07-27 11:07:35.963176289+05:30,403.3,404.85,402.4500000000001,403.4,6574.0,2967.0,136,2654370.5500000003
2026-07-27 11:18:55.598901452+05:30,403.5,406.8,403.05,404.05,6561.0,3384.0,135,2659322.9000000004
2026-07-27 11:28:12.043320340+05:30,403.8,406.8,403.35,406.6,6395.0,4143.0,124,2591683.6
2026-07-27 11:37:19.394309934+05:30,406.3,408.3,403.55,407.8,6506.0,3942.0,111,2640455.45
2026-07-27 11:51:11.169405796+05:30,408.0,408.75,406.2000000000001,407.4,6431.0,3835.0,163,2619230.6
2026-07-27 12:01:52.287314064+05:30,407.2000000000001,414.65,407.2000000000001,412.1,6295.0,3357.0,140,2594131.6500000004
2026-07-27 12:11:06.494029525+05:30,412.0,416.9,409.1,416.6,6286.0,3357.0,119,2590910.150000001
2026-07-27 12:22:05.483583913+05:30,417.1,418.85,415.35,416.55,6287.0,2934.0,138,2619585.5500000007
2026-07-27 12:30:45.822107752+05:30,416.5,422.1,416.4,419.1,6222.0,2774.0,133,2606020.0999999996
2026-07-27 12:41:21.987075021+05:30,418.9,418.9,413.15,413.2000000000001,6238.0,2530.0,128,2598752.3500000006
2026-07-27 12:49:19.178669042+05:30,413.2000000000001,418.0,412.4,418.0,6271.0,2917.0,118,2606811.5500000007
2026-07-27 13:03:02.882686169+05:30,418.15,420.9,415.75,417.35,6208.0,2396.0,155,2601098.700000001
2026-07-27 13:14:15.260548740+05:30,417.5,422.3,416.35,422.3,6190.0,3454.0,135,2594727.4000000004
2026-07-27 13:28:34.616748798+05:30,422.7000000000001,424.35,416.6,417.55,6351.0,2497.0,147,2667061.1000000015
2026-07-27 13:37:00.788296727+05:30,417.75,422.9500000000001,417.75,422.7000000000001,6255.0,3642.0,129,2625382.100000002
2026-07-27 13:47:15.055529615+05:30,422.75,422.75,417.2000000000001,418.0,6160.0,2993.0,132,2591341.099999998
2026-07-27 13:56:57.255442855+05:30,418.1,422.9500000000001,417.7000000000001,422.5,6239.0,3416.0,131,2622999.6500000004
2026-07-27 14:06:42.279773286+05:30,422.65,427.4,422.55,426.1,6108.0,3273.0,148,2596845.5999999987
2026-07-27 14:15:33.697065705+05:30,426.15,433.4500000000001,425.9,433.4500000000001,6054.0,3243.0,148,2598761.4999999995
2026-07-27 14:23:25.258534625+05:30,433.4500000000001,433.4500000000001,427.35,433.1,6120.0,2777.0,133,2637935.05
2026-07-27 14:33:15.153383239+05:30,433.3,434.55,429.15,433.2000000000001,6012.0,2462.0,145,2594030.0999999996
2026-07-27 14:41:08.767114872+05:30,432.9,434.1,427.3,430.2000000000001,6174.0,2827.0,158,2659030.4000000004
2026-07-27 14:47:13.942162680+05:30,430.35,432.35,427.4,428.4,6073.0,2564.0,116,2612232.25
2026-07-27 14:52:56.136027793+05:30,428.3,428.65,422.15,425.9500000000001,6273.0,2893.0,119,2664345.299999999
2026-07-27 14:58:30.790432336+05:30,426.1,431.1,425.6,428.6,6066.0,2853.0,135,2601781.350000001
2026-07-27 15:03:36.438401909+05:30,428.75,437.15,428.75,435.25,6108.0,3483.0,117,2652320.8000000017
2026-07-27 15:08:49.049970012+05:30,435.15,441.15,435.15,439.05,5930.0,3325.0,139,2603636.35
2026-07-27 15:12:09.153432507+05:30,439.1,441.75,436.5,437.15,6009.0,3352.0,103,2635254.6999999993
2026-07-27 15:16:47.705813401+05:30,437.75,440.25,435.2000000000001,435.85,5930.0,3160.0,164,2595364.849999999
2026-07-27 15:20:42.112665184+05:30,435.9,436.7000000000001,428.2000000000001,428.85,6024.0,2353.0,147,2599759.9500000007
2026-07-27 15:23:59.159176767+05:30,428.3,428.9,420.3,421.3,6177.0,2610.0,158,2618237.5999999987
2026-07-27 15:26:25.909296490+05:30,421.5,422.1,415.9,419.85,6194.0,3156.0,153,2593704.4499999993
2026-07-27 15:28:04.810466404+05:30,419.65,421.4,416.7000000000001,417.4500000000001,6230.0,2173.0,129,2612291.949999997
2026-07-27 15:29:01.357270529+05:30,417.75,420.4500000000001,415.85,420.05,6200.0,4007.0,131,2595062.1000000015
2026-07-27 15:29:42.332995933+05:30,420.2000000000001,422.9500000000001,419.15,422.0,6173.0,3395.0,123,2597827.3499999987
2026-07-27 15:29:58.152799992+05:30,421.8,430.9,421.8,429.4,6074.0,3292.0,137,2601813.6000000006
2026-07-28 09:15:08.239260036+05:30,428.55,429.4500000000001,426.4500000000001,429.35,6092.0,3149.0,128,2607993.2500000005
2026-07-28 09:16:45.951995154+05:30,429.6,430.7000000000001,423.35,424.8,6102.0,3356.0,144,2613081.5000000014
2026-07-28 09:21:26.057198746+05:30,425.1,425.65,419.55,422.9,6143.0,2870.0,168,2593164.8500000006
2026-07-28 09:25:46.301530677+05:30,423.2000000000001,429.5,422.5,427.15,6108.0,3415.0,124,2601285.850000001
2026-07-28 09:31:20.722416744+05:30,426.9500000000001,431.25,426.35,428.9,6075.0,2442.0,114,2605909.2
2026-07-28 09:37:47.359537211+05:30,428.9500000000001,431.85,428.7000000000001,430.65,6116.0,4303.0,115,2632603.6999999993
2026-07-28 09:44:26.112147201+05:30,430.7000000000001,433.3,428.15,430.8,6519.0,3482.0,95,2806344.85
2026-07-28 09:54:19.302053258+05:30,430.2000000000001,433.1,429.8,432.4500000000001,6020.0,3423.0,126,2596835.750000001
2026-07-28 10:09:46.575131307+05:30,432.4500000000001,432.75,426.75,426.8,6068.0,2585.0,168,2603928.649999999
2026-07-28 10:22:42.079142474+05:30,426.8,426.8,422.25,423.85,6343.0,2767.0,126,2691288.15
2026-07-28 10:36:18.435248774+05:30,423.65,424.85,421.2000000000001,424.8,6204.0,2940.0,134,2622787.900000001
2026-07-28 10:50:44.561389760+05:30,424.85,425.75,423.35,425.4,6125.0,1965.0,93,2601092.5999999996
2026-07-28 11:13:13.369755401+05:30,425.15,431.7000000000001,424.7000000000001,429.35,6105.0,3240.0,167,2615753.599999998
2026-07-28 11:31:41.799611157+05:30,428.9,431.1,426.8,430.2000000000001,6051.0,2965.0,140,2597481.6500000004
2026-07-28 11:54:49.724999362+05:30,430.55,432.9,426.1,427.25,6026.0,2560.0,164,2591122.6999999997
2026-07-28 12:14:54.192021264+05:30,426.85,429.35,425.5,428.55,6110.0,3440.0,143,2610479.3000000007
2026-07-28 12:30:41.678214929+05:30,429.15,430.35,425.15,425.6,6199.0,2750.0,138,2650416.9000000022
2026-07-28 12:46:13.752665731+05:30,425.2000000000001,429.65,424.35,429.65,6152.0,3738.0,120,2624303.149999999
2026-07-28 13:03:42.091699578+05:30,429.65,431.6,427.65,427.65,6032.0,2916.0,130,2593642.45
2026-07-28 13:28:43.391116993+05:30,427.4500000000001,427.4500000000001,416.5,416.65,6259.0,1562.0,139,2632450.6000000015
2026-07-28 13:47:46.976939169+05:30,416.7000000000001,427.9500000000001,415.6,427.6,6259.0,3973.0,138,2634236.3499999996
2026-07-28 14:05:36.961209042+05:30,427.3,427.3,423.4500000000001,424.3,6119.0,3010.0,144,2599443.549999998
2026-07-28 14:22:21.436926652+05:30,424.85,430.35,423.75,429.2000000000001,6082.0,3508.0,147,2602255.800000002
2026-07-28 14:37:44.877723704+05:30,429.05,430.7000000000001,428.4,430.7000000000001,6081.0,3642.0,142,2613378.7499999986
2026-07-28 14:51:56.481133467+05:30,431.2000000000001,432.75,429.6,430.2000000000001,6014.0,3470.0,148,2594431.0999999996
2026-07-28 15:01:48.422803530+05:30,430.15,430.15,421.2000000000001,422.6,6298.0,2857.0,127,2675075.9499999997
2026-07-28 15:12:21.093739243+05:30,423.2000000000001,424.3,415.85,417.6,6192.0,3086.0,158,2593105.5000000005
2026-07-28 15:20:02.340119214+05:30,417.4500000000001,420.25,415.7000000000001,415.7000000000001,6203.0,3100.0,162,2591867.8499999996
2026-07-28 15:24:42.502009638+05:30,415.65,420.15,415.65,418.35,6215.0,3938.0,132,2598986.1999999997
2026-07-28 15:27:36.041590609+05:30,418.6,420.15,417.55,419.4,6192.0,2303.0,114,2591103.7500000005
2026-07-28 15:29:29.733606991+05:30,419.5,426.1,418.9,426.05,6133.0,2517.0,157,2591738.1000000006
2026-07-28 15:29:59.995871863+05:30,425.9,428.2000000000001,421.9500000000001,421.9500000000001,6123.0,2522.0,144,2602067.250000001
2026-07-29 09:15:28.989992953+05:30,422.0,427.9500000000001,421.9500000000001,423.2000000000001,6103.0,3114.0,152,2593847.3000000003
2026-07-29 09:18:14.243655461+05:30,423.15,423.3,418.4500000000001,422.2000000000001,6179.0,3452.0,161,2600944.900000001
2026-07-29 09:21:16.271656168+05:30,422.0,424.2000000000001,420.35,424.2000000000001,6131.0,3149.0,108,2591115.249999999
2026-07-29 09:26:49.231412997+05:30,424.4500000000001,424.4500000000001,420.05,423.25,6214.0,3180.0,130,2622833.2999999993
2026-07-29 09:33:14.580168740+05:30,423.35,424.75,421.4,422.6,6127.0,3243.0,141,2593149.900000001
2026-07-29 09:41:35.336626625+05:30,422.35,422.4,416.8,418.75,6186.0,3058.0,133,2595504.9000000004
2026-07-29 09:51:35.990447931+05:30,419.15,421.7000000000001,418.1,418.8,6210.0,3721.0,128,2608749.7499999995
2026-07-29 10:03:23.996947369+05:30,419.25,422.7000000000001,418.5,419.9500000000001,6184.0,3033.0,132,2599756.6999999993
2026-07-29 10:14:57.936831603+05:30,420.3,422.6,418.9,422.25,6560.0,3787.0,135,2757985.4500000025
2026-07-29 10:30:13.747198107+05:30,422.7000000000001,424.4500000000001,420.75,424.15,6187.0,2826.0,131,2613381.2
2026-07-29 10:48:50.364204796+05:30,424.6,427.9500000000001,423.05,423.9500000000001,6135.0,3036.0,159,2611980.9
2026-07-29 11:04:54.691666456+05:30,423.75,431.65,423.35,429.4500000000001,6084.0,3789.0,133,2597942.9000000013
2026-07-29 11:20:14.143202671+05:30,429.9,433.4500000000001,428.35,431.7000000000001,6084.0,2398.0,131,2619580.8999999994
2026-07-29 11:44:29.772752833+05:30,431.75,432.35,429.65,432.35,6068.0,2954.0,144,2614461.9999999995
2026-07-29 11:59:34.367324987+05:30,432.4,433.7000000000001,429.4,429.65,6008.0,3790.0,99,2591147.1000000006
2026-07-29 12:18:44.816508195+05:30,429.35,429.4500000000001,425.2000000000001,426.7000000000001,6077.0,2407.0,117,2597078.0500000003
2026-07-29 12:37:30.453353172+05:30,427.4,427.4,423.85,424.6,6115.0,2495.0,123,2604893.1
2026-07-29 12:59:02.682593609+05:30,424.7000000000001,427.4500000000001,423.25,425.1,6194.0,3212.0,156,2632960.1499999994
2026-07-29 13:16:01.838199498+05:30,425.0,427.9,420.65,427.75,6139.0,4082.0,129,2594640.050000001
2026-07-29 13:33:32.262390085+05:30,427.7000000000001,432.15,427.2000000000001,432.0,6141.0,2419.0,108,2640508.150000001
2026-07-29 13:52:03.720086409+05:30,432.0,432.5,425.6,430.85,6045.0,3155.0,158,2596051.799999999
2026-07-29 14:10:56.513447152+05:30,430.75,434.1,428.3,433.35,6036.0,2734.0,126,2601668.6999999997
2026-07-29 14:25:05.705170014+05:30,433.05,434.5,427.55,428.5,6076.0,2911.0,135,2617608.6499999994
2026-07-29 14:38:41.716842099+05:30,428.9500000000001,429.6,426.3,426.4,6077.0,2772.0,143,2601273.6500000013
2026-07-29 14:49:14.344882485+05:30,426.4500000000001,426.75,422.75,422.75,6236.0,2566.0,125,2646580.8
2026-07-29 15:00:09.679138641+05:30,423.35,427.4,423.35,427.3,6116.0,3268.0,140,2600462.9499999993
2026-07-29 15:07:45.020859007+05:30,427.4,435.35,427.15,434.9500000000001,6050.0,3950.0,109,2597849.9499999983
2026-07-29 15:14:58.761644022+05:30,435.05,435.3,431.05,431.4,5997.0,3456.0,128,2597353.2999999993
2026-07-29 15:20:43.381824154+05:30,431.85,431.85,426.4500000000001,427.65,6106.0,2094.0,131,2615593.0000000005
2026-07-29 15:25:01.606463794+05:30,427.7000000000001,429.3,424.25,428.7000000000001,6112.0,3060.0,140,2607667.500000001
2026-07-29 15:27:48.258525359+05:30,428.9,430.9500000000001,423.9500000000001,424.85,6223.0,2276.0,121,2662024.3000000007
2026-07-29 15:29:30.185707294+05:30,425.4,434.1,425.4,431.7000000000001,6046.0,3707.0,126,2599428.5500000007
2026-07-29 15:29:59.478880744+05:30,431.65,435.0,431.35,433.25,5989.0,1893.0,119,2595384.599999999
2026-07-30 09:15:07.594955807+05:30,433.35,433.35,427.4,429.5,6054.0,2983.0,135,2598481.9499999997
2026-07-30 09:15:38.827129271+05:30,429.2000000000001,433.7000000000001,429.2000000000001,430.9500000000001,6370.0,3928.0,143,2748982.15
2026-07-30 09:16:38.431892334+05:30,430.7000000000001,439.9500000000001,430.7000000000001,438.6,5948.0,4119.0,139,2596434.1000000006
2026-07-30 09:18:00.482919866+05:30,438.65,439.4500000000001,436.1,438.2000000000001,5950.0,2623.0,121,2605288.699999999
2026-07-30 09:20:18.655719731+05:30,438.3,441.5,435.1,441.15,5968.0,3164.0,145,2614344.6
2026-07-30 09:22:17.271430161+05:30,441.4500000000001,441.7000000000001,434.5,437.5,5943.0,2708.0,140,2596260.2499999995
2026-07-30 09:25:38.441305985+05:30,437.6,439.9,435.3,437.75,5940.0,2754.0,136,2598043.100000001
2026-07-30 09:27:58.530994655+05:30,438.7000000000001,440.4500000000001,438.2000000000001,439.0,5922.0,3441.0,103,2603089.6500000004
2026-07-30 09:31:41.616998374+05:30,438.55,442.65,438.2000000000001,441.25,5902.0,2743.0,141,2597124.2500000005
2026-07-30 09:35:56.606583110+05:30,441.2000000000001,449.3,439.15,448.05,5838.0,3213.0,140,2593056.65
2026-07-30 09:40:57.035712528+05:30,448.2000000000001,450.3,444.35,445.6,5856.0,3037.0,135,2619545.199999999
2026-07-30 09:46:26.417469944+05:30,445.55,451.3,445.05,450.4,5818.0,3120.0,143,2607612.45
2026-07-30 09:51:22.748516631+05:30,451.0,451.4500000000001,445.9500000000001,447.1,5822.0,2284.0,125,2614839.850000001
2026-07-30 09:58:39.573563697+05:30,446.85,450.15,445.8,446.4,5799.0,3079.0,143,2596263.3
2026-07-30 10:06:56.213718900+05:30,446.75,450.55,445.2000000000001,448.6,5821.0,2472.0,165,2607776.8499999996
2026-07-30 10:13:40.892660471+05:30,449.05,451.8,446.5,447.55,5772.0,2667.0,126,2592675.5000000005
2026-07-30 10:19:24.115873137+05:30,447.5,452.5,446.25,452.5,5909.0,2929.0,109,2652366.6999999993
2026-07-30 10:28:09.603726337+05:30,452.0,454.15,445.6,448.15,5889.0,2685.0,153,2646708.600000001
2026-07-30 10:36:25.239765478+05:30,448.4,449.9,445.1,447.4500000000001,5910.0,1894.0,106,2646593.9000000004
2026-07-30 10:43:15.561934014+05:30,447.3,448.0,444.55,446.75,5829.0,2824.0,120,2603148.3500000015
2026-07-30 10:50:11.398360233+05:30,446.4500000000001,446.4500000000001,439.05,439.2000000000001,5908.0,2197.0,101,2616925.5999999996
2026-07-30 11:02:09.193297593+05:30,439.4,441.0,436.35,440.25,5987.0,2836.0,150,2627680.4499999993
2026-07-30 11:12:01.743617644+05:30,440.25,446.7000000000001,437.9,445.55,5901.0,3298.0,130,2600129.0500000003
2026-07-30 11:20:40.550619330+05:30,445.7000000000001,447.35,443.7000000000001,445.75,6045.0,2618.0,111,2694250.749999998
2026-07-30 11:29:02.016985466+05:30,445.9500000000001,450.3,445.8,450.15,5850.0,2884.0,126,2623415.4999999995
2026-07-30 11:37:13.169959276+05:30,449.8,449.8,443.0,444.05,5802.0,2662.0,117,2591111.850000001
2026-07-30 11:47:16.419511268+05:30,444.5,449.65,443.75,449.65,5855.0,3653.0,127,2615345.4499999993
2026-07-30 11:58:15.511756929+05:30,449.75,465.6,449.2000000000001,464.2000000000001,5711.0,3171.0,141,2603329.7499999995
2026-07-30 12:05:46.948199359+05:30,463.7000000000001,468.0,463.35,467.85,5565.0,2126.0,93,2592038.85
2026-07-30 12:13:51.381245003+05:30,467.8,467.9500000000001,464.1,467.15,5578.0,2352.0,114,2600374.2999999993
2026-07-30 12:20:19.216839295+05:30,466.1,472.25,465.7000000000001,470.85,5599.0,3179.0,95,2633313.95
2026-07-30 12:31:34.934120419+05:30,471.35,474.4,469.65,472.85,5518.0,3353.0,140,2603154.8000000007
2026-07-30 12:40:19.669296138+05:30,473.0,477.7000000000001,473.0,477.6,5459.0,3391.0,109,2594993.2
2026-07-30 12:50:09.780740739+05:30,477.35,478.0,473.2000000000001,473.2000000000001,5472.0,2754.0,113,2602077.849999999
2026-07-30 12:58:18.041732905+05:30,473.35,477.05,472.75,476.25,5520.0,2206.0,97,2621319.850000001
2026-07-30 13:08:52.907078998+05:30,476.35,480.4,471.35,473.6,5496.0,1936.0,132,2617402.050000001
2026-07-30 13:17:05.259265014+05:30,473.8,475.25,471.9500000000001,474.9,5575.0,2025.0,106,2643069.55
2026-07-30 13:27:29.563368127+05:30,475.25,480.9,474.8,476.9500000000001,5595.0,2390.0,137,2671026.9499999997
2026-07-30 13:38:43.441614042+05:30,476.2000000000001,478.9500000000001,473.7000000000001,474.9,5467.0,2037.0,132,2603268.3499999987
2026-07-30 13:47:03.218790771+05:30,474.8,475.65,470.5,471.2000000000001,5521.0,2712.0,108,2616149.05
2026-07-30 13:56:26.049824994+05:30,470.55,472.5,467.1,472.4,5601.0,2766.0,137,2631372.15
2026-07-30 14:04:35.333799010+05:30,472.4500000000001,472.85,464.9,465.5,5522.0,1934.0,114,2592633.1499999994
2026-07-30 14:12:05.480855005+05:30,465.5,468.8,463.4500000000001,468.1,5588.0,3219.0,131,2601683.3999999994
2026-07-30 14:20:14.709201748+05:30,468.8,468.8,461.25,462.35,5600.0,2794.0,134,2599040.05
2026-07-30 14:29:13.780003679+05:30,462.4,462.4,455.4500000000001,455.9,5651.0,2507.0,140,2593290.5000000005
2026-07-30 14:36:10.503243632+05:30,456.0,459.9500000000001,455.1,459.05,5693.0,3236.0,136,2604028.9999999995
2026-07-30 14:42:14.848792786+05:30,458.65,463.4,458.65,460.7000000000001,5708.0,2818.0,119,2631829.7000000007
2026-07-30 14:47:50.134458109+05:30,460.3,464.05,460.3,463.3,5605.0,2719.0,109,2593779.9999999995
2026-07-30 14:54:15.298209457+05:30,463.25,465.15,461.35,463.9500000000001,5637.0,2392.0,128,2611794.949999998
2026-07-30 14:59:02.307809015+05:30,464.15,467.85,463.3,467.85,5579.0,2472.0,102,2595588.4000000004
2026-07-30 15:04:19.392789428+05:30,467.4,468.15,460.15,461.35,5599.0,2215.0,133,2597144.0000000005
2026-07-30 15:08:29.749920853+05:30,461.4,462.9,458.05,458.35,6282.0,3053.0,101,2891698.1499999994
2026-07-30 15:13:04.490768035+05:30,458.8,462.1,458.3,461.9500000000001,5709.0,3207.0,142,2628039.7
2026-07-30 15:16:33.765268792+05:30,461.85,462.65,457.15,460.3,5636.0,3048.0,118,2593213.5
2026-07-30 15:20:21.397150630+05:30,460.3,460.35,448.15,449.05,5714.0,1781.0,134,2592398.5999999996
2026-07-30 15:23:17.241540655+05:30,449.4500000000001,455.4,449.3,450.85,5765.0,2498.0,167,2603880.7000000007
2026-07-30 15:25:46.486041691+05:30,450.75,452.5,448.7000000000001,450.4,5754.0,2790.0,141,2594275.6000000006
2026-07-30 15:27:26.950693667+05:30,450.65,452.05,448.6,449.4,5928.0,2848.0,126,2669700.2500000005
2026-07-30 15:28:49.641927484+05:30,449.4500000000001,450.05,443.3,444.4500000000001,5841.0,2618.0,142,2606321.6500000013
2026-07-30 15:29:44.681232560+05:30,444.75,447.0,444.2000000000001,447.0,5827.0,3612.0,155,2595256.45
2026-07-30 15:29:59.607659560+05:30,447.05,450.75,447.05,448.75,5882.0,2889.0,138,2641015.85
2026-07-31 09:15:04.695124676+05:30,447.7000000000001,452.05,446.9500000000001,448.05,5760.0,3418.0,140,2591421.8000000003
2026-07-31 09:15:26.448605526+05:30,448.1,452.55,447.75,449.55,5755.0,3468.0,109,2591119.35
2026-07-31 09:16:12.669257927+05:30,449.85,450.9,445.75,446.1,5796.0,2615.0,109,2598100.0
2026-07-31 09:17:29.058818473+05:30,446.6,451.0,444.6,448.25,5796.0,3100.0,145,2595994.4499999993
2026-07-31 09:19:06.389610803+05:30,448.15,449.55,443.35,444.5,5962.0,2559.0,133,2659634.450000001
2026-07-31 09:21:41.284423003+05:30,444.25,444.25,440.35,442.55,5866.0,2633.0,139,2594370.2999999993
2026-07-31 09:24:30.970866757+05:30,442.9500000000001,444.35,441.85,441.85,5879.0,2811.0,146,2605181.0500000003
2026-07-31 09:28:38.344167733+05:30,441.8,445.75,440.6,445.15,6752.0,3756.0,137,2994390.1500000004
2026-07-31 09:33:00.250728724+05:30,445.25,446.15,440.65,445.4500000000001,5962.0,2247.0,134,2644176.75
2026-07-31 09:37:10.518039871+05:30,445.6,453.7000000000001,445.6,453.7000000000001,5801.0,3241.0,121,2611434.7499999995
2026-07-31 09:41:33.625750137+05:30,453.7000000000001,459.7000000000001,453.25,459.55,5735.0,2356.0,132,2618430.6000000006
2026-07-31 09:47:29.856838644+05:30,459.05,473.65,458.2000000000001,473.65,5587.0,3169.0,141,2603456.4
2026-07-31 09:54:34.517296262+05:30,473.8,474.65,467.9,468.9,5625.0,3457.0,138,2651457.4000000013
2026-07-31 10:01:03.062046535+05:30,469.65,474.05,469.35,472.0,5515.0,3560.0,127,2600358.050000002
2026-07-31 10:07:50.601936700+05:30,472.4,473.35,467.1,467.25,5521.0,2874.0,128,2593124.850000001
2026-07-31 10:12:16.407055754+05:30,467.1,474.25,467.0,474.25,5530.0,3890.0,82,2599752.8500000006
2026-07-31 10:19:39.615773219+05:30,474.15,476.7000000000001,473.0,476.55,5508.0,2471.0,144,2613383.6500000004
2026-07-31 10:28:55.586077362+05:30,477.05,481.0,476.5,478.75,5497.0,3216.0,152,2632128.7500000005
2026-07-31 10:37:55.177898855+05:30,478.65,479.5,472.55,473.55,5512.0,2089.0,132,2621608.8
2026-07-31 10:45:52.821225050+05:30,473.7000000000001,475.75,472.05,474.35,5516.0,2484.0,111,2614958.3499999996
2026-07-31 10:55:36.033406527+05:30,473.75,475.35,470.75,471.65,5471.0,2635.0,135,2590732.1999999997
2026-07-31 11:02:52.955154988+05:30,471.7000000000001,481.15,471.4500000000001,480.85,5467.0,3436.0,102,2603375.85
2026-07-31 11:11:47.482861038+05:30,480.7000000000001,481.4,473.2000000000001,473.3,5616.0,1944.0,121,2682515.9500000007
2026-07-31 11:20:42.648731512+05:30,473.1,476.4,470.8,476.4,5482.0,2690.0,110,2593911.4499999993
2026-07-31 11:29:24.749587806+05:30,476.4500000000001,479.1,473.35,474.55,5504.0,2788.0,130,2618632.1499999985
2026-07-31 11:40:12.292910927+05:30,475.35,475.9,468.85,474.35,5519.0,2922.0,141,2604102.499999999
2026-07-31 11:49:25.351128820+05:30,474.3,474.6,469.8,473.75,5509.0,3103.0,122,2603558.9499999993
2026-07-31 11:59:38.286014965+05:30,474.2000000000001,476.6,468.7000000000001,468.7000000000001,5493.0,2641.0,100,2592423.1999999993
2026-07-31 12:10:24.349958549+05:30,468.65,468.65,464.15,466.3,5615.0,3020.0,124,2618780.300000001
2026-07-31 12:20:53.609001672+05:30,466.4,466.4,461.25,462.5,5591.0,2478.0,128,2594613.100000001
2026-07-31 12:32:19.916884980+05:30,462.5,463.4,458.9500000000001,460.85,5902.0,2474.0,135,2722831.75
2026-07-31 12:41:45.708387620+05:30,460.6,461.4,453.6,453.6,5665.0,2173.0,127,2594608.45
2026-07-31 12:53:34.775979861+05:30,454.2000000000001,458.4500000000001,450.85,454.9,5702.0,3167.0,147,2594885.6999999993
2026-07-31 13:05:19.704300421+05:30,454.75,455.75,451.4500000000001,455.4500000000001,5719.0,2980.0,136,2594760.1499999994
2026-07-31 13:12:56.463615216+05:30,455.25,457.85,452.25,456.9,5692.0,2250.0,111,2591034.599999999
2026-07-31 13:22:41.447290954+05:30,457.0,457.55,454.15,455.2000000000001,5795.0,3538.0,112,2640121.3500000006
2026-07-31 13:30:55.822670133+05:30,455.05,455.05,447.4,448.0,5813.0,2130.0,114,2623420.4000000004
2026-07-31 13:40:37.940944547+05:30,448.05,452.4500000000001,446.7000000000001,449.9500000000001,5809.0,3040.0,138,2613453.2500000005
2026-07-31 13:48:52.064997073+05:30,449.35,449.4,445.05,445.05,5793.0,2840.0,126,2593740.0500000003
2026-07-31 13:57:25.540392479+05:30,444.3,449.0,442.3,448.05,5831.0,3129.0,121,2598461.15
2026-07-31 14:06:23.097693041+05:30,448.15,450.55,447.25,448.35,5970.0,3474.0,144,2680412.700000001
2026-07-31 14:14:33.285410784+05:30,448.0,452.5,441.9,441.9,5805.0,1999.0,137,2596374.0999999996
2026-07-31 14:24:38.870238922+05:30,442.15,444.3,440.7000000000001,443.75,5865.0,2810.0,143,2596742.6999999997
2026-07-31 14:32:51.559053981+05:30,443.65,446.8,441.9500000000001,444.85,5851.0,2938.0,143,2596975.650000001
2026-07-31 14:40:17.663216173+05:30,444.65,445.25,441.6,445.2000000000001,5983.0,3460.0,140,2653076.4999999995
2026-07-31 14:48:02.006281084+05:30,445.2000000000001,451.8,444.9,450.9500000000001,5795.0,2406.0,143,2603980.000000001
2026-07-31 14:53:57.428906168+05:30,451.1,452.1,447.2000000000001,447.3,5807.0,3168.0,133,2609773.55
2026-07-31 14:59:02.165517720+05:30,446.5,448.4500000000001,446.05,446.35,5806.0,2620.0,97,2596415.399999999
2026-07-31 15:04:31.726396062+05:30,446.5,446.9500000000001,442.5,444.15,5826.0,3339.0,142,2590966.1999999983
2026-07-31 15:10:18.467312063+05:30,443.8,444.75,432.35,432.4,5922.0,2308.0,159,2593502.1500000004
2026-07-31 15:14:46.840663971+05:30,432.25,432.9,428.85,430.85,6016.0,3025.0,128,2595464.299999999
2026-07-31 15:19:06.921353151+05:30,431.3,434.85,429.2000000000001,433.1,6040.0,3033.0,181,2602839.5999999996
2026-07-31 15:21:31.505797332+05:30,432.9,439.3,432.5,435.0,6361.0,2984.0,105,2773550.1500000004
2026-07-31 15:24:26.146202050+05:30,434.9,435.2000000000001,427.6,428.85,6022.0,3024.0,147,2594677.6499999994
2026-07-31 15:26:23.228513845+05:30,428.7000000000001,430.15,424.6,424.7000000000001,6069.0,2248.0,157,2596567.750000001
2026-07-31 15:27:47.173196673+05:30,424.7000000000001,424.85,420.0,423.15,6279.0,2914.0,137,2656229.6999999993
2026-07-31 15:28:57.446400598+05:30,423.4500000000001,424.6,421.55,423.9500000000001,6126.0,2379.0,120,2590931.9499999993
2026-07-31 15:29:33.599794947+05:30,424.35,424.55,419.85,419.85,6312.0,3389.0,121,2668760.3000000003
2026-07-31 15:29:56.353596303+05:30,420.35,421.8,415.35,416.3,6217.0,2546.0,134,2601963.75
2026-08-03 09:15:01.116774559+05:30,416.35,421.4,414.35,420.55,6250.0,3973.0,138,2608965.5500000003
2026-08-03 09:15:13.931091236+05:30,420.75,424.25,420.25,422.1,6156.0,2636.0,123,2597481.1999999997
2026-08-03 09:15:49.692508183+05:30,422.35,423.75,418.1,418.15,6665.0,3450.0,120,2806705.549999999
2026-08-03 09:17:02.219137508+05:30,418.05,420.2000000000001,416.15,419.9,6304.0,3328.0,158,2633975.000000001
2026-08-03 09:18:24.929012602+05:30,420.25,420.75,416.65,417.6,6216.0,3489.0,126,2602899.85
2026-08-03 09:20:30.238030525+05:30,417.55,418.65,413.3,415.2000000000001,6244.0,2871.0,145,2598920.7999999993
2026-08-03 09:23:00.984941533+05:30,415.1,415.9500000000001,412.75,414.4,6268.0,2436.0,130,2596469.4000000004
2026-08-03 09:26:27.176271317+05:30,414.55,417.35,411.4,411.65,6330.0,3045.0,152,2625217.9999999995
2026-08-03 09:29:44.831738803+05:30,411.4500000000001,413.15,408.9500000000001,411.4,6499.0,4265.0,117,2672302.2999999993
2026-08-03 09:33:17.036277725+05:30,411.15,416.65,411.15,415.1,6256.0,3720.0,131,2591150.1999999997
2026-08-03 09:38:42.647766709+05:30,414.9500000000001,415.4,411.5,411.9,6275.0,3267.0,159,2593217.5500000007
2026-08-03 09:43:59.336058398+05:30,412.1,414.75,411.4500000000001,413.65,6312.0,4132.0,136,2606043.1999999997
2026-08-03 09:49:13.525688907+05:30,413.85,420.05,413.2000000000001,418.05,6440.0,3546.0,127,2687493.65
2026-08-03 09:54:47.927825840+05:30,418.15,422.25,418.15,421.9500000000001,6164.0,3508.0,133,2590642.9
2026-08-03 10:01:38.622397676+05:30,422.15,423.4500000000001,420.05,420.9,6205.0,2665.0,138,2617026.299999999
2026-08-03 10:08:59.333712560+05:30,420.85,421.1,416.3,418.0,6355.0,2854.0,126,2660880.2500000005
2026-08-03 10:16:27.522687675+05:30,417.2000000000001,423.55,415.9,422.7000000000001,6229.0,3236.0,138,2622008.75
2026-08-03 10:25:23.059582232+05:30,422.9,425.35,419.35,424.05,6260.0,2936.0,150,2642438.299999999
2026-08-03 10:32:22.496376036+05:30,424.15,433.4500000000001,424.05,433.25,6139.0,3817.0,125,2636285.9000000004
2026-08-03 10:40:04.552523506+05:30,433.15,437.5,432.7000000000001,436.85,6003.0,3206.0,138,2614080.4500000007
2026-08-03 10:46:41.643421922+05:30,437.0,438.4500000000001,433.9,434.25,5981.0,3525.0,107,2608412.2499999995
2026-08-03 10:55:16.273733985+05:30,434.1,436.9500000000001,430.8,430.8,6031.0,2973.0,126,2621360.85
2026-08-03 11:03:47.431209218+05:30,430.6,432.8,428.05,431.75,6028.0,2572.0,137,2594202.7499999995
2026-08-03 11:12:51.007664341+05:30,432.15,434.75,430.85,432.9,6007.0,3182.0,134,2599589.55
2026-08-03 11:20:25.999596002+05:30,432.6,437.35,430.85,436.9,6084.0,4131.0,117,2641892.75
2026-08-03 11:31:49.369411210+05:30,436.8,443.35,436.3,441.85,5945.0,3844.0,138,2614971.9999999986
2026-08-03 11:40:23.753950562+05:30,441.9500000000001,443.3,438.9500000000001,442.0,5882.0,2474.0,126,2594161.3000000003
2026-08-03 11:50:39.506792553+05:30,441.15,442.6,438.4500000000001,439.4500000000001,5891.0,3025.0,150,2596769.8
2026-08-03 11:58:55.770688814+05:30,439.0,439.5,436.55,437.15,5939.0,3438.0,116,2600377.6000000006
2026-08-03 12:09:49.354292776+05:30,437.35,437.35,433.3,434.8,5966.0,2784.0,160,2594601.4999999986
2026-08-03 12:20:38.969738882+05:30,434.85,437.7000000000001,433.9500000000001,437.05,5943.0,2863.0,137,2593538.05
2026-08-03 12:27:55.805118984+05:30,437.3,438.5,434.4,434.65,5959.0,3030.0,116,2600069.5000000005
2026-08-03 12:38:37.906618987+05:30,434.9500000000001,435.55,427.8,433.85,6004.0,3372.0,143,2592648.5500000003
2026-08-03 12:48:35.202759339+05:30,433.5,440.1,433.1,440.05,5934.0,3475.0,138,2594959.5
2026-08-03 13:00:24.446693156+05:30,440.4,448.35,439.25,448.35,5982.0,3644.0,145,2652493.95
2026-08-03 13:08:03.556754896+05:30,448.9500000000001,452.4,448.65,451.1,5772.0,2914.0,113,2597725.7000000007
2026-08-03 13:18:14.984959889+05:30,451.05,457.4500000000001,450.25,456.9500000000001,5826.0,3221.0,121,2646490.9
2026-08-03 13:27:18.057654409+05:30,456.7000000000001,460.9500000000001,456.3,458.6,5665.0,3760.0,125,2597403.2999999993
2026-08-03 13:33:38.479209005+05:30,458.8,463.0,458.8,461.7000000000001,5652.0,2134.0,108,2607129.1499999985
2026-08-03 13:43:21.586937102+05:30,461.35,462.8,458.25,462.65,5692.0,2594.0,132,2623451.6500000004
2026-08-03 13:50:12.841253233+05:30,462.4,464.75,461.2000000000001,461.9500000000001,5656.0,3193.0,104,2616451.8000000003
2026-08-03 13:57:54.953709696+05:30,461.7000000000001,466.7000000000001,460.55,462.4500000000001,5634.0,2424.0,118,2613133.25
2026-08-03 14:05:53.132294976+05:30,462.65,462.65,457.0,457.2000000000001,5740.0,1856.0,106,2641274.45
2026-08-03 14:14:15.714208829+05:30,456.9500000000001,457.4500000000001,450.55,450.85,5721.0,1961.0,133,2595266.3999999994
2026-08-03 14:21:31.917622995+05:30,450.75,451.5,448.85,450.35,5765.0,2445.0,132,2595684.25
2026-08-03 14:26:57.056976373+05:30,449.8,450.4500000000001,445.75,446.4,5814.0,2917.0,89,2604002.549999999
2026-08-03 14:33:45.709603200+05:30,446.15,447.9,445.2000000000001,446.4,5857.0,2603.0,132,2614081.4499999997
2026-08-03 14:39:23.994862691+05:30,446.6,447.3,438.75,438.75,5854.0,1978.0,113,2594034.450000001
2026-08-03 14:46:52.456011585+05:30,438.85,442.05,437.7000000000001,438.4500000000001,6260.0,2685.0,152,2751147.700000001
2026-08-03 14:53:52.048555997+05:30,438.4500000000001,444.35,437.25,442.2000000000001,5915.0,3212.0,149,2603925.3000000007
2026-08-03 15:00:28.941032035+05:30,441.9,444.0,439.15,439.6,5989.0,3128.0,164,2645701.2500000005
2026-08-03 15:06:33.371227559+05:30,439.7000000000001,439.9500000000001,436.4500000000001,438.1,6093.0,2959.0,158,2669765.9
2026-08-03 15:10:54.666499743+05:30,437.85,438.4,435.1,438.3,6018.0,3830.0,130,2627297.3499999996
2026-08-03 15:15:27.873989466+05:30,438.05,438.25,433.65,433.65,5964.0,2177.0,150,2600534.2000000007
2026-08-03 15:19:10.340012662+05:30,433.85,436.85,433.35,436.15,6182.0,3389.0,139,2688805.599999999
2026-08-03 15:22:04.266893196+05:30,436.4500000000001,436.4500000000001,430.75,433.55,6332.0,2951.0,127,2740704.0999999996
2026-08-03 15:24:41.219093775+05:30,433.85,435.5,429.7000000000001,435.1,6001.0,3453.0,148,2597268.9499999983
2026-08-03 15:26:24.328426989+05:30,435.3,440.2000000000001,433.1,439.5,5932.0,2911.0,112,2591272.7500000014
2026-08-03 15:28:18.247366839+05:30,439.9500000000001,443.25,438.1,442.8,6022.0,3353.0,155,2653251.35
2026-08-03 15:29:10.382571536+05:30,443.05,446.05,440.85,444.55,5956.0,3061.0,121,2642694.0000000005
2026-08-03 15:29:51.291730003+05:30,445.05,449.65,445.05,447.5,5803.0,3026.0,160,2596733.2499999986
2026-08-04 09:15:00.009431390+05:30,447.0,449.7000000000001,445.55,449.7000000000001,5863.0,2558.0,150,2620374.4000000004
2026-08-04 09:15:15.965787209+05:30,449.8,454.7000000000001,448.15,454.35,6372.0,3655.0,133,2875552.9500000007
2026-08-04 09:15:59.030281533+05:30,454.55,457.05,452.85,452.85,5705.0,3649.0,114,2596654.0000000005
2026-08-04 09:17:28.011392610+05:30,452.75,453.05,449.5,449.7000000000001,5782.0,2930.0,131,2606631.250000003
2026-08-04 09:19:48.028617647+05:30,449.9500000000001,451.6,445.5,446.05,5899.0,3545.0,128,2645350.5500000003
2026-08-04 09:22:35.998729293+05:30,446.5,447.65,444.5,447.1,5816.0,2665.0,123,2594415.2499999986
2026-08-04 09:26:16.251026356+05:30,447.05,447.05,434.4,435.6,5973.0,2525.0,129,2627855.6500000013
2026-08-04 09:31:00.137684857+05:30,436.3,442.2000000000001,435.8,437.5,5902.0,3585.0,154,2591254.5999999996
2026-08-04 09:37:38.902317677+05:30,437.75,441.65,437.4500000000001,439.2000000000001,5971.0,2533.0,147,2625384.2999999984
2026-08-04 09:43:58.104013126+05:30,438.75,438.75,435.1,435.1,5946.0,3403.0,126,2600709.3
2026-08-04 09:49:54.940102185+05:30,435.2000000000001,438.55,435.05,435.05,5964.0,3664.0,119,2604933.4
2026-08-04 10:00:20.571065782+05:30,434.85,437.5,433.55,435.25,5965.0,2972.0,150,2597956.450000001
2026-08-04 10:08:47.129590800+05:30,434.5,437.9,433.4500000000001,435.5,5979.0,3473.0,132,2601779.4000000004
2026-08-04 10:16:49.226416489+05:30,435.6,436.4500000000001,433.75,435.75,6237.0,3753.0,114,2715182.4500000016
2026-08-04 10:26:14.418392614+05:30,435.55,440.15,435.5,439.9500000000001,5980.0,3064.0,143,2621119.7499999995
2026-08-04 10:37:01.417554780+05:30,440.35,442.4500000000001,437.15,439.25,6154.0,3104.0,140,2705550.800000001
2026-08-04 10:47:55.642817964+05:30,439.75,440.1,433.6,435.35,6152.0,3465.0,118,2691370.75
2026-08-04 10:59:40.566449327+05:30,435.4500000000001,437.7000000000001,433.0,433.15,5962.0,2848.0,131,2593421.6000000015
2026-08-04 11:11:27.531202999+05:30,433.7000000000001,435.15,430.7000000000001,431.1,6046.0,2795.0,125,2615871.599999999
2026-08-04 11:21:05.172749088+05:30,430.9,436.0,430.6,434.5,5996.0,3956.0,105,2599212.2500000005
2026-08-04 11:33:40.761926154+05:30,434.9500000000001,435.75,426.55,426.55,6007.0,1745.0,133,2598232.750000001
2026-08-04 11:44:05.931460060+05:30,426.0,426.7000000000001,423.8,426.35,6240.0,3779.0,111,2654359.6000000006
2026-08-04 11:58:16.892766616+05:30,426.65,431.35,425.2000000000001,430.9500000000001,6057.0,3581.0,137,2593763.3999999985
2026-08-04 12:12:17.430689665+05:30,430.85,437.9,428.9,436.75,6052.0,3494.0,150,2624649.249999999
2026-08-04 12:26:02.248394856+05:30,437.0,440.05,435.1,437.0,5931.0,3099.0,141,2594958.3
2026-08-04 12:39:17.959958733+05:30,436.8,439.9500000000001,436.05,437.9,5996.0,2478.0,132,2624071.250000002
2026-08-04 12:53:53.351087713+05:30,438.3,442.4500000000001,438.1,441.9500000000001,5968.0,2915.0,135,2629166.0500000003
2026-08-04 13:04:27.581728162+05:30,441.9,442.2000000000001,439.6,440.15,5905.0,3374.0,125,2603913.3000000003
2026-08-04 13:17:00.649644753+05:30,440.15,440.15,435.85,437.9,6424.0,3035.0,128,2809172.849999999
2026-08-04 13:31:26.831101643+05:30,438.05,438.85,430.55,430.75,5994.0,2833.0,153,2599356.8
2026-08-04 13:48:38.522060851+05:30,430.5,432.3,428.0,429.8,6105.0,2876.0,166,2626448.000000001
2026-08-04 14:01:02.388429606+05:30,430.15,430.8,425.15,426.75,6064.0,2850.0,146,2591141.4999999995
2026-08-04 14:12:32.279329866+05:30,426.75,426.75,421.9500000000001,422.65,6147.0,2127.0,135,2611590.400000001
2026-08-04 14:24:11.039201786+05:30,421.9500000000001,424.65,420.05,421.3,6133.0,3673.0,138,2596907.6499999994
2026-08-04 14:36:11.308158106+05:30,421.5,421.5,416.25,420.5,6192.0,2888.0,153,2594578.55
2026-08-04 14:46:24.461746935+05:30,421.05,423.8,419.3,419.85,6170.0,3308.0,143,2600020.95
2026-08-04 14:55:29.064650024+05:30,419.75,424.5,418.75,422.7000000000001,6164.0,2354.0,131,2602809.7499999995
2026-08-04 15:00:59.778679729+05:30,422.55,423.25,420.5,422.1,6148.0,2573.0,128,2594906.3500000006
2026-08-04 15:09:02.036891751+05:30,422.35,423.15,417.65,420.6,6199.0,3194.0,137,2606342.2
2026-08-04 15:14:31.417369762+05:30,420.65,420.75,415.85,418.0,6255.0,2745.0,136,2615561.749999999
2026-08-04 15:18:17.738758602+05:30,418.05,420.15,416.85,417.1,6190.0,2045.0,101,2592094.700000001
2026-08-04 15:22:35.247803085+05:30,417.25,421.85,415.5,421.1,6251.0,3235.0,155,2615650.550000001
2026-08-04 15:25:35.760048061+05:30,421.2000000000001,423.15,419.9,421.4500000000001,6242.0,2368.0,141,2631590.95
2026-08-04 15:28:05.901671767+05:30,421.5,423.05,418.9500000000001,418.9500000000001,6228.0,2941.0,174,2624191.7499999986
2026-08-04 15:29:18.429353381+05:30,419.35,420.15,416.9,419.55,6191.0,2882.0,136,2590894.500000001
2026-08-04 15:29:57.498988268+05:30,419.5,420.85,416.75,418.0,6213.0,2447.0,162,2601909.5500000007
2026-08-05 09:15:01.034348394+05:30,418.15,418.4,412.25,413.7000000000001,6261.0,2445.0,138,2593855.3
2026-08-05 09:15:12.457177196+05:30,413.5,415.0,412.05,413.5,6512.0,3055.0,120,2693012.549999999
2026-08-05 09:15:45.667479143+05:30,414.2000000000001,419.65,412.75,419.05,6245.0,3928.0,137,2600323.0000000005
2026-08-05 09:16:45.537466970+05:30,419.2000000000001,419.9,414.4500000000001,415.35,6235.0,2585.0,131,2597972.3000000003
2026-08-05 09:17:57.117868781+05:30,415.15,417.15,413.75,414.9,6249.0,2902.0,137,2595848.4499999993
2026-08-05 09:19:50.720410766+05:30,415.3,415.9500000000001,411.85,414.8,6385.0,3235.0,135,2642948.0000000005
2026-08-05 09:22:25.164331342+05:30,415.2000000000001,415.25,411.25,412.9500000000001,6321.0,3279.0,170,2612452.699999999
2026-08-05 09:25:43.413132693+05:30,413.25,417.2000000000001,412.5,416.5,6494.0,3547.0,139,2697412.9500000016
2026-08-05 09:29:31.692872352+05:30,416.35,423.5,416.15,422.5,6280.0,4124.0,147,2634731.25
2026-08-05 09:33:19.749678644+05:30,422.55,427.0,422.4500000000001,424.9500000000001,6102.0,2210.0,137,2594549.250000001
2026-08-05 09:36:45.852265469+05:30,425.0,427.9,422.85,427.9,6175.0,3370.0,117,2620577.45
2026-08-05 09:41:21.394510079+05:30,428.15,431.5,426.75,430.2000000000001,6074.0,2992.0,115,2603834.3000000007
2026-08-05 09:48:06.682748977+05:30,430.2000000000001,434.05,429.35,432.9500000000001,6034.0,3181.0,166,2604784.4000000004
2026-08-05 09:53:41.066271133+05:30,432.9,433.7000000000001,427.25,428.85,6037.0,2296.0,136,2595632.300000001
2026-08-05 10:00:28.340558268+05:30,429.15,430.25,426.9500000000001,430.25,6048.0,2973.0,143,2590724.3000000003
2026-08-05 10:07:53.549811984+05:30,430.2000000000001,437.75,429.4,437.4500000000001,5986.0,3113.0,151,2593626.200000001
2026-08-05 10:15:10.591592790+05:30,437.4500000000001,441.4500000000001,436.75,441.15,5906.0,3198.0,143,2596730.799999999
2026-08-05 10:21:51.477286901+05:30,441.1,445.15,440.05,442.05,6011.0,3452.0,112,2659208.75
2026-08-05 10:29:51.587376388+05:30,441.7000000000001,444.4500000000001,439.6,441.85,5912.0,2897.0,142,2614888.0999999996
2026-08-05 10:38:06.358066380+05:30,441.55,445.1,441.55,443.8,5932.0,3530.0,133,2632234.0500000007
2026-08-05 10:45:23.336298341+05:30,444.25,447.7000000000001,443.2000000000001,444.8,5870.0,3625.0,105,2615843.0500000003
2026-08-05 10:55:28.433333451+05:30,444.7000000000001,444.8,439.55,441.1,5901.0,3028.0,151,2607824.1999999993
2026-08-05 11:04:14.713412751+05:30,440.9,446.0,439.75,445.25,5849.0,3047.0,138,2595137.3000000003
2026-08-05 11:12:08.354220968+05:30,445.5,451.25,442.65,451.1,6173.0,3635.0,122,2761010.0499999993
2026-08-05 11:19:03.185725870+05:30,450.9,455.85,449.0,455.35,5742.0,3049.0,103,2592604.35
2026-08-05 11:27:34.740190560+05:30,455.5,458.05,451.25,452.4500000000001,5764.0,2510.0,97,2623705.25
2026-08-05 11:36:35.133357554+05:30,452.35,452.65,445.0,447.55,5820.0,2829.0,116,2614173.8999999994
2026-08-05 11:46:08.398102776+05:30,447.55,452.6,446.4,449.9500000000001,5792.0,3056.0,125,2605464.9000000004
2026-08-05 11:55:38.958435949+05:30,449.15,449.9,445.5,445.5,5891.0,2447.0,127,2640050.9499999993
2026-08-05 12:05:55.104625449+05:30,444.9,450.2000000000001,442.6,449.4,5832.0,2708.0,134,2597582.4999999995
2026-08-05 12:14:56.731775235+05:30,449.2000000000001,451.35,446.75,451.3,5842.0,1993.0,117,2618696.9000000004
2026-08-05 12:24:09.494303855+05:30,451.4,452.65,448.55,450.25,5752.0,2757.0,118,2590997.900000001
2026-08-05 12:31:40.589456192+05:30,450.35,451.05,446.15,447.05,5871.0,2657.0,114,2630299.5
2026-08-05 12:42:32.815955578+05:30,447.85,456.55,447.1,454.75,5972.0,3659.0,145,2702403.8999999994
2026-08-05 12:54:12.918124588+05:30,455.05,461.65,454.05,460.8,5674.0,3393.0,136,2598655.3500000006
2026-08-05 13:02:28.392496441+05:30,460.85,461.4500000000001,457.8,459.55,5885.0,3248.0,105,2704579.2
2026-08-05 13:12:49.314306673+05:30,458.9500000000001,465.85,458.6,459.35,5920.0,3469.0,153,2735237.850000001
2026-08-05 13:22:19.147008551+05:30,459.4,459.75,450.6,455.5,5760.0,3251.0,128,2623165.3999999994
2026-08-05 13:32:15.595286235+05:30,455.05,459.9500000000001,455.05,458.25,5667.0,2738.0,127,2593148.8
2026-08-05 13:44:31.888828343+05:30,458.25,462.05,451.9500000000001,461.5,5713.0,2594.0,141,2608830.000000001
2026-08-05 13:51:14.438177012+05:30,461.6,466.0,460.75,464.65,5616.0,3319.0,101,2607469.9499999997
2026-08-05 13:57:37.759138041+05:30,464.6,464.6,459.25,460.85,5663.0,3009.0,99,2611537.4500000007
2026-08-05 14:06:17.099522174+05:30,461.05,464.55,460.0,463.75,5677.0,3293.0,134,2620122.6500000013
2026-08-05 14:15:40.285096096+05:30,463.9,465.85,462.3,462.85,5852.0,3142.0,155,2716359.4500000007
2026-08-05 14:23:02.775499339+05:30,462.85,464.15,453.85,454.35,5688.0,2560.0,136,2608382.3000000003
2026-08-05 14:30:18.405615779+05:30,454.25,456.7000000000001,453.6,456.7000000000001,5709.0,2890.0,135,2597588.3000000007
2026-08-05 14:37:18.713206319+05:30,456.55,459.65,455.5,457.8,5666.0,3617.0,115,2594355.0000000014
2026-08-05 14:42:52.530625824+05:30,458.1,458.35,453.85,455.8,5684.0,2619.0,101,2592452.7
2026-08-05 14:46:05.706849303+05:30,455.8,461.4,455.35,455.9,5657.0,2631.0,91,2591316.6500000004
2026-08-05 14:51:26.308852161+05:30,455.85,457.9500000000001,452.4500000000001,452.85,6494.0,2288.0,121,2955073.0999999996
2026-08-05 14:57:17.411655255+05:30,453.55,454.7000000000001,450.9,451.8,5946.0,2998.0,124,2691267.35
2026-08-05 15:03:08.353375663+05:30,451.4500000000001,451.4500000000001,446.15,447.75,5962.0,2381.0,133,2674363.850000001
2026-08-05 15:06:59.497927973+05:30,447.7000000000001,448.75,442.9500000000001,444.2000000000001,5845.0,2334.0,128,2606675.2500000005
2026-08-05 15:10:47.373410526+05:30,443.8,446.15,441.75,445.4,5930.0,2976.0,115,2629313.4500000007
2026-08-05 15:14:09.617619552+05:30,445.1,446.6,443.05,443.25,5846.0,1958.0,113,2598991.9000000004
2026-08-05 15:17:22.754918641+05:30,443.7000000000001,443.85,439.4500000000001,439.65,5908.0,2768.0,120,2607219.2499999995
2026-08-05 15:20:18.388949214+05:30,439.8,439.85,433.4500000000001,434.7000000000001,6003.0,3041.0,135,2623218.1500000004
2026-08-05 15:22:24.177434609+05:30,435.0,438.7000000000001,433.15,433.4,6235.0,3684.0,119,2715832.050000001
2026-08-05 15:24:37.125178178+05:30,433.9500000000001,437.6,432.9,437.1,6040.0,2688.0,131,2627265.6499999985
2026-08-05 15:27:04.223263293+05:30,437.5,440.2000000000001,433.7000000000001,435.0,5980.0,3000.0,173,2612107.6
2026-08-05 15:28:09.200524391+05:30,434.8,434.85,431.85,432.65,6023.0,3181.0,109,2608307.3
2026-08-05 15:29:16.874833098+05:30,432.85,434.5,429.2000000000001,432.5,6074.0,2769.0,151,2627167.4499999993
2026-08-05 15:29:50.400821814+05:30,432.6,435.1,432.25,433.05,6069.0,2751.0,144,2630621.549999999
2026-08-05 15:29:59.991224165+05:30,433.05,434.15,430.6,432.85,6207.0,2749.0,147,2683522.1999999997
2026-08-06 09:15:14.631602247+05:30,432.9,436.25,429.5,433.2000000000001,6020.0,3171.0,154,2601456.2499999977
2026-08-06 09:16:14.691400514+05:30,433.25,437.25,432.2000000000001,435.4,6195.0,2992.0,168,2695718.2500000014
2026-08-06 09:18:02.870930199+05:30,435.65,436.75,433.5,434.7000000000001,6057.0,3292.0,145,2633529.200000001
2026-08-06 09:20:36.804154379+05:30,434.75,436.05,426.4,426.9500000000001,6358.0,2175.0,149,2743068.5
2026-08-06 09:24:02.693917256+05:30,427.4500000000001,429.0,423.65,424.2000000000001,6296.0,3038.0,149,2684607.950000001
2026-08-06 09:28:55.588208730+05:30,424.05,424.05,417.7000000000001,419.75,6183.0,2637.0,160,2599546.3000000007
2026-08-06 09:33:34.101673447+05:30,419.7000000000001,427.05,419.6,423.6,6212.0,4102.0,147,2625909.0500000007
2026-08-06 09:38:56.534120813+05:30,424.3,428.4,423.25,428.1,6134.0,2904.0,134,2610625.0499999993
2026-08-06 09:43:08.020718150+05:30,428.55,433.4,428.05,433.1,6035.0,2843.0,112,2600255.599999999
2026-08-06 09:48:09.618610292+05:30,433.1,436.7000000000001,432.1,435.9500000000001,6023.0,3636.0,115,2614768.0500000007
2026-08-06 09:54:38.072490769+05:30,436.1,437.1,430.75,434.75,6106.0,2536.0,114,2644254.7999999993
2026-08-06 09:59:23.812384545+05:30,434.65,438.25,432.55,435.2000000000001,5988.0,3372.0,101,2610971.050000001
2026-08-06 10:07:36.152250018+05:30,435.35,435.35,428.9500000000001,433.9,6003.0,2997.0,162,2593827.7
2026-08-06 10:19:24.286070788+05:30,434.0,436.85,431.75,433.65,5987.0,3087.0,170,2599788.2500000014
2026-08-06 10:30:17.622879074+05:30,433.7000000000001,436.3,431.7000000000001,435.7000000000001,6063.0,3721.0,159,2629817.3000000007
2026-08-06 10:37:08.893258636+05:30,435.7000000000001,437.65,433.1,436.75,5987.0,3694.0,108,2606846.3000000003
2026-08-06 10:47:31.215602774+05:30,436.3,437.5,430.15,430.35,5985.0,2374.0,160,2593802.15
2026-08-06 10:58:41.840647032+05:30,429.9500000000001,433.65,428.6,432.3,6273.0,2382.0,144,2702797.3499999996
2026-08-06 11:06:19.860637325+05:30,432.4500000000001,435.75,431.85,432.7000000000001,6116.0,2927.0,105,2648552.8000000003
2026-08-06 11:15:53.816998292+05:30,432.5,432.7000000000001,430.35,431.85,6018.0,3077.0,119,2599264.9
2026-08-06 11:25:13.521773626+05:30,432.0,435.4500000000001,429.8,435.0,6011.0,2523.0,105,2596145.3999999994
2026-08-06 11:36:44.984537580+05:30,434.8,436.6,432.5,434.65,6075.0,3142.0,136,2636086.300000002
2026-08-06 11:49:30.167982144+05:30,434.55,435.05,430.5,431.0,6044.0,3036.0,149,2616165.149999999
2026-08-06 12:00:46.689091285+05:30,430.85,435.55,430.85,432.25,6301.0,2327.0,124,2731730.75
2026-08-06 12:15:35.982599689+05:30,432.4500000000001,432.9,428.2000000000001,429.0,6105.0,2945.0,144,2628269.4499999993
2026-08-06 12:28:22.917576216+05:30,429.55,431.4500000000001,426.65,427.55,6601.0,2979.0,127,2830318.0000000005
2026-08-06 12:43:56.990754703+05:30,427.15,428.25,424.4,426.4500000000001,6101.0,2847.0,154,2600433.849999999
2026-08-06 12:53:52.156979747+05:30,426.5,428.4500000000001,425.35,428.0,6080.0,2776.0,110,2594281.8000000007
2026-08-06 13:04:48.106429957+05:30,428.15,428.65,424.75,427.6,6077.0,2541.0,128,2593803.100000001
2026-08-06 13:16:23.434011944+05:30,427.35,431.3,425.2000000000001,429.85,6058.0,2977.0,136,2596258.850000002
2026-08-06 13:29:18.780749629+05:30,430.1,430.7000000000001,426.65,428.15,6045.0,3362.0,169,2591020.349999999
2026-08-06 13:38:30.605125488+05:30,428.1,428.85,422.25,423.65,6125.0,2786.0,115,2606220.0500000007
2026-08-06 13:47:43.089454258+05:30,423.6,424.3,420.85,424.15,6141.0,3210.0,109,2598885.5000000014
2026-08-06 13:56:07.664010371+05:30,424.05,425.85,421.6,425.05,6145.0,3886.0,132,2603534.8999999994
2026-08-06 14:05:55.335165323+05:30,424.9,428.85,424.35,425.6,6092.0,3263.0,129,2601047.35
2026-08-06 14:16:41.470884891+05:30,425.25,426.75,421.55,426.25,6120.0,2856.0,147,2599823.1999999993
2026-08-06 14:26:19.539392841+05:30,426.0,431.55,425.85,431.35,6061.0,2711.0,134,2598035.5499999993
2026-08-06 14:33:29.091915024+05:30,431.1,432.05,428.3,431.9500000000001,6136.0,3717.0,119,2641821.249999999
2026-08-06 14:38:56.062758330+05:30,431.55,437.25,431.25,435.9,6117.0,3550.0,97,2660903.749999999
2026-08-06 14:47:26.179183008+05:30,436.0,438.5,433.15,434.85,5962.0,2899.0,155,2601764.4500000007
2026-08-06 14:54:12.985527917+05:30,435.0,436.7000000000001,432.65,436.0,5975.0,2724.0,143,2595582.3499999996
2026-08-06 15:01:04.337209970+05:30,435.9,436.5,431.7000000000001,434.0,6379.0,3136.0,132,2771661.4000000004
2026-08-06 15:07:50.466525503+05:30,434.05,436.1,431.3,434.05,5985.0,3502.0,149,2599372.0500000003
2026-08-06 15:12:49.572750259+05:30,433.85,438.05,433.4,433.4,6138.0,2535.0,124,2669792.5500000003
2026-08-06 15:17:11.508732549+05:30,432.85,433.6,428.4500000000001,429.0,6015.0,2341.0,139,2593755.800000001
2026-08-06 15:21:42.887431117+05:30,429.3,432.85,428.8,430.4,6116.0,3347.0,148,2632550.199999999
2026-08-06 15:24:38.319458198+05:30,430.25,437.1,429.9500000000001,434.4500000000001,5979.0,2712.0,134,2592947.1999999993
2026-08-06 15:26:37.266910021+05:30,434.55,436.4,432.85,435.8,6152.0,4007.0,129,2674992.1500000004
2026-08-06 15:27:59.206135540+05:30,435.55,437.35,432.9,433.6,6152.0,2427.0,109,2672336.45
2026-08-06 15:28:48.449437378+05:30,433.75,433.75,430.65,430.9,6010.0,2659.0,87,2594780.9999999995
2026-08-06 15:29:45.404196317+05:30,430.2000000000001,431.65,425.05,425.05,6075.0,2060.0,159,2600058.5499999993
2026-08-07 09:15:00.065221035+05:30,424.6,428.25,423.5,425.55,6787.0,3989.0,149,2887499.8000000003
2026-08-07 09:15:11.491782085+05:30,425.9,430.85,425.7000000000001,430.0,6074.0,3605.0,133,2604550.8000000007
2026-08-07 09:15:50.571571119+05:30,429.85,436.15,429.7000000000001,432.9,5998.0,3029.0,153,2598421.6999999997
2026-08-07 09:17:04.308777721+05:30,432.8,436.2000000000001,431.05,435.7000000000001,5983.0,2899.0,142,2591663.350000001
2026-08-07 09:19:10.176118278+05:30,435.85,435.85,430.4500000000001,430.4500000000001,6002.0,2743.0,161,2598260.9500000007
2026-08-07 09:21:42.509508143+05:30,430.8,431.8,427.7000000000001,431.55,6067.0,3161.0,150,2608158.15
2026-08-07 09:25:05.611608339+05:30,431.25,431.3,426.9,428.8,6134.0,2842.0,140,2632704.0000000005
2026-08-07 09:29:17.556044854+05:30,428.85,431.8,427.25,428.8,6068.0,3084.0,166,2604193.85
2026-08-07 09:34:04.276551113+05:30,429.25,429.9,424.4500000000001,424.4500000000001,6086.0,3160.0,124,2601148.7499999995
2026-08-07 09:39:30.922573769+05:30,423.9,427.15,421.25,421.4500000000001,6113.0,2981.0,135,2594315.1500000004
2026-08-07 09:43:57.349433441+05:30,421.15,422.7000000000001,417.75,418.75,6176.0,3437.0,93,2593087.8499999987
2026-08-07 09:52:12.238534729+05:30,418.9500000000001,422.75,418.85,421.05,6393.0,3398.0,153,2688499.549999999
2026-08-07 09:59:03.590808317+05:30,421.35,423.6,415.65,418.35,6213.0,2938.0,150,2604579.55
2026-08-07 10:06:54.492573377+05:30,418.3,419.0,413.25,413.65,6309.0,3794.0,147,2625674.2499999995
2026-08-07 10:16:55.861074761+05:30,413.4500000000001,419.6,412.0,417.3,6238.0,2505.0,169,2596156.3499999996
2026-08-07 10:24:20.913958132+05:30,417.3,419.65,415.65,417.6,6389.0,2527.0,135,2669512.25
2026-08-07 10:32:34.785307766+05:30,418.0,421.0,416.25,418.9500000000001,6204.0,3029.0,150,2600279.5500000003
2026-08-07 10:41:44.462563616+05:30,419.0,419.2000000000001,416.55,417.3,6243.0,3521.0,134,2607922.2500000005
2026-08-07 10:54:11.958100496+05:30,417.7000000000001,420.55,416.25,419.75,6302.0,3210.0,154,2638992.65
2026-08-07 11:04:12.537976392+05:30,419.85,420.2000000000001,415.2000000000001,416.15,6319.0,2803.0,143,2636618.3499999996
2026-08-07 11:15:09.426517872+05:30,416.0,417.05,407.75,408.25,6314.0,2924.0,144,2600937.0000000005
2026-08-07 11:27:47.007298179+05:30,408.55,409.6,405.6,408.75,6366.0,3010.0,132,2595345.5500000003
2026-08-07 11:43:56.474835607+05:30,408.4500000000001,411.25,407.6,407.6,6330.0,3169.0,176,2590964.9000000013
2026-08-07 11:55:44.178198012+05:30,407.8,409.4500000000001,403.9,404.1,6447.0,2804.0,138,2619812.7000000007
2026-08-07 12:05:17.541521437+05:30,404.05,405.9500000000001,403.9500000000001,405.1,6408.0,3561.0,113,2593929.2499999995
2026-08-07 12:16:31.917907970+05:30,405.0,408.25,404.05,405.85,7836.0,4579.0,137,3181522.5
2026-08-07 12:28:48.151100942+05:30,405.6,410.65,405.15,407.8,6603.0,2973.0,157,2692344.7500000005
2026-08-07 12:41:18.514917849+05:30,407.7000000000001,413.3,407.5,408.65,6354.0,3991.0,160,2608798.4999999995
2026-08-07 12:54:29.491317714+05:30,408.75,410.4,407.2000000000001,410.15,6357.0,3509.0,153,2601263.5999999996
2026-08-07 13:06:28.043161853+05:30,410.25,411.4500000000001,408.15,410.9,6331.0,2617.0,150,2591717.9000000013
2026-08-07 13:16:56.717038233+05:30,411.0,412.25,407.6,409.15,6356.0,2822.0,152,2608153.3000000007
2026-08-07 13:29:10.704432276+05:30,409.05,410.25,405.05,406.55,6407.0,3143.0,147,2612760.1999999997
2026-08-07 13:38:52.690191797+05:30,406.05,410.15,405.85,409.5,6348.0,2742.0,114,2590925.4000000004
2026-08-07 13:51:47.514917893+05:30,409.65,414.55,409.65,413.55,6283.0,3726.0,182,2592880.7500000005
2026-08-07 14:00:29.978819547+05:30,413.65,414.1,409.0,409.0,6313.0,3372.0,121,2597602.9000000004
2026-08-07 14:10:12.795121919+05:30,409.3,409.55,405.9500000000001,405.9500000000001,6420.0,2782.0,160,2616088.6999999997
2026-08-07 14:21:50.343478610+05:30,405.9500000000001,408.75,404.2000000000001,406.75,6441.0,3909.0,172,2617052.3000000007
2026-08-07 14:30:07.003043546+05:30,406.9500000000001,410.25,406.35,406.9,6352.0,3705.0,148,2591149.600000001
2026-08-07 14:37:33.462116543+05:30,406.85,409.75,405.9500000000001,409.75,6386.0,4317.0,129,2604682.2
2026-08-07 14:45:48.356492552+05:30,409.8,414.4500000000001,409.05,414.4500000000001,7238.0,5106.0,151,2981938.0999999996
2026-08-07 14:50:49.368163723+05:30,414.4500000000001,415.7000000000001,410.9500000000001,415.15,6303.0,3178.0,111,2606046.9999999986
2026-08-07 14:58:40.678260348+05:30,414.75,417.8,410.65,411.05,6293.0,2770.0,153,2609691.599999998
2026-08-07 15:04:13.381748564+05:30,410.75,413.2000000000001,408.05,410.15,6311.0,2671.0,137,2595181.3500000006
2026-08-07 15:09:49.054311867+05:30,410.2000000000001,420.5,409.6,419.55,6295.0,3251.0,134,2621591.5
2026-08-07 15:15:32.527696913+05:30,419.5,420.15,415.3,419.7000000000001,6218.0,2635.0,164,2597095.2000000007
2026-08-07 15:19:25.881905731+05:30,419.85,423.05,416.55,422.5,6183.0,3773.0,149,2593270.1500000004
2026-08-07 15:22:51.753741277+05:30,422.4,424.05,420.25,421.1,6176.0,2932.0,142,2606306.8000000026
2026-08-07 15:25:24.676981921+05:30,421.3,430.35,421.3,430.35,6091.0,3407.0,134,2592898.0000000014
2026-08-07 15:27:16.527584842+05:30,430.1,433.35,428.1,432.4500000000001,6027.0,3415.0,131,2592234.7999999984
2026-08-07 15:28:29.917724469+05:30,432.3,433.75,429.2000000000001,430.65,6104.0,2889.0,114,2632788.65
2026-08-07 15:29:20.709058259+05:30,430.85,432.65,430.1,431.15,6032.0,2536.0,101,2603701.300000001
2026-08-07 15:29:54.367898431+05:30,430.85,436.35,430.8,434.1,6089.0,2745.0,146,2639042.5
2026-08-10 09:15:00.190669234+05:30,433.8,433.8,425.7000000000001,429.25,6045.0,2519.0,126,2595325.499999999
2026-08-10 09:15:10.583348602+05:30,429.4500000000001,429.4500000000001,423.9,426.7000000000001,6101.0,2359.0,115,2604597.6999999997
2026-08-10 09:15:56.129999099+05:30,426.65,429.6,426.65,428.0,6048.0,3027.0,127,2590848.9999999995
2026-08-10 09:17:37.518103118+05:30,428.4500000000001,431.3,425.6,425.6,6064.0,2369.0,173,2597438.799999998
2026-08-10 09:19:53.839759089+05:30,425.3,433.05,425.3,431.75,6059.0,3817.0,155,2600169.7000000007
2026-08-10 09:22:32.643864503+05:30,431.9,431.9,426.65,427.25,6214.0,2972.0,128,2662259.4500000007
2026-08-10 09:25:47.276266339+05:30,427.15,429.4,426.15,429.35,6352.0,2592.0,113,2717243.4
2026-08-10 09:30:38.727044584+05:30,429.2000000000001,430.1,426.3,430.1,6059.0,2877.0,139,2593764.8999999994
2026-08-10 09:35:11.109586967+05:30,430.55,431.25,427.25,429.15,6034.0,2065.0,125,2592124.0000000014
2026-08-10 09:41:12.937545005+05:30,429.25,430.4500000000001,425.6,426.1,6066.0,2537.0,127,2597488.1000000015
2026-08-10 09:46:10.590524006+05:30,426.3,426.3,421.15,424.0,6126.0,2251.0,120,2595317.7499999995
2026-08-10 09:52:22.522874893+05:30,423.9500000000001,424.8,420.05,422.75,6175.0,2588.0,117,2607463.7
2026-08-10 10:02:56.646447710+05:30,422.8,424.15,419.7000000000001,420.15,6370.0,3345.0,154,2690267.55
2026-08-10 10:11:55.980343329+05:30,420.2000000000001,421.05,416.4500000000001,417.55,6247.0,3629.0,129,2616857.9499999993
2026-08-10 10:22:16.392655923+05:30,417.35,417.8,412.55,413.25,6294.0,2457.0,154,2614363.8500000006
2026-08-10 10:36:23.806170939+05:30,413.05,413.85,409.0,412.4,6422.0,3182.0,162,2643650.600000002
2026-08-10 10:47:23.998761222+05:30,412.75,418.65,412.5,416.7000000000001,6233.0,3120.0,144,2595529.15
2026-08-10 10:57:14.497553176+05:30,416.5,418.85,415.25,415.55,6230.0,3072.0,108,2595043.200000001
2026-08-10 11:08:15.107643646+05:30,415.85,417.5,414.55,416.05,6241.0,3115.0,145,2594901.099999999
2026-08-10 11:19:36.485082041+05:30,416.5,417.6,414.8,415.1,6225.0,3314.0,131,2591630.8500000006
2026-08-10 11:32:34.807145412+05:30,415.3,421.65,414.6,420.4,6200.0,2676.0,138,2590883.849999999
2026-08-10 11:46:11.966880839+05:30,420.55,421.35,414.9,415.7000000000001,6206.0,2753.0,151,2591601.9000000013
2026-08-10 11:59:29.665560739+05:30,415.25,415.65,411.25,415.6,6275.0,2821.0,143,2594849.8500000024
2026-08-10 12:13:18.848446663+05:30,415.4500000000001,416.15,409.75,411.9,6285.0,2696.0,129,2596315.6
2026-08-10 12:25:16.819382664+05:30,412.0,413.75,409.9,413.4500000000001,6339.0,2792.0,130,2608182.2499999995
2026-08-10 12:38:47.675421352+05:30,413.85,415.15,411.25,412.05,6278.0,3307.0,145,2596257.6000000006
2026-08-10 12:49:45.965275365+05:30,412.05,416.9500000000001,411.55,416.15,6321.0,2367.0,117,2618221.7
2026-08-10 13:07:11.930326167+05:30,415.9500000000001,416.25,409.4500000000001,411.6,6316.0,3082.0,170,2603724.8499999996
2026-08-10 13:18:45.014769014+05:30,411.85,414.9500000000001,411.65,413.6,6309.0,3249.0,150,2607132.1000000006
2026-08-10 13:31:59.719566648+05:30,413.1,417.55,411.35,417.0,6302.0,2820.0,134,2604084.0500000003
2026-08-10 13:46:21.467909428+05:30,417.25,419.5,415.3,418.7000000000001,6214.0,3204.0,138,2592309.65
2026-08-10 13:54:59.588705111+05:30,418.4,419.35,416.0,416.5,6216.0,2627.0,104,2593760.4
2026-08-10 14:05:51.715659428+05:30,416.65,417.0,413.65,416.35,6284.0,3570.0,147,2609244.9999999995
2026-08-10 14:15:35.695031513+05:30,416.5,418.1,413.8,414.0,6229.0,2667.0,130,2592871.2499999995
2026-08-10 14:28:30.746557529+05:30,414.4500000000001,415.9500000000001,409.85,410.5,6305.0,3176.0,168,2602234.3
2026-08-10 14:37:49.465776083+05:30,410.2000000000001,411.5,405.2000000000001,407.55,6348.0,3177.0,145,2594530.4499999997
2026-08-10 14:47:27.722775768+05:30,407.6,408.55,405.3,407.25,6377.0,3744.0,152,2593792.700000001
2026-08-10 14:55:32.339736974+05:30,407.2000000000001,408.15,402.6,403.35,6425.0,2291.0,131,2597741.4499999997
2026-08-10 15:04:54.638737618+05:30,402.9,403.7000000000001,397.1,397.2000000000001,6477.0,3116.0,179,2599482.150000001
2026-08-10 15:10:37.478764106+05:30,397.15,397.35,393.15,394.8,6580.0,3112.0,146,2599557.8000000007
2026-08-10 15:16:18.850858083+05:30,395.4,399.9500000000001,394.15,399.55,6557.0,3638.0,158,2598475.1000000006
2026-08-10 15:20:20.889605073+05:30,399.75,409.65,399.25,408.05,6469.0,3696.0,141,2614784.5
2026-08-10 15:24:04.672623159+05:30,407.6,409.1,405.2000000000001,409.0,6383.0,3314.0,150,2601036.5000000014
2026-08-10 15:27:11.425531049+05:30,409.15,409.2000000000001,404.2000000000001,404.3,6399.0,2667.0,169,2602468.900000001
2026-08-10 15:28:30.284523204+05:30,404.0,404.85,401.3,404.3,6477.0,3144.0,117,2610032.0
2026-08-10 15:29:35.958207413+05:30,404.2000000000001,409.3,404.2000000000001,407.4,6428.0,4080.0,160,2612841.800000001
2026-08-10 15:29:56.564998103+05:30,406.9500000000001,410.9,404.85,410.5,6486.0,3779.0,114,2639391.8500000006
2026-08-11 09:15:00.194340570+05:30,410.5,410.9,407.9,410.1,6562.0,3767.0,103,2687615.6500000013
2026-08-11 09:15:34.851926746+05:30,409.75,414.1,409.75,412.2000000000001,6289.0,2834.0,142,2593122.1499999994
2026-08-11 09:17:08.675915200+05:30,412.55,413.9500000000001,410.4,413.65,6304.0,3486.0,152,2596256.7499999995
2026-08-11 09:19:40.594147342+05:30,413.6,414.4500000000001,412.1,414.0,6431.0,3083.0,139,2658476.1
2026-08-11 09:23:04.121635688+05:30,414.2000000000001,415.15,409.3,409.4500000000001,6327.0,2602.0,142,2603185.5999999996
2026-08-11 09:27:38.172479713+05:30,408.85,414.2000000000001,408.85,412.5,6298.0,2688.0,136,2593441.0499999993
2026-08-11 09:33:24.761026078+05:30,412.05,412.05,406.9500000000001,407.2000000000001,6363.0,3605.0,148,2608351.0000000005
2026-08-11 09:40:33.451980421+05:30,407.35,412.4,407.25,410.65,6392.0,3509.0,142,2618309.3999999976
2026-08-11 09:50:40.445923486+05:30,410.65,411.65,405.55,406.15,6338.0,2875.0,164,2590836.450000001
2026-08-11 09:59:52.197466424+05:30,406.35,408.3,404.85,407.4,6377.0,3678.0,139,2592724.0000000005
2026-08-11 10:09:22.787718701+05:30,407.9,408.5,400.65,402.0,6426.0,3377.0,120,2596787.150000001
2026-08-11 10:20:20.766688003+05:30,401.35,403.25,400.4500000000001,402.6,6459.0,2974.0,136,2595863.9
2026-08-11 10:32:50.621646292+05:30,402.8,405.85,402.55,403.3,6511.0,3096.0,157,2629936.500000001
2026-08-11 10:49:23.334985994+05:30,403.35,403.7000000000001,398.2000000000001,403.55,6469.0,3706.0,141,2594478.7500000005
2026-08-11 11:02:54.001487884+05:30,403.0,403.0,398.8,402.5,6458.0,3454.0,136,2593425.4499999997
2026-08-11 11:19:24.007253721+05:30,402.5,404.75,399.85,403.2000000000001,6451.0,3669.0,155,2595032.4000000004
2026-08-11 11:35:10.605453173+05:30,402.9500000000001,408.55,402.9500000000001,405.9,6407.0,2915.0,151,2595362.6499999994
2026-08-11 11:49:59.970729833+05:30,405.65,409.5,404.85,408.15,6407.0,2885.0,146,2608334.65
2026-08-11 12:05:06.421141431+05:30,408.25,412.7000000000001,406.3,408.75,6351.0,3789.0,119,2599481.4
2026-08-11 12:23:16.503162993+05:30,408.3,415.5,407.8,415.1,6590.0,3687.0,148,2714099.75
2026-08-11 12:38:25.734821258+05:30,414.85,427.75,414.85,427.4500000000001,6576.0,4561.0,131,2768909.0500000007
2026-08-11 12:51:33.695531820+05:30,427.6,431.05,426.75,430.9,6046.0,3554.0,114,2593081.4500000007
2026-08-11 13:08:24.152734058+05:30,431.5,432.1,427.05,429.0,6082.0,2501.0,159,2612207.1999999997
2026-08-11 13:27:39.129889218+05:30,428.85,432.85,424.2000000000001,425.55,6044.0,2664.0,176,2592161.400000001
2026-08-11 13:38:22.918855122+05:30,425.6,427.15,424.1,426.4500000000001,6436.0,2868.0,103,2738251.9000000004
2026-08-11 13:53:01.670724446+05:30,425.75,427.6,423.8,427.4,6098.0,3395.0,133,2594313.4500000007
2026-08-11 14:07:01.574536462+05:30,427.5,436.5,426.6,435.5,6070.0,3409.0,156,2618273.4500000007
2026-08-11 14:17:59.557057217+05:30,435.15,435.15,430.4,431.4,6002.0,2187.0,111,2595988.0999999996
2026-08-11 14:29:29.260357799+05:30,431.4500000000001,431.4500000000001,427.1,429.25,6042.0,2576.0,139,2594047.100000001
2026-08-11 14:40:38.462997938+05:30,429.0,430.4500000000001,426.9,426.9,6074.0,1982.0,147,2602386.6999999993
2026-08-11 14:51:23.666289296+05:30,426.8,429.25,424.4,429.25,6480.0,3746.0,159,2770815.0499999984
2026-08-11 14:59:17.390769753+05:30,428.7000000000001,435.05,426.55,435.05,6162.0,4114.0,133,2651491.7
2026-08-11 15:04:52.230852914+05:30,435.25,438.4500000000001,434.6,438.15,5937.0,3067.0,101,2592765.3499999996
2026-08-11 15:10:46.874179362+05:30,437.8,439.15,435.8,438.7000000000001,5940.0,2608.0,131,2594489.7
2026-08-11 15:15:28.492196655+05:30,438.55,442.65,437.7000000000001,442.4500000000001,5896.0,3484.0,111,2597154.3000000007
2026-08-11 15:20:19.504518673+05:30,441.9500000000001,446.2000000000001,440.25,443.85,5855.0,3180.0,129,2595381.1
2026-08-11 15:23:35.692185307+05:30,444.15,449.05,444.15,446.35,5920.0,2619.0,105,2644925.8000000003
2026-08-11 15:26:10.280115025+05:30,446.6,447.4500000000001,439.85,441.6,5846.0,2255.0,126,2591175.250000001
2026-08-11 15:28:33.015147445+05:30,441.6,448.9,441.25,445.25,5849.0,2328.0,166,2602742.6999999993
2026-08-11 15:29:40.536863+05:30,445.55,446.9500000000001,441.4500000000001,441.85,6082.0,2866.0,132,2703707.599999998
2026-08-11 15:29:59.569066492+05:30,442.25,447.2000000000001,442.25,445.15,5827.0,3311.0,122,2594425.8000000003
2026-08-12 09:15:03.444050083+05:30,445.4,446.75,443.4,445.9500000000001,5829.0,3437.0,133,2595847.950000001
2026-08-12 09:15:29.331281326+05:30,446.0,449.1,444.2000000000001,447.3,5883.0,3114.0,146,2627543.6
2026-08-12 09:16:17.057988790+05:30,447.05,453.65,446.9500000000001,450.4500000000001,5771.0,3228.0,140,2598566.299999999
2026-08-12 09:17:52.925427264+05:30,450.5,451.35,444.2000000000001,445.9,6018.0,3127.0,164,2690467.899999999
2026-08-12 09:19:39.085717031+05:30,445.65,450.25,445.15,448.4500000000001,5847.0,3238.0,155,2621988.5500000007
2026-08-12 09:20:50.933780341+05:30,448.1,451.15,447.9500000000001,449.9,5773.0,2408.0,89,2593123.249999999
2026-08-12 09:23:05.639194426+05:30,449.35,453.2000000000001,447.5,453.2000000000001,5767.0,3029.0,146,2597396.8
2026-08-12 09:25:13.022509419+05:30,453.2000000000001,455.85,452.1,454.1,5733.0,2550.0,111,2601504.899999999
2026-08-12 09:28:23.612671450+05:30,454.9,455.65,447.6,447.6,5840.0,3168.0,139,2642225.9500000007
2026-08-12 09:31:14.814330141+05:30,447.55,453.25,447.4,450.85,5766.0,3023.0,116,2594212.9499999997
2026-08-12 09:35:13.306717975+05:30,451.0,458.1,451.0,455.7000000000001,5701.0,2985.0,144,2593608.3000000003
2026-08-12 09:39:43.188694591+05:30,455.3,461.25,454.3,457.2000000000001,5989.0,3313.0,139,2746743.349999999
2026-08-12 09:44:53.434406466+05:30,457.25,459.05,454.8,455.7000000000001,5735.0,2348.0,144,2620151.9499999993
2026-08-12 09:48:43.489091413+05:30,455.85,456.7000000000001,450.9,453.15,5782.0,2413.0,140,2623743.900000002
2026-08-12 09:54:00.732703846+05:30,453.35,457.6,452.2000000000001,454.4500000000001,5724.0,3682.0,120,2601713.000000002
2026-08-12 09:58:49.090284284+05:30,454.4500000000001,459.6,454.25,457.9500000000001,5742.0,3917.0,113,2627248.1999999993
2026-08-12 10:06:16.959662634+05:30,457.8,464.7000000000001,457.65,464.5,5652.0,3233.0,154,2610506.9
2026-08-12 10:12:40.941192341+05:30,464.3,468.2000000000001,459.9,467.4,5591.0,3338.0,129,2591239.55
2026-08-12 10:18:14.392550968+05:30,467.75,472.9,467.4500000000001,470.05,5598.0,3356.0,109,2633007.099999999
2026-08-12 10:24:19.234014351+05:30,469.8,473.3,469.5,473.3,5545.0,3324.0,114,2612338.75
2026-08-12 10:32:32.851251623+05:30,473.2000000000001,474.0,467.1,468.35,5580.0,2768.0,161,2628758.1000000006
2026-08-12 10:40:21.609546350+05:30,467.55,470.3,465.4,466.5,5547.0,3086.0,131,2591934.95
2026-08-12 10:46:44.712452033+05:30,466.6,468.7000000000001,462.8,463.1,5583.0,2511.0,120,2602421.2500000014
2026-08-12 10:53:52.061323315+05:30,462.9,468.1,462.55,465.0,5719.0,2748.0,130,2660923.1000000015
2026-08-12 11:01:05.815705058+05:30,465.05,468.9,463.8,466.6,5620.0,3008.0,120,2619956.1999999997
2026-08-12 11:06:02.922164413+05:30,466.4,467.7000000000001,464.3,465.15,5594.0,2363.0,86,2604996.9999999995
2026-08-12 11:14:26.291261259+05:30,464.8,467.4,461.4,465.15,5672.0,3107.0,145,2633081.5999999987
2026-08-12 11:22:15.629029558+05:30,465.4,467.05,462.9500000000001,465.85,5593.0,2826.0,120,2600904.6499999994
2026-08-12 11:31:23.994901091+05:30,465.3,474.8,464.85,473.85,5522.0,3245.0,126,2603434.999999999
2026-08-12 11:40:02.854717460+05:30,473.85,478.7000000000001,473.4,478.4,5453.0,3481.0,135,2592663.5500000007
2026-08-12 11:49:09.083166884+05:30,478.4,485.0,477.25,479.2000000000001,6074.0,3072.0,135,2921499.7
2026-08-12 11:58:34.057053479+05:30,479.85,487.1,479.7000000000001,486.4,5393.0,2601.0,127,2604448.3000000007
2026-08-12 12:07:18.523753139+05:30,486.3,486.6,481.25,484.55,5385.0,3285.0,127,2610332.5999999996
2026-08-12 12:14:40.147597707+05:30,484.85,488.35,483.4500000000001,486.75,5509.0,2861.0,99,2679794.9499999997
2026-08-12 12:22:22.735496876+05:30,486.65,489.25,483.7000000000001,485.25,5332.0,2985.0,116,2591189.3499999996
2026-08-12 12:32:03.507255515+05:30,485.05,485.6,480.1,481.9,5373.0,2398.0,126,2593264.7
2026-08-12 12:41:43.417433555+05:30,481.7000000000001,482.9500000000001,476.85,477.9,5442.0,2072.0,118,2611417.7499999986
2026-08-12 12:50:53.452204692+05:30,478.0,479.6,474.35,475.6,5454.0,2697.0,140,2600136.4499999983
2026-08-12 12:58:53.081872834+05:30,475.55,475.8,471.55,473.7000000000001,5576.0,2958.0,122,2637188.35
2026-08-12 13:05:10.463598168+05:30,473.8,479.1,473.6,479.1,5767.0,4044.0,113,2748811.5500000003
2026-08-12 13:10:46.787063925+05:30,479.15,479.25,475.75,478.25,5426.0,2701.0,91,2592653.400000001
2026-08-12 13:19:40.489772867+05:30,478.55,484.15,478.2000000000001,482.9500000000001,5477.0,3103.0,128,2640613.3999999985
2026-08-12 13:28:44.409501016+05:30,483.3,483.9500000000001,479.85,482.4500000000001,5425.0,2354.0,126,2616074.2500000005
2026-08-12 13:38:09.058533308+05:30,482.5,486.65,481.55,486.6,5440.0,2843.0,148,2632315.149999999
2026-08-12 13:44:43.014751278+05:30,486.4,490.4,485.4,487.85,5380.0,2807.0,102,2624613.7999999993
2026-08-12 13:50:24.092173355+05:30,487.55,490.75,486.7000000000001,488.4500000000001,5344.0,1977.0,119,2610513.999999999
2026-08-12 13:56:23.281974626+05:30,488.3,490.9,486.4,488.0,5311.0,2206.0,103,2591499.75
2026-08-12 14:03:23.641789281+05:30,488.0,492.55,486.55,490.6,5393.0,2579.0,99,2644916.5
2026-08-12 14:10:12.520822424+05:30,490.4,491.15,486.4500000000001,488.5,5320.0,2683.0,121,2603392.849999998
2026-08-12 14:14:18.078253647+05:30,488.4500000000001,490.35,487.55,489.3,5316.0,1920.0,95,2600125.4000000004
2026-08-12 14:20:40.766932476+05:30,489.4,490.3,486.4,486.9,5351.0,2281.0,116,2615068.000000001
2026-08-12 14:28:34.040831600+05:30,487.2000000000001,491.6,486.6,487.3,5314.0,2263.0,130,2597864.199999999
2026-08-12 14:33:30.964915567+05:30,486.9,488.05,479.3,479.65,5383.0,2668.0,118,2598872.0
2026-08-12 14:38:56.265829688+05:30,480.05,485.4500000000001,479.15,479.55,5377.0,2438.0,125,2593439.1500000013
2026-08-12 14:46:05.961785845+05:30,479.6,482.75,472.85,472.85,5424.0,2262.0,141,2600709.3000000003
2026-08-12 14:50:52.958208580+05:30,472.7000000000001,473.0,468.9500000000001,470.65,5958.0,3596.0,111,2803814.3500000006
2026-08-12 14:54:49.627568163+05:30,470.35,475.5,469.8,475.35,5490.0,3026.0,97,2595950.099999999
2026-08-12 15:00:03.258548807+05:30,475.2000000000001,475.55,469.65,469.65,5617.0,2470.0,140,2649825.350000001
2026-08-12 15:04:21.785678330+05:30,469.5,471.1,466.25,467.15,5658.0,2812.0,147,2654281.8499999987
2026-08-12 15:09:11.103273015+05:30,467.25,470.65,466.75,469.0,5645.0,3285.0,130,2644143.450000001
2026-08-12 15:13:13.581757877+05:30,469.15,472.0,467.9500000000001,469.1,5511.0,2489.0,135,2591278.0500000003
2026-08-12 15:16:18.595972285+05:30,469.2000000000001,472.8,462.85,464.05,5571.0,2762.0,114,2603763.7
2026-08-12 15:19:33.777421524+05:30,463.7000000000001,471.15,463.65,468.6,5582.0,3331.0,126,2612404.900000001
2026-08-12 15:22:03.212737306+05:30,468.6,474.75,468.6,473.85,5573.0,2759.0,136,2634307.6999999997
2026-08-12 15:24:22.622050275+05:30,473.9500000000001,474.85,466.1,466.1,5529.0,1898.0,127,2609895.95
2026-08-12 15:26:21.648274112+05:30,466.65,470.0,465.0,468.1,5669.0,2838.0,137,2649864.7499999995
2026-08-12 15:27:33.763536513+05:30,467.9,468.65,464.3,467.5,5601.0,3488.0,118,2613170.05
2026-08-12 15:28:25.380673241+05:30,467.9500000000001,475.65,467.9500000000001,473.0,5613.0,2846.0,105,2653147.5000000005
2026-08-12 15:29:13.914047018+05:30,472.6,477.5,469.65,477.5,5498.0,2607.0,130,2601295.1000000006
2026-08-12 15:29:37.537324932+05:30,477.65,478.75,475.1,477.3,5516.0,3917.0,93,2632302.849999999
2026-08-12 15:29:54.620974485+05:30,477.85,478.75,476.15,478.25,5433.0,2832.0,111,2593392.8499999996
2026-08-12 15:29:59.604499535+05:30,478.15,479.1,476.75,478.7000000000001,5425.0,2391.0,97,2592163.5999999996
2026-08-13 09:15:01.631251088+05:30,478.35,479.15,473.35,478.8,5704.0,2174.0,117,2720274.4500000007
2026-08-13 09:15:15.345260368+05:30,479.25,481.4500000000001,476.05,481.3,5888.0,3471.0,108,2820060.0500000003
2026-08-13 09:15:53.298929246+05:30,480.9,485.35,480.9,484.9500000000001,5386.0,3045.0,147,2601879.0000000005
2026-08-13 09:16:32.526410728+05:30,484.85,493.55,484.75,492.1,5354.0,3355.0,110,2623128.5500000003
2026-08-13 09:17:47.611937551+05:30,492.0,493.2000000000001,488.25,491.85,5285.0,2316.0,130,2595927.600000001
2026-08-13 09:19:38.577132800+05:30,490.7000000000001,494.4,489.0,490.35,5290.0,3027.0,148,2596495.9000000004
2026-08-13 09:21:31.103679444+05:30,490.4500000000001,490.8,484.6,487.85,5362.0,2546.0,118,2614213.750000001
2026-08-13 09:23:30.141724131+05:30,487.75,490.9,485.65,486.8,5309.0,2593.0,110,2592810.8499999996
2026-08-13 09:25:43.440986606+05:30,486.35,489.4,485.15,485.3,5432.0,2487.0,112,2644863.3
2026-08-13 09:28:35.128676066+05:30,485.5,489.9500000000001,484.9500000000001,487.25,5345.0,2809.0,139,2601927.3000000007
2026-08-13 09:31:33.377356294+05:30,487.3,488.3,484.85,486.8,5332.0,2432.0,112,2595637.4999999995
2026-08-13 09:34:46.475869974+05:30,487.3,488.6,485.1,485.9500000000001,5322.0,2520.0,112,2591073.3000000003
2026-08-13 09:38:40.243066678+05:30,485.65,488.55,481.5,484.75,5352.0,2480.0,129,2595837.9499999997
2026-08-13 09:43:35.958343800+05:30,485.0,490.9500000000001,484.2000000000001,488.0,5310.0,3015.0,144,2593056.6499999994
2026-08-13 09:47:21.010169313+05:30,488.4500000000001,490.05,487.0,489.15,5485.0,2442.0,115,2680049.200000001
2026-08-13 09:51:56.393474837+05:30,487.8,494.5,487.3,493.9500000000001,5553.0,2705.0,118,2724791.6500000004
2026-08-13 09:55:45.008167550+05:30,493.85,495.25,490.35,492.75,5449.0,2879.0,104,2686582.5000000005
2026-08-13 10:01:15.699912216+05:30,493.2000000000001,495.4500000000001,488.15,488.5,5318.0,1995.0,116,2615421.0000000005
2026-08-13 10:07:41.578685335+05:30,488.55,488.75,483.8,484.4500000000001,5379.0,2025.0,146,2618466.35
2026-08-13 10:13:56.852813327+05:30,484.35,493.15,484.3,491.4,5312.0,3429.0,133,2599411.4499999993
2026-08-13 10:20:57.047219662+05:30,491.4500000000001,493.0,486.6,486.6,5274.0,2288.0,129,2590769.449999998
2026-08-13 10:27:17.810689117+05:30,486.15,487.4,481.3,481.3,5349.0,1889.0,117,2595963.2499999995
2026-08-13 10:35:36.121308602+05:30,481.4,483.9500000000001,479.65,482.4500000000001,5449.0,3008.0,139,2625571.2000000007
2026-08-13 10:43:09.898860393+05:30,482.4,488.6,481.7000000000001,488.55,5384.0,2846.0,127,2618705.8000000003
2026-08-13 10:51:13.241357568+05:30,488.55,491.8,487.7000000000001,491.8,5301.0,3034.0,138,2593382.5499999984
2026-08-13 10:57:51.832264076+05:30,492.25,493.35,488.35,489.5,5282.0,2619.0,122,2593577.099999999
2026-08-13 11:04:02.849578350+05:30,489.8,491.6,488.0,490.7000000000001,5295.0,2741.0,103,2592808.099999999
2026-08-13 11:13:08.487702114+05:30,490.9500000000001,491.55,484.0,490.55,5339.0,3508.0,129,2605900.3000000003
2026-08-13 11:19:37.787935846+05:30,490.7000000000001,491.65,483.4500000000001,484.4500000000001,5317.0,1836.0,112,2593377.0500000003
2026-08-13 11:25:19.192105520+05:30,484.4,486.25,481.4,485.9,5413.0,2663.0,93,2618536.5
2026-08-13 11:34:26.085131549+05:30,485.3,488.35,481.5,484.0,5358.0,2356.0,140,2598539.75
2026-08-13 11:44:46.774372510+05:30,484.05,485.15,480.3,482.85,5379.0,2263.0,142,2592984.75
2026-08-13 11:53:04.067344614+05:30,482.9500000000001,484.25,478.3,478.9,5452.0,2763.0,113,2622873.450000001
2026-08-13 11:59:34.492322814+05:30,479.35,481.4500000000001,474.55,475.1,5467.0,2754.0,109,2607357.1999999997
2026-08-13 12:09:10.931733844+05:30,475.65,479.0,472.65,477.8,5788.0,2579.0,133,2752246.3999999994
2026-08-13 12:20:01.126228673+05:30,477.15,480.5,475.9,476.1,5417.0,2273.0,138,2591084.4000000022
2026-08-13 12:29:34.233482149+05:30,475.9500000000001,479.65,475.2000000000001,477.75,5439.0,2742.0,123,2599351.85
2026-08-13 12:38:14.095763665+05:30,478.1,478.85,473.9500000000001,474.6,5537.0,2448.0,106,2634803.9
2026-08-13 12:48:19.215786156+05:30,474.85,476.25,470.65,472.6,5483.0,2718.0,143,2595015.4999999995
2026-08-13 12:56:35.487398365+05:30,472.6,476.9,472.55,476.65,5472.0,3686.0,118,2595074.75
2026-08-13 13:03:29.193123545+05:30,476.6,480.55,476.05,478.9500000000001,5421.0,3051.0,112,2594844.300000001
2026-08-13 13:13:39.454768598+05:30,478.9500000000001,482.0,477.65,481.0,5460.0,3279.0,118,2618123.6500000004
2026-08-13 13:20:39.147600459+05:30,480.8,485.4,479.25,482.2000000000001,5490.0,3480.0,94,2643727.9499999997
2026-08-13 13:28:31.412008429+05:30,481.9500000000001,488.5,481.55,488.5,5361.0,3234.0,115,2603822.7999999993
2026-08-13 13:37:19.747140988+05:30,488.3,495.9500000000001,488.25,494.5,5262.0,3322.0,116,2593237.4500000007
2026-08-13 13:43:40.776120356+05:30,494.75,502.55,493.9,502.3,5213.0,3617.0,105,2601036.7500000014
2026-08-13 13:51:47.661201044+05:30,502.25,505.9,501.4500000000001,503.1,5164.0,2790.0,125,2600107.25
2026-08-13 13:59:08.071338627+05:30,503.3,505.7000000000001,501.9,502.85,5320.0,3422.0,104,2681511.5499999993
2026-08-13 14:06:20.021135917+05:30,502.3,505.75,500.2000000000001,505.15,5232.0,2549.0,120,2633505.5
2026-08-13 14:13:19.377888157+05:30,505.85,508.25,502.25,503.25,5185.0,2159.0,117,2621723.5000000014
2026-08-13 14:19:32.942949298+05:30,503.35,505.05,500.4,503.4500000000001,5191.0,1554.0,103,2609572.6500000004
2026-08-13 14:26:03.046472697+05:30,503.9500000000001,506.55,501.8,506.0,5143.0,2912.0,120,2592579.9499999997
2026-08-13 14:32:42.008298049+05:30,506.2000000000001,508.8,502.6,506.1,5144.0,3239.0,110,2603101.4999999986
2026-08-13 14:37:39.782878613+05:30,506.0,506.85,501.0,501.15,5143.0,2439.0,105,2591268.3500000006
2026-08-13 14:42:53.176071741+05:30,501.6,503.7000000000001,499.85,500.1,5173.0,2412.0,118,2596069.05
2026-08-13 14:48:22.769765468+05:30,500.1,500.4,492.0,492.0,5310.0,2211.0,107,2631874.5999999996
2026-08-13 14:52:31.783622300+05:30,492.25,500.2000000000001,491.6,500.2000000000001,5241.0,2309.0,100,2591961.5000000005
2026-08-13 14:58:38.856258614+05:30,500.4,501.4500000000001,491.5,491.5,5257.0,1634.0,133,2601532.8999999994
2026-08-13 15:02:19.219575960+05:30,491.5,493.75,488.7000000000001,493.6,5296.0,3241.0,104,2600249.05
2026-08-13 15:05:11.319213653+05:30,493.3,493.9500000000001,489.3,491.15,5519.0,1695.0,83,2714382.55
2026-08-13 15:09:25.699438867+05:30,490.9,494.9500000000001,484.85,493.75,5459.0,3185.0,126,2671030.8999999994
2026-08-13 15:12:55.499779456+05:30,493.35,494.8,491.85,493.2000000000001,5288.0,2246.0,102,2607498.299999999
2026-08-13 15:15:48.493538944+05:30,493.35,497.7000000000001,492.7000000000001,494.9,5256.0,2554.0,113,2602525.55
2026-08-13 15:19:23.545642938+05:30,494.55,497.85,493.15,497.85,5344.0,3166.0,141,2647715.3500000006
2026-08-13 15:21:27.053063813+05:30,497.9500000000001,499.1,496.35,497.15,5280.0,2730.0,101,2627883.9
2026-08-13 15:23:24.018117327+05:30,497.55,499.0,494.35,496.0,5274.0,2958.0,95,2622074.0999999996
2026-08-13 15:25:25.604782983+05:30,495.4500000000001,500.0,491.9500000000001,497.4500000000001,5235.0,2364.0,124,2594983.8000000003
2026-08-13 15:26:46.741584071+05:30,497.9500000000001,497.9500000000001,492.7000000000001,495.4500000000001,5287.0,2538.0,121,2620048.05
2026-08-13 15:27:47.098770896+05:30,495.75,496.4,491.5,492.3,5273.0,2698.0,83,2603882.8000000007
2026-08-13 15:28:40.283646165+05:30,492.3,497.8,491.65,497.8,5270.0,2682.0,106,2604540.4
2026-08-13 15:29:23.810221297+05:30,497.85,498.85,493.75,494.05,5249.0,2268.0,129,2603545.0499999993
2026-08-13 15:29:41.475714554+05:30,494.6,498.85,493.6,495.4,5235.0,2785.0,84,2594511.5500000003
2026-08-13 15:29:54.095272889+05:30,495.55,497.2000000000001,493.5,493.85,5358.0,2016.0,80,2652902.9499999993
2026-08-13 15:29:59.686035277+05:30,494.3,495.9,492.15,492.9,5276.0,2754.0,88,2605931.3000000003
2026-08-14 09:15:03.993708885+05:30,492.75,494.05,487.65,488.4500000000001,5391.0,2821.0,120,2645752.5499999993
2026-08-14 09:15:27.314790625+05:30,489.05,489.05,479.8,481.1,5403.0,1865.0,131,2614417.9
2026-08-14 09:15:56.800817980+05:30,480.75,487.6,480.25,483.8,5424.0,2296.0,86,2624139.25
2026-08-14 09:16:54.686968492+05:30,483.65,484.25,480.05,481.5,5538.0,2305.0,124,2669860.3000000003
2026-08-14 09:18:39.307565970+05:30,481.6,484.4,478.4500000000001,482.65,5422.0,2729.0,139,2609874.5500000003
2026-08-14 09:20:23.695192881+05:30,483.05,483.05,478.7000000000001,481.05,5419.0,2237.0,113,2606930.5500000007
2026-08-14 09:22:57.543593019+05:30,480.75,488.25,476.5,486.9,5612.0,3307.0,150,2701340.4500000007
2026-08-14 09:26:03.240741814+05:30,486.0,490.8,485.1,489.5,5378.0,3324.0,117,2624477.25
2026-08-14 09:28:38.228707531+05:30,489.85,496.8,489.85,496.4,5292.0,3163.0,107,2617757.15
2026-08-14 09:32:25.561392754+05:30,496.4500000000001,497.15,492.5,495.15,5268.0,3607.0,112,2608519.6000000006
2026-08-14 09:36:26.291516774+05:30,495.2000000000001,497.75,492.0,496.65,5262.0,3036.0,122,2604057.9
2026-08-14 09:42:12.960316715+05:30,496.7000000000001,500.8,494.8,499.0,5243.0,2570.0,139,2608769.7
2026-08-14 09:46:41.236339765+05:30,498.65,501.05,496.9,499.6,5221.0,2771.0,100,2607108.0500000003
2026-08-14 09:53:55.537510389+05:30,498.85,498.85,493.05,493.4,5257.0,1740.0,138,2608258.650000001
2026-08-14 09:59:22.868386068+05:30,493.2000000000001,495.85,491.75,494.4500000000001,5285.0,2931.0,120,2608287.049999998
2026-08-14 10:06:18.472584947+05:30,494.05,496.85,492.15,496.7000000000001,5244.0,2771.0,113,2594663.9500000007
2026-08-14 10:12:00.442243857+05:30,495.9500000000001,498.5,494.7000000000001,494.8,5274.0,1889.0,94,2618615.4
2026-08-14 10:19:02.098842266+05:30,493.5,498.35,493.0,497.35,5360.0,2657.0,104,2657146.500000001
2026-08-14 10:28:08.807088941+05:30,496.9,498.15,492.6,493.25,5233.0,2516.0,119,2591856.6000000006
2026-08-14 10:37:38.796335588+05:30,493.1,494.7000000000001,488.25,489.1,5271.0,2512.0,134,2592257.850000001
2026-08-14 10:46:20.033835346+05:30,489.05,491.75,487.85,488.4500000000001,5299.0,1792.0,112,2595005.2999999993
2026-08-14 10:55:26.620062481+05:30,488.4,494.4500000000001,488.0,494.3,5300.0,3432.0,115,2604189.9500000007
2026-08-14 11:07:32.241097312+05:30,493.9,493.9,489.0,493.35,5344.0,3054.0,130,2627707.5999999996
2026-08-14 11:16:06.972285469+05:30,493.4,495.05,490.7000000000001,492.7000000000001,5256.0,2540.0,114,2593352.8000000007
2026-08-14 11:28:25.988834948+05:30,492.7000000000001,498.75,492.7000000000001,495.4500000000001,5224.0,2558.0,127,2591965.849999999
2026-08-14 11:37:33.667739564+05:30,495.4500000000001,497.9500000000001,489.8,490.05,5242.0,2318.0,124,2590648.9499999997
2026-08-14 11:46:14.557095864+05:30,490.4,493.15,488.7000000000001,491.3,5296.0,2882.0,103,2600374.999999999
2026-08-14 11:59:33.845247865+05:30,491.3,495.55,490.9500000000001,493.55,5259.0,2898.0,135,2597630.3499999996
2026-08-14 12:10:23.265639251+05:30,493.6,493.85,489.8,493.2000000000001,5268.0,2118.0,126,2592656.45
2026-08-14 12:22:17.198608672+05:30,492.7000000000001,495.25,489.4,490.5,5264.0,1813.0,121,2591341.0499999993
2026-08-14 12:33:02.016923474+05:30,490.3,494.3,486.9,493.9,5347.0,2484.0,123,2623349.85
2026-08-14 12:44:12.515205139+05:30,493.9,495.1,491.35,493.0,5253.0,2625.0,103,2591728.35
2026-08-14 12:56:35.432829492+05:30,492.5,494.5,489.4500000000001,490.4500000000001,5289.0,2520.0,134,2602209.7000000007
2026-08-14 13:06:37.092424365+05:30,490.8,491.75,487.9,489.75,5309.0,2345.0,109,2599659.8999999994
2026-08-14 13:14:58.779875970+05:30,489.55,492.5,486.25,487.05,5314.0,3066.0,104,2596178.2500000005
2026-08-14 13:21:37.171946940+05:30,487.05,487.35,478.9,480.4,5368.0,1919.0,81,2590905.549999999
2026-08-14 13:33:03.825461684+05:30,481.4,481.4500000000001,475.7000000000001,478.9,5434.0,1826.0,134,2596691.3499999996
2026-08-14 13:43:24.135210572+05:30,479.2000000000001,481.3,476.05,476.85,5411.0,1995.0,121,2591352.35
2026-08-14 13:54:30.150971877+05:30,478.05,479.1,473.9,476.6,5460.0,2703.0,132,2601014.8
2026-08-14 14:03:33.042567149+05:30,476.6,477.35,469.25,469.55,5509.0,2292.0,113,2609022.050000001
2026-08-14 14:11:34.062560072+05:30,470.15,473.0,468.0,470.9500000000001,5518.0,3529.0,116,2594249.4499999993
2026-08-14 14:18:42.820734692+05:30,471.1,471.3,466.4,466.9500000000001,5580.0,3100.0,107,2616721.3000000017
2026-08-14 14:25:36.065407732+05:30,466.7000000000001,467.9500000000001,463.55,464.6,6116.0,2116.0,124,2846655.45
2026-08-14 14:35:34.070852691+05:30,464.25,470.15,462.6,469.1,5554.0,2854.0,151,2591021.15
2026-08-14 14:42:33.235436129+05:30,469.05,482.25,468.7000000000001,481.8,5489.0,3393.0,113,2612419.3500000006
2026-08-14 14:48:23.574984883+05:30,482.1,485.2000000000001,481.85,482.9500000000001,5365.0,3312.0,110,2595050.3500000006
2026-08-14 14:53:51.709712816+05:30,483.5,489.6,483.35,488.3,6660.0,3803.0,110,3240360.950000001
2026-08-14 14:59:29.096938587+05:30,488.1,489.75,482.9,483.6,5418.0,2916.0,116,2633697.85
2026-08-14 15:03:49.459919833+05:30,484.1,484.85,478.1,479.25,5402.0,2140.0,91,2600994.5500000007
2026-08-14 15:08:54.465102698+05:30,479.9500000000001,480.5,475.65,480.4,5491.0,2738.0,132,2625921.5499999984
2026-08-14 15:13:15.951478015+05:30,480.7000000000001,483.3,478.1,479.1,5420.0,2567.0,117,2602082.750000001
2026-08-14 15:17:16.329346132+05:30,479.15,479.5,475.55,476.1,5440.0,2870.0,146,2595218.0500000017
2026-08-14 15:20:41.218126500+05:30,475.75,478.15,471.9500000000001,471.9500000000001,5578.0,2792.0,131,2649824.600000001
2026-08-14 15:23:27.547733549+05:30,471.8,472.1,465.9,466.4500000000001,5699.0,2226.0,134,2673155.3499999996
2026-08-14 15:25:31.165564067+05:30,466.7000000000001,467.75,460.9,461.65,5582.0,2097.0,122,2594203.3499999987
2026-08-14 15:27:14.580098686+05:30,461.5,461.85,455.65,457.4500000000001,5666.0,1992.0,107,2596129.9
2026-08-14 15:28:17.286764137+05:30,457.15,459.6,456.55,458.9500000000001,5692.0,3795.0,87,2605935.600000001
2026-08-14 15:29:18.647343077+05:30,458.8,459.4,453.2000000000001,453.4500000000001,5728.0,2282.0,136,2609206.3500000006
2026-08-14 15:29:49.384245236+05:30,453.9,457.65,453.15,456.9500000000001,5721.0,3222.0,107,2606606.9499999997
2026-08-14 15:29:59.749556818+05:30,456.4500000000001,456.5,449.5,449.8,5726.0,2521.0,121,2593562.000000001
2026-08-17 09:15:08.689095597+05:30,449.8,453.6,447.35,451.85,5757.0,3229.0,123,2595654.8500000006
2026-08-17 09:16:04.255299887+05:30,451.65,458.65,448.55,456.4500000000001,5790.0,3697.0,131,2624746.3499999996
2026-08-17 09:17:52.429215421+05:30,456.55,457.65,454.4,457.0,5794.0,3635.0,121,2642502.3
2026-08-17 09:20:56.850412086+05:30,457.1,459.1,455.4500000000001,458.3,5689.0,3133.0,135,2599561.1000000006
2026-08-17 09:25:26.987451014+05:30,457.9500000000001,457.9500000000001,450.8,455.7000000000001,6755.0,3730.0,142,3063739.4500000007
2026-08-17 09:30:19.262541319+05:30,455.55,458.3,454.35,454.4500000000001,5733.0,2570.0,134,2617173.5999999996
2026-08-17 09:36:55.349888783+05:30,454.4500000000001,457.0,452.85,454.1,5711.0,3144.0,136,2595933.200000001
2026-08-17 09:44:15.711668100+05:30,453.85,456.05,448.85,448.85,5750.0,2078.0,134,2603849.4499999993
2026-08-17 09:52:59.676137200+05:30,449.15,449.65,440.9,441.4,5822.0,2933.0,141,2594520.4000000004
2026-08-17 10:01:53.157306803+05:30,441.4500000000001,443.35,441.25,442.5,5872.0,2708.0,111,2597242.6500000004
2026-08-17 10:12:22.786358828+05:30,442.35,444.2000000000001,440.35,443.15,5872.0,3161.0,132,2598686.000000001
2026-08-17 10:22:10.548679049+05:30,443.05,448.0,442.6,448.0,5819.0,3751.0,140,2591001.5000000005
2026-08-17 10:32:34.801444371+05:30,447.05,453.0,446.7000000000001,451.0,5773.0,2717.0,105,2593371.5000000005
2026-08-17 10:45:45.713878481+05:30,451.2000000000001,456.5,450.4,455.15,5742.0,2804.0,137,2606644.700000002
2026-08-17 11:00:10.739810045+05:30,455.4500000000001,459.7000000000001,453.75,456.4,5720.0,3304.0,146,2611756.900000001
2026-08-17 11:15:11.830565787+05:30,456.6,461.3,456.05,458.15,5883.0,3299.0,146,2699331.1
2026-08-17 11:28:53.650482920+05:30,458.7000000000001,465.3,458.3,463.75,5712.0,3951.0,109,2641357.3500000006
2026-08-17 11:45:41.460227466+05:30,463.85,468.15,461.6,467.7000000000001,5625.0,3355.0,133,2610653.2499999995
2026-08-17 11:56:59.586449528+05:30,467.6,467.6,460.7000000000001,462.5,5605.0,2368.0,101,2600036.499999999
2026-08-17 12:12:23.647626614+05:30,462.8,462.85,460.2000000000001,461.4500000000001,5674.0,2159.0,104,2618966.050000001
2026-08-17 12:29:29.818372087+05:30,461.75,462.05,458.4500000000001,460.0,5641.0,2963.0,137,2595333.5999999996
2026-08-17 12:42:43.503327673+05:30,459.9500000000001,464.7000000000001,459.3,464.35,5735.0,2751.0,110,2647410.0000000014
2026-08-17 12:56:14.995270668+05:30,464.1,464.9500000000001,460.4,461.55,5629.0,2553.0,126,2606904.3999999994
2026-08-17 13:12:07.301012674+05:30,461.75,462.65,452.5,453.35,5686.0,2238.0,143,2610021.399999999
2026-08-17 13:28:54.823178634+05:30,453.4500000000001,456.15,451.4500000000001,455.15,5829.0,3443.0,137,2647572.749999999
2026-08-17 13:43:08.014354762+05:30,455.15,458.0,453.9500000000001,454.15,5720.0,2890.0,116,2608921.500000002
2026-08-17 13:53:00.629933132+05:30,454.1,454.8,449.9,449.9,5740.0,2499.0,89,2596524.45
2026-08-17 14:03:55.281866524+05:30,449.85,450.9,446.35,447.4500000000001,5861.0,2940.0,134,2626747.3500000006
2026-08-17 14:15:15.434843459+05:30,447.55,451.4,446.4,450.9,6308.0,2542.0,125,2831253.2
2026-08-17 14:23:38.716373226+05:30,451.2000000000001,455.0,451.2000000000001,453.1,5764.0,3586.0,104,2612941.2999999993
2026-08-17 14:36:19.761791175+05:30,453.05,456.7000000000001,444.6,444.6,5810.0,2994.0,159,2621396.550000001
2026-08-17 14:45:43.170468351+05:30,444.85,445.75,439.3,441.0,6024.0,2256.0,119,2664577.6500000004
2026-08-17 14:53:57.976387267+05:30,440.55,444.7000000000001,440.4,441.7000000000001,5875.0,2265.0,121,2598601.5000000005
2026-08-17 15:04:56.985457243+05:30,441.75,442.85,438.8,439.35,5905.0,2898.0,155,2602015.3500000015
2026-08-17 15:11:22.294122431+05:30,439.5,439.5,430.8,431.5,6017.0,1991.0,114,2616595.950000001
2026-08-17 15:17:39.706919491+05:30,431.55,435.7000000000001,429.4500000000001,435.4,6025.0,2638.0,142,2601923.3000000007
2026-08-17 15:22:07.562936445+05:30,435.15,437.75,433.5,434.8,5987.0,2708.0,125,2608203.400000001
2026-08-17 15:25:09.000112428+05:30,435.4,445.85,434.4,443.75,5912.0,3842.0,127,2603046.2500000005
2026-08-17 15:27:54.345993426+05:30,443.85,449.55,443.0,448.4,5945.0,3659.0,130,2653751.800000001
2026-08-17 15:29:12.390468684+05:30,448.75,454.25,447.5,453.9,5942.0,3430.0,125,2675842.3000000003
2026-08-17 15:29:49.525653606+05:30,454.2000000000001,456.15,451.4500000000001,452.1,5715.0,3052.0,99,2593766.7500000005
2026-08-18 09:15:00.165670279+05:30,452.25,454.5,447.5,449.0,5775.0,2569.0,124,2604306.6000000006
2026-08-18 09:15:13.753916791+05:30,449.5,452.4500000000001,449.2000000000001,449.6,5787.0,3084.0,112,2608691.0500000003
2026-08-18 09:15:54.320236347+05:30,449.6,454.2000000000001,449.6,452.4500000000001,5738.0,2583.0,123,2596684.5
2026-08-18 09:17:25.356467590+05:30,452.4,459.15,452.1,458.6,5691.0,2604.0,147,2596472.9500000007
2026-08-18 09:19:42.982013857+05:30,458.6,463.5,458.2000000000001,461.1,5639.0,2993.0,129,2597284.8500000006
2026-08-18 09:21:57.180021051+05:30,461.4500000000001,462.3,457.15,458.6,5634.0,2014.0,113,2591750.0999999996
2026-08-18 09:25:16.229766420+05:30,458.8,465.05,458.8,463.0,5654.0,3052.0,123,2615268.65
2026-08-18 09:28:55.772481439+05:30,463.1,463.3,458.25,460.3,5723.0,2720.0,118,2638777.5
2026-08-18 09:32:46.110937232+05:30,460.3,463.6,458.75,459.5,5631.0,2132.0,127,2596215.9499999997
2026-08-18 09:38:36.944923134+05:30,459.25,459.7000000000001,454.9500000000001,455.3,5673.0,2358.0,125,2596054.25
2026-08-18 09:44:15.038488139+05:30,455.3,458.2000000000001,455.1,456.4,5684.0,3244.0,117,2595086.949999999
2026-08-18 09:51:40.209244196+05:30,455.9500000000001,462.4500000000001,455.5,461.55,5644.0,2850.0,146,2597593.0500000003
2026-08-18 09:58:53.304886282+05:30,461.6,462.15,458.05,458.05,5655.0,2453.0,115,2599162.3
2026-08-18 10:07:43.535658745+05:30,458.0,459.9500000000001,456.85,457.5,5654.0,2490.0,140,2591193.7000000007
2026-08-18 10:13:18.315374041+05:30,457.25,463.6,456.8,463.2000000000001,5677.0,3987.0,98,2610623.8000000007
2026-08-18 10:20:58.985013589+05:30,463.0,464.9500000000001,459.7000000000001,463.7000000000001,5646.0,2902.0,110,2609462.3
2026-08-18 10:29:53.604907397+05:30,463.85,464.0,459.8,461.85,5610.0,2496.0,131,2590651.9
2026-08-18 10:43:15.148132641+05:30,461.7000000000001,469.75,461.25,468.9,5654.0,2788.0,150,2637748.8499999996
2026-08-18 10:51:56.547335841+05:30,468.4,469.5,465.6,468.35,5578.0,2210.0,97,2608704.349999999
2026-08-18 11:01:26.144116184+05:30,468.2000000000001,469.05,464.75,465.25,5554.0,3554.0,118,2592205.650000001
2026-08-18 11:11:59.174239789+05:30,465.75,465.75,455.1,455.5,5636.0,2247.0,124,2594083.1000000006
2026-08-18 11:23:46.349980836+05:30,455.5,456.0,448.9500000000001,451.85,5750.0,2273.0,136,2600763.6500000004
2026-08-18 11:34:20.198005567+05:30,452.25,456.05,452.15,456.0,5759.0,3543.0,119,2612985.0500000003
2026-08-18 11:43:41.144398287+05:30,455.8,458.4500000000001,453.9500000000001,457.55,5690.0,2810.0,101,2593906.5499999993
2026-08-18 11:58:28.085028417+05:30,456.9500000000001,462.55,456.25,462.3,5644.0,3050.0,151,2590947.0500000017
2026-08-18 12:11:09.052920607+05:30,461.4500000000001,463.9500000000001,455.05,455.4,5657.0,2881.0,121,2610624.1
2026-08-18 12:25:17.461137302+05:30,455.65,458.15,454.1,456.9500000000001,5922.0,3620.0,125,2704896.049999999
2026-08-18 12:36:58.686619571+05:30,457.05,458.25,455.9,456.25,5740.0,3182.0,128,2623656.25
2026-08-18 12:51:32.199131281+05:30,456.3,457.15,450.15,454.25,5714.0,3096.0,150,2592525.7500000005
2026-08-18 13:05:36.224282837+05:30,454.6,458.35,452.85,456.05,5700.0,3159.0,155,2596060.5
2026-08-18 13:15:15.613576648+05:30,456.15,459.1,455.6,456.9,5693.0,2998.0,106,2602459.9000000004
2026-08-18 13:24:58.486830209+05:30,456.9,457.4,451.9500000000001,452.15,5720.0,2407.0,117,2601102.699999999
2026-08-18 13:36:11.856463818+05:30,451.75,453.0,448.55,452.1,5826.0,2183.0,116,2631019.6499999994
2026-08-18 13:46:09.930787523+05:30,451.9500000000001,455.1,450.2000000000001,454.25,5853.0,2816.0,106,2649726.4
2026-08-18 13:57:00.382957726+05:30,454.4500000000001,455.3,448.6,448.85,5795.0,2781.0,123,2620582.500000001
2026-08-18 14:02:34.592570597+05:30,449.35,453.4500000000001,448.35,450.65,5806.0,3075.0,78,2621653.85
2026-08-18 14:10:39.759818092+05:30,450.85,452.85,449.4500000000001,452.05,5813.0,3034.0,111,2623331.900000001
2026-08-18 14:17:30.914118788+05:30,451.8,454.1,450.35,451.15,5862.0,1806.0,110,2647981.9000000004
2026-08-18 14:28:10.584242432+05:30,450.6,451.05,446.8,449.1,5840.0,2829.0,137,2624363.1999999997
2026-08-18 14:35:42.628116425+05:30,449.55,458.15,449.55,456.5,5724.0,2697.0,96,2593495.9999999995
2026-08-18 14:43:04.079694341+05:30,457.05,457.55,448.9,448.9,5784.0,1896.0,129,2620071.0999999996
2026-08-18 14:48:47.957387110+05:30,448.85,454.15,446.9500000000001,453.55,5885.0,3265.0,103,2654519.899999999
2026-08-18 14:56:53.431483606+05:30,453.55,456.1,447.65,450.6,5740.0,2838.0,150,2593610.05
2026-08-18 15:02:34.824712650+05:30,450.35,450.7000000000001,445.0,445.1,5810.0,2093.0,113,2601197.7999999984
2026-08-18 15:09:23.209837+05:30,445.05,445.6,441.4500000000001,443.65,5839.0,2775.0,147,2591211.2
2026-08-18 15:14:10.249278756+05:30,443.65,446.65,442.4,443.05,5876.0,2655.0,128,2612895.900000001
2026-08-18 15:19:01.967168371+05:30,442.6,442.6,439.55,440.3,6116.0,2669.0,150,2696607.499999999
2026-08-18 15:22:50.362710370+05:30,440.85,447.0,440.4,441.65,5927.0,3608.0,127,2624729.35
2026-08-18 15:25:35.615140165+05:30,441.35,447.65,440.7000000000001,444.65,5847.0,3126.0,141,2598144.55
2026-08-18 15:27:58.695253632+05:30,444.1,451.25,443.25,451.25,5845.0,4194.0,132,2614948.4500000007
2026-08-18 15:29:29.550593534+05:30,451.3,454.5,449.25,450.05,5737.0,2751.0,165,2595095.1999999997
2026-08-18 15:29:56.544108964+05:30,449.9500000000001,456.3,449.4500000000001,456.2000000000001,5799.0,3345.0,133,2629521.5499999984
2026-08-19 09:15:00.174371917+05:30,456.6,456.7000000000001,452.3,456.25,5715.0,3708.0,101,2600183.35
2026-08-19 09:15:09.507724890+05:30,456.35,460.4,453.3,458.7000000000001,5691.0,3153.0,115,2593084.4
2026-08-19 09:15:36.131741068+05:30,459.5,465.55,459.05,463.35,5631.0,2831.0,110,2602338.999999999
2026-08-19 09:16:44.793277013+05:30,463.5,468.1,460.7000000000001,465.85,5741.0,2603.0,136,2667512.6500000013
2026-08-19 09:18:10.694392354+05:30,465.4,467.55,462.3,462.3,5606.0,2483.0,123,2608484.999999999
2026-08-19 09:20:19.234607813+05:30,462.25,467.6,462.25,467.55,5600.0,2379.0,131,2605045.0000000005
2026-08-19 09:23:33.882492402+05:30,467.85,472.4,465.6,470.75,5532.0,3317.0,139,2595441.1499999994
2026-08-19 09:27:53.557575757+05:30,470.8,472.3,464.9500000000001,468.25,5634.0,2930.0,138,2637922.5500000007
2026-08-19 09:31:52.233941845+05:30,468.6,471.9500000000001,467.25,468.55,5560.0,2695.0,128,2606932.1
2026-08-19 09:36:49.257460986+05:30,468.65,471.8,468.0,471.4500000000001,5555.0,2754.0,116,2606255.8999999985
2026-08-19 09:43:46.838336782+05:30,472.05,477.9,470.15,477.9,5531.0,2949.0,150,2620596.25
2026-08-19 09:48:00.229410052+05:30,478.4,479.55,477.0,479.55,5423.0,3193.0,85,2592202.2500000005
2026-08-19 09:55:37.295923424+05:30,479.4500000000001,481.75,474.9,475.7000000000001,5445.0,3141.0,145,2604859.099999999
2026-08-19 10:03:32.064377711+05:30,476.25,481.8,475.0,480.7000000000001,5438.0,3104.0,124,2601012.9000000004
2026-08-19 10:12:34.004669148+05:30,480.4,480.4500000000001,473.6,476.75,5627.0,3094.0,128,2678118.9
2026-08-19 10:20:55.431661671+05:30,476.9500000000001,482.2000000000001,476.75,482.15,5492.0,3741.0,121,2632676.0500000003
2026-08-19 10:28:53.266817018+05:30,482.4,487.4500000000001,481.15,487.0,5354.0,3416.0,94,2594984.7
2026-08-19 10:39:01.588933500+05:30,486.9500000000001,491.0,486.8,489.35,5321.0,2730.0,128,2602123.050000001
2026-08-19 10:49:34.442681596+05:30,489.2000000000001,491.05,487.8,488.9500000000001,5310.0,2903.0,131,2600832.2000000007
2026-08-19 10:58:05.176232387+05:30,489.35,489.75,486.8,488.05,5347.0,1925.0,115,2611590.9499999993
2026-08-19 11:07:51.895840820+05:30,488.1,489.0,485.8,485.8,5340.0,3045.0,112,2604525.3000000003
2026-08-19 11:20:25.965408155+05:30,486.15,487.05,478.2000000000001,478.2000000000001,5376.0,2242.0,127,2597100.300000001
2026-08-19 11:33:05.889111001+05:30,478.05,482.05,476.25,480.7000000000001,5456.0,3020.0,128,2610939.25
2026-08-19 11:40:30.646093765+05:30,480.8,482.05,479.0,481.1,5420.0,3271.0,88,2606144.0000000005
2026-08-19 11:50:21.322833283+05:30,481.3,481.3,474.7000000000001,474.9,5461.0,2408.0,104,2607171.3
2026-08-19 12:04:21.699948531+05:30,474.75,481.5,474.05,479.3,5466.0,2942.0,156,2617195.35
2026-08-19 12:16:32.141377181+05:30,479.7000000000001,480.75,476.05,478.75,5446.0,2973.0,149,2606586.4999999977
2026-08-19 12:29:39.198954817+05:30,479.25,479.8,472.7000000000001,476.05,5523.0,2330.0,130,2628556.1
2026-08-19 12:41:02.978798706+05:30,476.25,478.0,472.75,475.65,5471.0,2236.0,137,2602755.3500000006
2026-08-19 12:54:45.963062796+05:30,475.55,481.25,475.05,481.05,5439.0,3386.0,123,2591672.7
2026-08-19 13:05:18.293366329+05:30,480.9,490.05,480.3,490.05,5357.0,3315.0,108,2594125.45
2026-08-19 13:17:09.061198656+05:30,489.9500000000001,489.9500000000001,482.9,484.2000000000001,5348.0,2984.0,124,2597289.3499999987
2026-08-19 13:27:13.824726892+05:30,484.05,484.9500000000001,481.8,483.5,5414.0,2198.0,118,2615736.5000000005
2026-08-19 13:35:24.196923488+05:30,483.7000000000001,488.3,483.25,485.1,5781.0,2894.0,120,2809587.15
2026-08-19 13:44:59.533167221+05:30,484.9,486.2000000000001,483.2000000000001,485.3,5376.0,2406.0,126,2605531.0500000017
2026-08-19 13:54:46.102716142+05:30,485.1,490.4500000000001,483.85,488.3,6019.0,4420.0,112,2937293.55
2026-08-19 14:07:38.479028817+05:30,488.35,490.05,483.85,484.85,5348.0,2921.0,141,2603450.9500000007
2026-08-19 14:17:51.366179467+05:30,484.9500000000001,488.4,483.85,488.4,5350.0,2414.0,122,2598842.0
2026-08-19 14:25:19.269606149+05:30,488.2000000000001,489.5,485.9,485.9500000000001,5422.0,1905.0,113,2643905.599999999
2026-08-19 14:33:48.595390684+05:30,486.5,486.8,481.5,486.8,5398.0,2912.0,133,2615084.65
2026-08-19 14:42:08.214328249+05:30,486.85,487.35,479.6,479.7000000000001,5610.0,2833.0,132,2708191.2999999993
2026-08-19 14:49:22.498498201+05:30,479.8,481.35,477.9500000000001,479.0,5771.0,2647.0,121,2765615.1499999994
2026-08-19 14:55:13.379753382+05:30,479.2000000000001,480.7000000000001,478.4500000000001,479.4,5495.0,2367.0,106,2635393.7000000007
2026-08-19 15:02:10.951880954+05:30,479.2000000000001,480.3,475.35,480.3,5506.0,2595.0,134,2629468.5500000007
2026-08-19 15:09:07.498181505+05:30,481.05,482.9,479.65,482.05,5400.0,2162.0,136,2599888.1499999994
2026-08-19 15:13:39.973583469+05:30,481.65,487.15,480.5,484.05,5424.0,2692.0,130,2622603.2000000007
2026-08-19 15:17:12.221747658+05:30,484.05,485.05,479.65,480.15,5423.0,2523.0,113,2616017.2000000007
2026-08-19 15:21:14.751366077+05:30,479.0,481.5,477.8,478.75,5472.0,2747.0,149,2622021.8500000006
2026-08-19 15:23:25.639496384+05:30,478.55,480.3,475.65,478.05,5656.0,1891.0,106,2700555.000000002
2026-08-19 15:25:46.047792200+05:30,477.8,482.3,477.2000000000001,481.9,5410.0,2834.0,93,2596743.599999999
2026-08-19 15:27:46.259240788+05:30,482.15,482.15,478.5,479.5,5418.0,2505.0,127,2602062.85
2026-08-19 15:28:49.698611022+05:30,478.75,479.15,472.9,475.7000000000001,5504.0,2346.0,119,2621636.8999999994
2026-08-19 15:29:35.193421291+05:30,475.75,475.9,468.8,469.15,5570.0,1885.0,112,2626164.85
2026-08-19 15:29:57.973668148+05:30,469.0,474.35,468.65,471.7000000000001,5743.0,2975.0,124,2709223.8999999994
2026-08-20 09:15:01.243160163+05:30,471.7000000000001,472.25,466.2000000000001,467.0,5599.0,2453.0,137,2620909.05
2026-08-20 09:15:15.558405498+05:30,466.85,470.35,464.2000000000001,469.05,5552.0,2873.0,135,2593436.7
2026-08-20 09:15:38.261575047+05:30,468.9,471.4500000000001,467.85,468.15,5536.0,2786.0,108,2599227.9000000004
2026-08-20 09:16:21.402049742+05:30,468.2000000000001,468.9500000000001,465.05,467.15,5545.0,2801.0,126,2591038.6000000006
2026-08-20 09:17:44.314916195+05:30,466.75,471.05,464.6,466.05,5861.0,2583.0,168,2743043.1
2026-08-20 09:18:58.611473940+05:30,466.05,469.4500000000001,466.05,467.9500000000001,5601.0,3115.0,114,2620575.2000000007
2026-08-20 09:20:35.542995792+05:30,468.1,479.25,466.9,478.1,5605.0,3171.0,130,2652189.2000000007
2026-08-20 09:22:45.945994096+05:30,478.2000000000001,485.2000000000001,477.55,484.8,5406.0,2854.0,125,2598737.95
2026-08-20 09:24:48.130004173+05:30,484.4500000000001,486.3,479.9500000000001,480.65,5468.0,2519.0,103,2643362.8
2026-08-20 09:28:10.847938854+05:30,480.7000000000001,481.85,476.2000000000001,477.9500000000001,5408.0,2246.0,138,2594116.349999999
2026-08-20 09:31:59.014300661+05:30,478.2000000000001,480.15,475.05,476.6,5483.0,2515.0,134,2621244.35
2026-08-20 09:35:43.744997733+05:30,476.1,477.15,472.2000000000001,472.2000000000001,5597.0,2571.0,111,2657246.6000000006
2026-08-20 09:38:37.811172829+05:30,472.25,473.35,469.2000000000001,471.35,5501.0,3025.0,96,2593960.55
2026-08-20 09:43:10.397226295+05:30,470.9500000000001,471.0,467.25,467.85,5619.0,2610.0,124,2634503.850000001
2026-08-20 09:47:45.041300617+05:30,467.9500000000001,471.9,467.9500000000001,471.25,5521.0,2717.0,127,2595461.15
2026-08-20 09:53:44.239102220+05:30,472.05,474.5,470.2000000000001,470.85,5500.0,2500.0,136,2595663.5
2026-08-20 09:58:56.427497067+05:30,470.6,474.35,470.1,473.3,5637.0,2929.0,140,2659980.1999999993
2026-08-20 10:03:08.632258117+05:30,473.0,477.1,471.35,473.6,5472.0,2881.0,98,2594052.4499999993
2026-08-20 10:08:27.796210464+05:30,473.65,478.25,473.2000000000001,476.4,5559.0,2989.0,127,2647823.849999999
2026-08-20 10:16:42.296280915+05:30,476.4500000000001,480.35,469.2000000000001,471.4500000000001,5474.0,2392.0,152,2596127.65
2026-08-20 10:22:54.855880606+05:30,471.35,472.8,468.65,472.3,5526.0,2944.0,123,2602773.7000000007
2026-08-20 10:31:10.609159269+05:30,472.5,473.6,462.9,462.9,5680.0,1835.0,142,2665340.3500000006
2026-08-20 10:38:48.831352586+05:30,462.55,465.85,459.6,465.2000000000001,5638.0,2968.0,134,2608618.6999999997
2026-08-20 10:47:46.185167995+05:30,465.4,469.4,465.4,467.75,5655.0,3057.0,139,2643987.4999999995
2026-08-20 10:54:50.477397802+05:30,467.6,476.9500000000001,467.6,474.0,5490.0,2943.0,118,2593937.7500000005
2026-08-20 11:00:41.247813384+05:30,473.6,473.6,467.75,470.55,5528.0,1958.0,108,2599491.5500000003
2026-08-20 11:08:55.806495476+05:30,471.4500000000001,477.4,468.4500000000001,477.0,5504.0,3127.0,138,2594316.7499999986
2026-08-20 11:16:10.038982702+05:30,476.9,487.9500000000001,476.9,483.2000000000001,5371.0,2978.0,118,2601554.1999999997
2026-08-20 11:26:01.048512771+05:30,483.2000000000001,485.25,479.4500000000001,484.75,5397.0,2958.0,143,2605170.1
2026-08-20 11:34:12.101252868+05:30,484.75,486.4,480.55,484.1,5797.0,2997.0,114,2804944.8499999996
2026-08-20 11:43:16.811827027+05:30,484.2000000000001,495.55,483.5,495.35,5356.0,2994.0,136,2615665.5999999996
2026-08-20 11:54:06.786648374+05:30,495.3,504.25,491.4,502.85,5216.0,2658.0,155,2599712.550000001
2026-08-20 12:04:31.170301921+05:30,502.75,507.5,501.4,505.55,5169.0,2465.0,139,2608051.749999999
2026-08-20 12:14:03.340513333+05:30,506.25,506.75,497.15,497.3,5294.0,2360.0,128,2655960.05
2026-08-20 12:22:06.621314504+05:30,497.4500000000001,500.4,496.25,500.25,5270.0,2235.0,115,2628390.8000000017
2026-08-20 12:31:01.306421461+05:30,500.0,505.65,500.0,505.3,5163.0,2988.0,129,2595916.1000000006
2026-08-20 12:39:15.984268828+05:30,505.35,509.9500000000001,504.9500000000001,509.0,5129.0,2163.0,126,2601104.75
2026-08-20 12:46:52.149007648+05:30,509.0,513.85,509.0,513.45,5102.0,3169.0,111,2607596.7
2026-08-20 12:55:02.523876209+05:30,513.15,519.1,512.8000000000001,519.1,5025.0,3079.0,106,2592384.2
2026-08-20 13:03:45.501763807+05:30,518.75,523.9,517.95,518.9,5423.0,2393.0,104,2822323.4999999995
2026-08-20 13:10:18.305479057+05:30,518.5,522.35,517.35,520.5500000000001,5003.0,1885.0,97,2597886.3000000007
2026-08-20 13:16:43.623912903+05:30,520.3000000000001,521.75,518.5500000000001,520.5,4986.0,2913.0,104,2596257.0
2026-08-20 13:23:58.890863521+05:30,521.0,522.6,517.65,518.95,5030.0,3286.0,106,2617767.4999999995
2026-08-20 13:29:50.433496928+05:30,519.15,520.9,517.15,518.7,5168.0,2477.0,85,2682243.85
2026-08-20 13:36:48.539275743+05:30,518.8000000000001,522.1,517.1,522.1,5160.0,3036.0,104,2681028.8999999994
2026-08-20 13:44:37.780696745+05:30,522.15,524.8000000000001,521.35,523.0,4975.0,2679.0,128,2598455.0500000003
2026-08-20 13:51:57.061432326+05:30,523.15,526.35,522.0500000000001,524.95,4989.0,2381.0,113,2615862.500000001
2026-08-20 13:58:28.145891852+05:30,524.7,529.3000000000001,521.9,528.85,4941.0,2695.0,108,2598005.900000001
2026-08-20 14:04:18.797451387+05:30,529.0500000000001,532.9,528.4,531.0,4898.0,2197.0,92,2599116.550000001
2026-08-20 14:11:49.514843249+05:30,530.75,531.95,527.7,530.45,4909.0,1924.0,115,2601121.7999999993
2026-08-20 14:17:07.899151497+05:30,530.65,535.8000000000001,529.8000000000001,535.8000000000001,4861.0,2433.0,105,2593383.8
2026-08-20 14:23:45.074724332+05:30,535.25,536.35,532.15,534.0,4854.0,2626.0,118,2590750.6000000006
2026-08-20 14:30:49.335095488+05:30,533.8000000000001,535.6,528.8000000000001,532.3000000000001,4938.0,2635.0,122,2629649.8000000003
2026-08-20 14:36:03.260449263+05:30,533.1,535.8000000000001,531.4,532.7,4911.0,2286.0,112,2619725.8000000007
2026-08-20 14:40:26.115584597+05:30,532.85,533.6,525.35,525.6,4945.0,2187.0,102,2615178.8
2026-08-20 14:45:21.383553981+05:30,525.35,528.0,523.35,527.8000000000001,4948.0,2571.0,118,2601949.9999999995
2026-08-20 14:49:40.692740179+05:30,527.95,528.7,520.6,522.35,5000.0,2064.0,105,2616742.2500000005
2026-08-20 14:53:24.351442413+05:30,522.4,528.95,521.8000000000001,527.2,5076.0,2625.0,97,2669419.1
2026-08-20 14:57:42.025143010+05:30,526.85,527.7,523.65,525.9,4951.0,2506.0,94,2603064.0000000005
2026-08-20 15:01:36.299672870+05:30,525.65,526.25,523.0,523.0,5005.0,2485.0,108,2626634.7499999995
2026-08-20 15:04:27.947175939+05:30,523.1,529.95,523.1,529.2,4910.0,2927.0,92,2594704.649999999
2026-08-20 15:08:28.036030307+05:30,528.95,537.3000000000001,528.5500000000001,535.7,4958.0,3350.0,119,2641206.0
2026-08-20 15:12:31.248066740+05:30,535.7,536.5,530.8000000000001,534.5,4860.0,2064.0,126,2591656.5999999978
2026-08-20 15:15:07.207024374+05:30,535.15,535.9,532.0,533.65,4862.0,2206.0,100,2594384.6000000006
2026-08-20 15:18:37.645215009+05:30,534.45,537.35,528.6,528.9,4878.0,2260.0,141,2601152.950000002
2026-08-20 15:20:47.472612492+05:30,529.0500000000001,529.4,524.6,525.15,4921.0,1993.0,110,2592098.0999999996
2026-08-20 15:22:30.348776639+05:30,525.0,527.2,523.1,523.95,5008.0,2249.0,95,2629295.3999999994
2026-08-20 15:24:28.913400461+05:30,523.15,527.85,522.3000000000001,526.9,5087.0,2953.0,113,2668514.55
2026-08-20 15:25:50.419886124+05:30,526.9,528.75,522.5500000000001,525.45,4943.0,2877.0,112,2602341.3999999985
2026-08-20 15:27:02.045875938+05:30,525.35,529.0,524.5,525.9,5040.0,2267.0,100,2654492.05
2026-08-20 15:28:08.530212403+05:30,525.75,526.1,520.4,521.3000000000001,4988.0,1809.0,114,2611507.599999998
2026-08-20 15:28:54.777746210+05:30,521.5500000000001,525.85,520.1,525.0500000000001,4953.0,2703.0,101,2595253.05
2026-08-20 15:29:24.536482334+05:30,525.2,528.5,525.0,525.9,4920.0,1994.0,89,2591355.6500000004
2026-08-20 15:29:48.600675664+05:30,526.35,526.35,520.8000000000001,521.6,4961.0,2156.0,131,2593881.150000001
2026-08-20 15:29:59.013372347+05:30,521.65,521.9,514.7,517.35,5035.0,2502.0,133,2613479.8
2026-08-21 09:15:03.597736631+05:30,517.5500000000001,527.25,515.8000000000001,526.8000000000001,5017.0,2826.0,133,2608621.7499999995
2026-08-21 09:15:24.361553938+05:30,526.45,531.85,525.25,528.5,4908.0,2904.0,120,2594241.1999999997
2026-08-21 09:16:07.219019016+05:30,528.4,535.95,527.7,535.6,4877.0,2864.0,112,2591899.5500000003
2026-08-21 09:16:49.648049963+05:30,535.4,535.75,532.5500000000001,535.7,4902.0,3033.0,79,2620185.6
2026-08-21 09:18:19.171577006+05:30,536.3000000000001,536.3000000000001,529.85,534.85,4928.0,2152.0,119,2623594.050000001
2026-08-21 09:20:01.190983496+05:30,535.25,536.4,527.1,527.1,4891.0,1504.0,96,2607266.8999999985
2026-08-21 09:21:59.087603398+05:30,526.95,532.2,526.1,527.85,5023.0,2506.0,106,2656653.800000002
2026-08-21 09:23:52.413973440+05:30,528.2,529.9,526.7,527.9,4928.0,2853.0,97,2602888.0499999993
2026-08-21 09:27:27.188599185+05:30,527.25,529.3000000000001,524.5500000000001,525.5,4918.0,2406.0,113,2592066.6000000006
2026-08-21 09:30:46.092949172+05:30,525.25,526.0,524.0500000000001,524.9,5163.0,2725.0,94,2710697.4
2026-08-21 09:34:22.416145717+05:30,524.8000000000001,527.15,523.7,525.9,4964.0,3063.0,90,2605588.900000001
2026-08-21 09:41:06.419384787+05:30,526.6,527.0500000000001,517.85,521.15,5033.0,2548.0,142,2626856.250000001
2026-08-21 09:47:21.824875914+05:30,521.15,523.7,515.75,515.75,5004.0,2012.0,128,2600779.9499999993
2026-08-21 09:53:40.294606461+05:30,516.2,516.7,509.85,510.05,5051.0,1940.0,127,2594193.899999999
2026-08-21 09:58:55.106130301+05:30,510.05,515.2,509.75,512.0500000000001,5156.0,2561.0,109,2642862.0499999993
2026-08-21 10:08:08.929399386+05:30,512.2,514.7,508.25,513.0500000000001,5195.0,2249.0,133,2656924.0999999996
2026-08-21 10:14:33.356601291+05:30,513.35,518.45,512.0500000000001,516.15,5037.0,2514.0,101,2597328.0500000007
2026-08-21 10:22:35.024456304+05:30,515.95,517.0,510.5,511.4,5056.0,2597.0,121,2593037.6
2026-08-21 10:30:00.231475314+05:30,511.05,514.95,510.25,510.65,5059.0,2346.0,106,2593196.4
2026-08-21 10:39:08.890141864+05:30,511.1,511.4,505.85,507.0,5304.0,2785.0,110,2696471.1
2026-08-21 10:48:32.699374222+05:30,506.9500000000001,507.75,500.35,502.4500000000001,5172.0,1963.0,109,2604200.0499999993
2026-08-21 10:56:09.181373325+05:30,503.35,504.3,500.55,501.1,5171.0,2417.0,99,2595763.9499999997
2026-08-21 11:04:17.065104954+05:30,501.5,504.9,501.05,503.35,5457.0,2619.0,114,2746433.4000000004
2026-08-21 11:16:44.068743830+05:30,502.8,503.8,492.7000000000001,493.25,5248.0,2019.0,135,2608585.0500000007
2026-08-21 11:27:41.594232333+05:30,493.4500000000001,498.0,493.0,496.1,5546.0,3323.0,137,2749734.4999999995
2026-08-21 11:38:05.044089658+05:30,496.2000000000001,496.8,491.7000000000001,492.9,5342.0,2451.0,119,2642598.0000000005
2026-08-21 11:52:48.576918104+05:30,493.2000000000001,494.7000000000001,490.15,491.35,5265.0,2344.0,148,2591706.2499999995
2026-08-21 12:05:08.265696724+05:30,491.55,494.6,486.9500000000001,487.2000000000001,5283.0,1993.0,125,2595340.7
2026-08-21 12:17:32.956317808+05:30,487.0,488.5,483.15,488.25,5399.0,2182.0,124,2622726.25
2026-08-21 12:31:38.002154592+05:30,488.4500000000001,490.3,481.85,482.2000000000001,5343.0,2852.0,147,2596436.5999999987
2026-08-21 12:44:27.022759389+05:30,481.85,481.85,478.4,479.7000000000001,5464.0,3033.0,124,2622269.200000001
2026-08-21 12:56:18.285671548+05:30,479.1,482.3,477.85,481.1,5739.0,3300.0,119,2753989.999999999
2026-08-21 13:05:57.167060483+05:30,481.55,483.7000000000001,478.8,482.6,5471.0,2659.0,114,2632915.35
2026-08-21 13:17:20.105796139+05:30,482.9,485.85,481.5,483.65,5377.0,2960.0,116,2597901.05
2026-08-21 13:28:48.987913263+05:30,483.15,483.6,479.6,481.55,5619.0,2114.0,122,2703784.65
2026-08-21 13:41:05.380171049+05:30,481.55,482.6,473.65,474.4,5547.0,2250.0,149,2648096.45
2026-08-21 13:51:11.021399214+05:30,474.5,476.4,470.55,471.9,5540.0,2820.0,133,2628764.649999998
2026-08-21 14:02:03.168797533+05:30,471.85,474.05,466.25,469.75,5579.0,2428.0,138,2622951.349999999
2026-08-21 14:11:54.791987230+05:30,469.9500000000001,471.1,467.2000000000001,468.9,5547.0,3156.0,119,2604107.7499999995
2026-08-21 14:20:12.047536720+05:30,468.9500000000001,470.75,464.75,470.7000000000001,6180.0,3350.0,107,2895002.450000001
2026-08-21 14:26:31.731057391+05:30,470.55,472.3,468.1,469.9500000000001,5525.0,1960.0,106,2599945.7499999995
2026-08-21 14:37:17.197302958+05:30,470.4500000000001,475.65,469.25,474.55,5521.0,3439.0,147,2604914.7500000005
2026-08-21 14:44:42.256319632+05:30,474.65,479.8,474.3,479.15,5432.0,2065.0,127,2592023.8499999996
2026-08-21 14:52:02.002879201+05:30,479.0,489.4500000000001,478.7000000000001,489.2000000000001,5443.0,3483.0,112,2632012.700000001
2026-08-21 14:59:22.494447488+05:30,489.25,490.6,485.5,485.6,5412.0,2067.0,156,2645024.149999999
2026-08-21 15:05:09.030049939+05:30,485.65,486.4,482.75,485.4,5348.0,3150.0,121,2592954.250000001
2026-08-21 15:10:15.296710986+05:30,485.85,489.3,484.25,485.35,5552.0,2705.0,136,2699876.9500000007
2026-08-21 15:14:02.842672150+05:30,485.2000000000001,486.55,483.85,486.1,5356.0,2822.0,95,2599257.0500000007
2026-08-21 15:17:38.423321212+05:30,486.15,490.15,483.25,489.25,5506.0,2163.0,115,2679008.999999999
2026-08-21 15:20:31.593595506+05:30,489.1,494.2000000000001,488.8,493.8,5279.0,3131.0,115,2596712.9500000007
2026-08-21 15:23:24.079182329+05:30,493.6,494.35,491.2000000000001,493.25,5349.0,2924.0,105,2636092.500000001
2026-08-21 15:26:11.825433906+05:30,493.4500000000001,496.2000000000001,491.65,491.8,5295.0,2341.0,152,2612637.0500000003
2026-08-21 15:27:34.831397822+05:30,491.4,492.55,484.6,484.6,5309.0,2746.0,99,2601775.2000000016
2026-08-21 15:28:48.848371473+05:30,484.9500000000001,487.35,483.3,485.85,5375.0,2930.0,127,2610411.4499999993
2026-08-21 15:29:35.053302054+05:30,485.7000000000001,487.1,483.85,486.8,5347.0,3189.0,111,2595185.249999999
2026-08-21 15:29:56.431554999+05:30,487.5,487.7000000000001,482.7000000000001,485.0,5359.0,2901.0,120,2601837.3499999987
