timestamp,open,high,low,close,volume,cum_buy_volume,cum_ticks,cum_dollar_value
2026-05-25 09:15:16.385848265+05:30,391.9500000000001,393.55,389.7000000000001,390.65,6085.0,2888.0,134,2386654.35
2026-05-25 09:16:00.801755232+05:30,391.5,398.25,391.5,394.65,5172.0,2867.0,134,2046472.9000000001
2026-05-25 09:17:57.368373759+05:30,394.7000000000001,397.7000000000001,393.7000000000001,397.3,4961.0,3018.0,134,1959507.5000000005
2026-05-25 09:19:50.748874665+05:30,397.1,397.1,393.7000000000001,394.2000000000001,6065.0,2665.0,134,2395802.7500000005
2026-05-25 09:23:02.289648754+05:30,394.2000000000001,397.15,392.9500000000001,393.4500000000001,8569.0,3618.0,134,3386455.75
2026-05-25 09:26:50.519422593+05:30,393.8,393.9,390.1,390.85,7862.0,3167.0,134,3080749.95
2026-05-25 09:31:29.457005612+05:30,391.35,391.35,387.9500000000001,390.5,5661.0,2645.0,134,2205230.5
2026-05-25 09:36:43.369566750+05:30,390.75,397.4,390.25,396.9,6767.0,3509.0,134,2671455.2999999993
2026-05-25 09:43:10.644580082+05:30,396.75,396.8,393.1,394.35,5737.0,2839.0,134,2267094.8000000007
2026-05-25 09:51:38.448802674+05:30,394.35,395.3,392.55,393.9500000000001,5667.0,2815.0,134,2233830.15
2026-05-25 09:59:58.491359123+05:30,394.1,394.6,387.8,387.8,5748.0,1932.0,134,2247121.75
2026-05-25 10:10:45.686909076+05:30,387.9,394.15,387.9,392.5,5890.0,2758.0,134,2302167.7999999984
2026-05-25 10:21:05.875792237+05:30,392.65,393.55,386.85,386.85,6663.0,2768.0,134,2596682.8500000006
2026-05-25 10:32:14.003005338+05:30,386.65,388.9500000000001,384.0,384.0,6139.0,2547.0,134,2372792.1499999994
2026-05-25 10:44:45.562485579+05:30,383.85,384.0,380.55,382.4,6233.0,3130.0,134,2384908.9000000004
2026-05-25 10:57:09.093011486+05:30,382.4,382.85,379.6,379.6,6087.0,2857.0,134,2320937.4499999993
2026-05-25 11:10:00.486780113+05:30,379.35,384.25,379.35,381.7000000000001,7068.0,3410.0,134,2699433.1500000004
2026-05-25 11:22:47.624457765+05:30,382.15,385.3,381.6,382.85,6119.0,3399.0,134,2347453.0000000005
2026-05-25 11:35:55.972471502+05:30,382.4500000000001,383.7000000000001,379.1,383.35,4946.0,2262.0,134,1887038.9000000004
2026-05-25 11:49:05.012406121+05:30,383.75,384.65,380.65,382.1,6171.0,3416.0,134,2361679.1000000006
2026-05-25 12:03:02.563523455+05:30,382.15,385.2000000000001,379.4500000000001,385.2000000000001,5136.0,2922.0,134,1963761.95
2026-05-25 12:18:27.358908603+05:30,385.3,385.9500000000001,383.6,384.25,5813.0,2711.0,134,2234829.9499999997
2026-05-25 12:31:58.300915680+05:30,383.9500000000001,384.6,378.0,378.0,5398.0,2043.0,134,2062639.4499999995
2026-05-25 12:47:08.391995407+05:30,378.1,380.85,376.55,377.5,5466.0,2655.0,134,2068412.450000001
2026-05-25 13:01:06.024770991+05:30,377.5,378.25,375.3,377.25,6293.0,3604.0,134,2373106.4500000007
2026-05-25 13:16:47.173765222+05:30,377.3,380.85,377.3,377.3,5819.0,3412.0,134,2204739.05
2026-05-25 13:31:01.958572225+05:30,377.5,383.05,377.5,382.5,5485.0,3060.0,134,2081246.3999999992
2026-05-25 13:42:47.473032556+05:30,382.4,386.85,381.5,384.85,6095.0,3478.0,134,2340919.000000002
2026-05-25 13:55:09.519060031+05:30,385.1,388.75,384.7000000000001,387.7000000000001,5837.0,3687.0,134,2257828.3499999996
2026-05-25 14:07:22.981666486+05:30,387.85,389.35,385.1,385.55,4970.0,2629.0,134,1927256.449999999
2026-05-25 14:18:37.136693693+05:30,385.65,390.05,384.55,388.25,6109.0,3531.0,134,2362941.5
2026-05-25 14:29:21.550349392+05:30,388.15,394.05,388.15,391.75,5211.0,2391.0,134,2038506.0000000002
2026-05-25 14:38:10.067749248+05:30,392.05,393.4500000000001,387.4500000000001,388.1,5841.0,2987.0,134,2277085.9000000004
2026-05-25 14:47:18.821231070+05:30,388.1,394.25,387.85,393.1,7006.0,2972.0,134,2735497.2
2026-05-25 14:55:33.099636584+05:30,392.9500000000001,397.15,392.65,395.4,7280.0,3688.0,134,2872475.75
2026-05-25 15:03:01.883078248+05:30,395.65,409.5,395.0,409.5,5961.0,3593.0,134,2399710.1499999994
2026-05-25 15:08:37.555844772+05:30,408.75,410.3,404.6,405.1,6418.0,3060.0,134,2625594.0
2026-05-25 15:14:28.632734733+05:30,405.1,406.15,403.0,405.15,5982.0,2752.0,134,2420743.5
2026-05-25 15:19:31.055320305+05:30,405.05,405.4500000000001,398.9,402.25,6356.0,3354.0,134,2552305.0999999996
2026-05-25 15:23:24.104515771+05:30,402.3,404.25,399.2000000000001,400.05,6021.0,3052.0,134,2421882.8
2026-05-25 15:26:15.296105403+05:30,400.2000000000001,401.6,395.8,398.8,5867.0,3023.0,134,2337398.0499999993
2026-05-25 15:28:11.365987172+05:30,398.75,398.75,393.05,393.35,6466.0,4055.0,134,2555521.1500000022
2026-05-25 15:29:22.861228149+05:30,393.0,394.55,390.9,394.35,5589.0,2504.0,134,2191564.0500000007
2026-05-25 15:29:57.592166231+05:30,393.9500000000001,401.6,392.9500000000001,401.5,6059.0,3472.0,134,2401868.699999999
2026-05-26 09:15:06.012010327+05:30,401.6,408.5,401.5,408.2000000000001,5245.0,3390.0,134,2126903.900000001
2026-05-26 09:15:45.734752439+05:30,408.1,408.2000000000001,404.8,407.25,5974.0,3910.0,134,2427758.7499999995
2026-05-26 09:17:16.935600831+05:30,406.55,407.85,404.25,404.65,6386.0,3927.0,134,2592934.4
2026-05-26 09:19:45.722416965+05:30,404.4500000000001,405.65,400.2000000000001,401.6,5768.0,2559.0,134,2323195.0000000005
2026-05-26 09:22:57.958481087+05:30,401.35,402.15,397.2000000000001,398.15,7000.0,2767.0,134,2796154.1
2026-05-26 09:27:05.645027361+05:30,397.75,398.65,392.25,392.7000000000001,5882.0,1986.0,134,2321962.5499999993
2026-05-26 09:32:39.844395587+05:30,392.4,392.8,389.2000000000001,390.4500000000001,5332.0,3072.0,134,2085402.2
2026-05-26 09:38:16.626489552+05:30,390.6,395.6,390.6,393.2000000000001,5446.0,2912.0,134,2138988.7000000007
2026-05-26 09:45:02.132364117+05:30,393.4500000000001,396.7000000000001,391.25,396.5,5618.0,3248.0,134,2210313.6500000004
2026-05-26 09:53:33.438501062+05:30,396.25,396.75,391.1,394.25,4908.0,2123.0,134,1934275.55
2026-05-26 10:02:19.058133239+05:30,394.5,395.1,391.55,394.85,6303.0,3538.0,134,2480865.4499999983
2026-05-26 10:13:35.260715855+05:30,394.85,398.15,394.6,396.4,6164.0,2928.0,134,2446843.7999999993
2026-05-26 10:24:15.426503104+05:30,396.8,399.15,395.9,399.15,6274.0,2882.0,134,2492659.2000000025
2026-05-26 10:35:29.057642479+05:30,399.7000000000001,404.75,398.9500000000001,404.75,7408.0,3111.0,134,2976619.65
2026-05-26 10:46:50.627151037+05:30,404.55,411.15,404.55,410.6,6759.0,3801.0,134,2762147.6999999997
2026-05-26 10:59:25.264960184+05:30,411.1,415.55,410.15,415.55,6510.0,3857.0,134,2684923.150000002
2026-05-26 11:12:24.210534236+05:30,415.7000000000001,421.05,414.5,419.65,7433.0,2940.0,134,3106110.2000000007
2026-05-26 11:24:59.306319323+05:30,419.35,419.35,414.55,415.2000000000001,6101.0,2452.0,134,2541438.6500000004
2026-05-26 11:37:19.473049308+05:30,415.3,416.25,410.35,414.2000000000001,6093.0,3650.0,134,2520046.749999999
2026-05-26 11:49:13.739594832+05:30,414.3,416.5,412.4,416.5,4971.0,3005.0,134,2061682.2500000005
2026-05-26 12:06:01.767603977+05:30,416.75,418.4500000000001,414.0,417.15,7129.0,2424.0,134,2970405.55
2026-05-26 12:18:58.000463157+05:30,417.2000000000001,418.75,415.35,415.5,5552.0,3009.0,134,2313124.3000000003
2026-05-26 12:33:11.793102986+05:30,416.0,420.6,414.65,419.2000000000001,5978.0,3097.0,134,2499678.0999999996
2026-05-26 12:46:57.533567492+05:30,419.0,420.1,415.9500000000001,419.05,7778.0,4155.0,134,3255882.250000001
2026-05-26 13:04:25.262446695+05:30,418.7000000000001,420.75,417.7000000000001,419.25,5867.0,2830.0,134,2459984.6999999997
2026-05-26 13:18:36.103020638+05:30,419.25,420.3,409.75,409.75,9315.0,2755.0,134,3880679.4499999993
2026-05-26 13:33:09.989061193+05:30,409.4,409.4,405.6,406.7000000000001,6571.0,3713.0,134,2673967.45
2026-05-26 13:44:41.651479394+05:30,406.7000000000001,407.65,405.2000000000001,405.85,5014.0,2629.0,134,2038388.3000000005
2026-05-26 13:57:49.677133551+05:30,405.75,410.0,405.2000000000001,406.75,5401.0,2751.0,134,2200593.5
2026-05-26 14:09:03.514875728+05:30,406.8,410.15,404.7000000000001,408.9,5136.0,2214.0,134,2089198.75
2026-05-26 14:21:49.090635420+05:30,408.85,409.6,405.75,409.0,7008.0,3158.0,134,2855740.0500000003
2026-05-26 14:32:26.840418085+05:30,408.7000000000001,411.6,407.1,410.4500000000001,6321.0,3542.0,134,2588349.250000001
2026-05-26 14:42:34.439202377+05:30,410.65,412.05,408.0,411.75,5891.0,3268.0,134,2416569.1
2026-05-26 14:51:19.403297550+05:30,412.25,418.0,411.6,415.8,6880.0,3608.0,134,2861578.45
2026-05-26 14:59:51.595545729+05:30,415.35,416.3,411.8,412.9500000000001,6070.0,3269.0,134,2512060.9499999997
2026-05-26 15:07:26.728142581+05:30,412.4500000000001,414.4,407.55,408.7000000000001,5867.0,3144.0,134,2409055.8
2026-05-26 15:13:24.714414944+05:30,408.75,410.5,406.9500000000001,408.65,5827.0,3397.0,134,2378518.25
2026-05-26 15:19:27.487437152+05:30,408.8,409.25,405.2000000000001,408.5,6405.0,3641.0,134,2608808.45
2026-05-26 15:23:30.706020957+05:30,408.9500000000001,411.35,407.2000000000001,407.9,7197.0,3050.0,134,2945531.7000000016
2026-05-26 15:26:52.373240738+05:30,408.55,408.7000000000001,403.35,405.05,5584.0,2309.0,134,2262682.200000001
2026-05-26 15:28:44.903090556+05:30,404.9,407.7000000000001,402.9500000000001,403.8,6530.0,3333.0,134,2645556.5000000005
2026-05-26 15:29:40.022037916+05:30,403.7000000000001,406.7000000000001,398.9,399.7000000000001,4962.0,2409.0,134,1998725.9000000006
2026-05-26 15:29:59.535819141+05:30,399.55,403.1,397.5,401.5,7075.0,4559.0,134,2835719.0
2026-05-27 09:15:10.677901574+05:30,401.5,402.4,399.0,401.1,5453.0,2782.0,134,2183013.15
2026-05-27 09:15:53.409697281+05:30,401.15,403.4500000000001,398.4,400.85,5963.0,2972.0,134,2390206.2
2026-05-27 09:17:30.691878539+05:30,401.0,401.0,396.4500000000001,399.1,5951.0,3326.0,134,2372070.1499999994
2026-05-27 09:19:56.782693889+05:30,398.8,399.6,394.1,396.6,5707.0,2423.0,134,2264079.9500000007
2026-05-27 09:23:24.366495422+05:30,396.25,398.55,394.9,398.2000000000001,6716.0,3895.0,134,2663335.3
2026-05-27 09:27:33.554618575+05:30,397.9,398.35,394.7000000000001,395.9,5584.0,2682.0,134,2215591.75
2026-05-27 09:32:41.827910760+05:30,395.85,397.2000000000001,393.9,397.2000000000001,4874.0,2820.0,134,1928354.3999999997
2026-05-27 09:38:48.326821289+05:30,397.85,397.85,393.0,393.85,6105.0,3130.0,134,2412189.3
2026-05-27 09:46:14.902462056+05:30,393.6,400.65,392.4,400.65,5677.0,3349.0,134,2246023.7500000005
2026-05-27 09:53:54.582775141+05:30,400.2000000000001,400.75,394.4,396.2000000000001,6071.0,2656.0,134,2411044.7
2026-05-27 10:03:48.037846084+05:30,395.9,397.4,392.4500000000001,392.75,5706.0,2766.0,134,2252734.9
2026-05-27 10:11:54.028043751+05:30,392.75,393.1,384.9500000000001,385.9,6485.0,2228.0,134,2525480.3
2026-05-27 10:23:28.517669163+05:30,385.85,388.5,385.35,386.85,5695.0,2867.0,134,2203241.0000000005
2026-05-27 10:33:47.142298656+05:30,386.8,387.9500000000001,384.4500000000001,385.0,4734.0,1872.0,134,1828618.15
2026-05-27 10:46:27.442165915+05:30,384.4,387.2000000000001,382.8,382.9500000000001,5497.0,3248.0,134,2117602.95
2026-05-27 10:57:17.594000410+05:30,383.15,384.2000000000001,379.1,379.75,5425.0,2347.0,134,2071050.2500000002
2026-05-27 11:10:39.913416729+05:30,379.7000000000001,384.4,379.0,383.85,6296.0,3333.0,134,2406064.3000000017
2026-05-27 11:24:02.439519779+05:30,384.25,384.35,379.05,380.1,7970.0,3464.0,134,3041190.85
2026-05-27 11:36:37.318508295+05:30,380.3,390.15,380.3,386.85,7147.0,4102.0,134,2752711.5500000007
2026-05-27 11:50:30.305457171+05:30,387.2000000000001,390.7000000000001,384.85,390.2000000000001,6340.0,3094.0,134,2453364.4499999993
2026-05-27 12:04:34.659840749+05:30,390.4,394.3,389.55,392.65,6016.0,2607.0,134,2362536.950000001
2026-05-27 12:19:49.690388016+05:30,392.35,393.35,388.85,389.35,6358.0,3340.0,134,2487564.9
2026-05-27 12:35:50.744269701+05:30,389.25,394.3,386.75,393.9,6689.0,3681.0,134,2604923.1999999997
2026-05-27 12:49:26.150194262+05:30,393.9,395.7000000000001,391.6,394.7000000000001,5159.0,2592.0,134,2028356.3000000005
2026-05-27 13:04:51.743305662+05:30,394.9,395.75,392.3,393.2000000000001,5697.0,2767.0,134,2245705.550000001
2026-05-27 13:18:43.338160866+05:30,393.15,393.2000000000001,389.3,390.4500000000001,7272.0,2860.0,134,2846131.7000000016
2026-05-27 13:32:55.960308651+05:30,390.5,393.8,389.5,393.35,5381.0,2421.0,134,2108867.200000001
2026-05-27 13:45:16.991029366+05:30,393.4500000000001,393.6,389.1,393.15,5718.0,3263.0,134,2239915.350000001
2026-05-27 13:58:05.695005829+05:30,393.15,393.6,383.0,383.0,5468.0,1892.0,134,2126673.4499999997
2026-05-27 14:08:56.160712927+05:30,383.1,384.4,380.55,384.35,5888.0,2549.0,134,2252309.1999999997
2026-05-27 14:19:22.945557122+05:30,384.75,385.65,383.1,385.65,5372.0,3353.0,134,2064744.85
2026-05-27 14:29:49.797527477+05:30,385.25,389.9,384.15,388.15,4929.0,1946.0,134,1907858.3499999999
2026-05-27 14:39:04.559317776+05:30,388.3,390.4,385.35,390.4,6164.0,3373.0,134,2388864.9500000007
2026-05-27 14:48:15.017859711+05:30,390.5,394.9,390.5,394.9,7488.0,4172.0,134,2942221.1000000006
2026-05-27 14:56:10.812256946+05:30,395.05,395.3,389.6,391.5,8302.0,3030.0,134,3257242.9000000004
2026-05-27 15:03:38.319174889+05:30,391.4500000000001,395.1,391.3,394.05,6415.0,2851.0,134,2521479.55
2026-05-27 15:10:22.186107976+05:30,394.5,396.4500000000001,390.65,390.65,6662.0,3474.0,134,2624150.100000001
2026-05-27 15:16:09.279860062+05:30,390.75,392.85,390.4,392.7000000000001,5432.0,2688.0,134,2127100.55
2026-05-27 15:21:09.010428309+05:30,393.05,396.7000000000001,392.85,396.55,5993.0,3626.0,134,2367714.2
2026-05-27 15:24:45.338175272+05:30,396.75,399.15,396.35,399.05,5423.0,3295.0,134,2155480.6000000006
2026-05-27 15:27:07.156488434+05:30,398.4,404.35,398.0,403.35,5365.0,2417.0,134,2152832.75
2026-05-27 15:28:36.790590680+05:30,403.7000000000001,403.9,398.2000000000001,400.3,7080.0,3846.0,134,2833497.549999999
2026-05-27 15:29:37.123756984+05:30,400.65,404.0,398.85,402.8,5982.0,3841.0,134,2400739.9
2026-05-27 15:29:59.473414696+05:30,402.6,406.2000000000001,402.6,403.55,4896.0,2576.0,134,1981233.85
2026-05-28 09:15:05.648145644+05:30,403.55,406.15,400.75,400.75,5825.0,3231.0,134,2350712.1499999994
2026-05-28 09:15:30.150570982+05:30,401.0,404.9500000000001,399.0,403.9500000000001,7156.0,3052.0,134,2873842.499999999
2026-05-28 09:16:24.102431446+05:30,404.3,405.05,401.85,404.7000000000001,7772.0,4379.0,134,3134831.050000001
2026-05-28 09:17:43.264652375+05:30,404.7000000000001,406.4500000000001,399.65,400.65,6650.0,3904.0,134,2680188.5999999996
2026-05-28 09:19:37.824770297+05:30,400.65,404.4,398.85,403.05,7043.0,4760.0,134,2828565.85
2026-05-28 09:21:52.781917325+05:30,403.0,406.4500000000001,400.7000000000001,405.2000000000001,5385.0,2819.0,134,2172513.8000000003
2026-05-28 09:25:08.902617698+05:30,405.25,407.7000000000001,403.55,403.6,7420.0,3790.0,134,3008436.0499999993
2026-05-28 09:28:55.740069373+05:30,404.05,405.9,402.25,403.3,6307.0,3316.0,134,2545948.25
2026-05-28 09:33:36.034843419+05:30,403.1,404.55,401.4,404.55,6711.0,3752.0,134,2705076.3499999996
2026-05-28 09:37:35.690048822+05:30,404.25,409.7000000000001,403.4,407.25,7069.0,4014.0,134,2879314.749999999
2026-05-28 09:42:43.638965635+05:30,407.3,410.35,407.3,409.7000000000001,6194.0,3446.0,134,2532520.3999999994
2026-05-28 09:48:14.153177099+05:30,409.55,410.7000000000001,406.6,410.6,7101.0,3317.0,134,2901848.4
2026-05-28 09:55:11.951311904+05:30,410.65,415.3,409.6,413.25,5978.0,2864.0,134,2461530.1999999993
2026-05-28 10:01:13.626160003+05:30,413.35,418.55,413.35,415.35,7323.0,4506.0,134,3049436.6
2026-05-28 10:08:48.409516871+05:30,415.4,426.2000000000001,415.4,425.55,7030.0,4745.0,134,2955667.1499999994
2026-05-28 10:16:44.526830424+05:30,425.5,426.7000000000001,421.55,421.55,7001.0,4118.0,134,2968734.7500000005
2026-05-28 10:24:30.428070771+05:30,421.85,425.9500000000001,421.25,425.7000000000001,5534.0,3139.0,134,2345586.8499999996
2026-05-28 10:33:46.561467150+05:30,425.75,426.85,423.7000000000001,425.6,6034.0,3331.0,134,2566697.9999999995
2026-05-28 10:43:51.844406457+05:30,425.4500000000001,425.5,420.4,420.65,5547.0,2385.0,134,2350243.8500000006
2026-05-28 10:52:40.504088113+05:30,420.6,420.6,413.85,415.85,5592.0,2538.0,134,2329862.1999999997
2026-05-28 11:01:13.089013543+05:30,416.05,416.9500000000001,407.15,408.25,6067.0,2490.0,134,2493871.200000001
2026-05-28 11:12:08.237532046+05:30,408.25,415.0,408.1,415.0,6615.0,3439.0,134,2728660.000000001
2026-05-28 11:22:28.532413916+05:30,415.15,418.6,414.4500000000001,417.55,7283.0,3672.0,134,3034796.1999999993
2026-05-28 11:32:19.092090781+05:30,417.25,423.1,417.25,420.7000000000001,5522.0,2705.0,134,2323426.9000000004
2026-05-28 11:42:17.085819854+05:30,420.85,423.15,419.2000000000001,420.9500000000001,5935.0,3516.0,134,2501101.75
2026-05-28 11:55:18.860193519+05:30,420.4500000000001,421.8,418.1,419.4,6015.0,3224.0,134,2527270.550000001
2026-05-28 12:07:45.870910363+05:30,419.35,422.7000000000001,419.35,422.25,5129.0,3139.0,134,2159354.1500000004
2026-05-28 12:19:36.099210317+05:30,421.6,422.75,416.15,416.7000000000001,7501.0,2583.0,134,3152118.350000002
2026-05-28 12:29:07.130787237+05:30,416.65,422.8,416.65,422.35,5890.0,3770.0,134,2477312.65
2026-05-28 12:40:30.123075559+05:30,422.5,425.75,419.4,419.6,6658.0,2862.0,134,2815615.350000001
2026-05-28 12:50:43.550756275+05:30,419.3,419.35,414.25,414.25,6045.0,2788.0,134,2522497.75
2026-05-28 13:00:03.895075484+05:30,414.2000000000001,416.05,410.8,412.9500000000001,5318.0,2818.0,134,2198690.45
2026-05-28 13:10:49.926900545+05:30,412.9500000000001,415.0,411.4,412.25,7133.0,3806.0,134,2948612.849999999
2026-05-28 13:20:24.713284503+05:30,412.3,414.35,411.2000000000001,412.0,5768.0,2562.0,134,2382900.85
2026-05-28 13:31:30.160546551+05:30,412.5,417.3,412.25,416.4500000000001,6282.0,2460.0,134,2611039.7000000007
2026-05-28 13:41:09.574336863+05:30,415.8,416.1,411.9500000000001,412.4,5246.0,2810.0,134,2171026.9500000007
2026-05-28 13:51:02.348415200+05:30,412.8,414.8,410.2000000000001,410.25,4671.0,2270.0,134,1925801.2999999998
2026-05-28 14:00:09.150005379+05:30,410.05,413.85,410.05,412.9,6030.0,3135.0,134,2487331.6500000004
2026-05-28 14:08:30.284861671+05:30,413.05,417.0,412.05,417.0,6415.0,3551.0,134,2657231.2999999993
2026-05-28 14:17:17.069833876+05:30,417.1,418.9,414.9,415.25,6597.0,2527.0,134,2753294.1
2026-05-28 14:25:51.089049642+05:30,415.2000000000001,416.15,410.55,415.7000000000001,7158.0,3891.0,134,2960149.300000001
2026-05-28 14:33:54.486236925+05:30,415.9,419.2000000000001,415.0,415.75,6274.0,3016.0,134,2615521.5500000003
2026-05-28 14:42:25.166360213+05:30,415.65,415.8,407.3,408.75,6358.0,2253.0,134,2614210.4999999995
2026-05-28 14:49:29.128197373+05:30,408.7000000000001,410.9500000000001,406.65,407.6,5567.0,2332.0,134,2277970.65
2026-05-28 14:55:17.032393388+05:30,407.5,408.65,403.9,404.4,5143.0,2739.0,134,2087175.4500000007
2026-05-28 15:01:04.469812096+05:30,404.5,407.0,403.7000000000001,404.65,7178.0,2925.0,134,2909383.6499999994
2026-05-28 15:07:12.345326881+05:30,404.55,407.4,401.85,403.3,5865.0,2247.0,134,2372604.3999999994
2026-05-28 15:11:40.875188795+05:30,403.3,403.3,397.05,401.5,6221.0,3040.0,134,2483547.349999999
2026-05-28 15:15:58.504678999+05:30,401.85,405.05,401.0,403.65,6035.0,3449.0,134,2432543.1500000013
2026-05-28 15:19:44.972892597+05:30,403.4500000000001,403.4500000000001,401.0,401.6,5936.0,2450.0,134,2387622.150000001
2026-05-28 15:22:30.528651763+05:30,402.05,407.15,401.6,406.3,6788.0,3484.0,134,2739248.3000000007
2026-05-28 15:24:59.266160705+05:30,406.2000000000001,407.55,403.25,407.3,7236.0,4254.0,134,2933827.1500000004
2026-05-28 15:27:11.594549197+05:30,407.65,410.4,401.2000000000001,402.85,4704.0,2601.0,134,1908120.0999999999
2026-05-28 15:28:30.153611631+05:30,402.75,405.0,399.65,400.5,5087.0,2253.0,134,2049812.95
2026-05-28 15:29:23.974301938+05:30,400.4,401.35,398.35,401.05,5823.0,2717.0,134,2329214.250000001
2026-05-28 15:29:55.365529371+05:30,400.7000000000001,403.7000000000001,400.05,400.05,6455.0,2917.0,134,2591692.600000001
2026-05-29 09:15:00.091141831+05:30,400.25,402.85,398.9,401.9500000000001,6131.0,2840.0,134,2458638.6500000004
2026-05-29 09:15:13.309069472+05:30,402.4500000000001,402.9,398.55,401.7000000000001,5463.0,3343.0,134,2190653.0
2026-05-29 09:15:47.097084168+05:30,401.05,404.3,400.25,402.9,5542.0,2533.0,134,2231015.500000001
2026-05-29 09:16:55.080428791+05:30,402.9,403.6,398.35,403.6,7371.0,4738.0,134,2954606.1999999997
2026-05-29 09:18:29.303698578+05:30,404.05,405.75,402.5,402.75,6353.0,3097.0,134,2567897.8499999996
2026-05-29 09:20:38.587003373+05:30,402.15,402.15,398.2000000000001,400.35,6256.0,3158.0,134,2503299.45
2026-05-29 09:23:25.993747526+05:30,400.3,401.25,396.75,400.5,4592.0,2340.0,134,1831363.4999999998
2026-05-29 09:26:57.822377159+05:30,400.4500000000001,400.7000000000001,396.4,396.7000000000001,5759.0,2035.0,134,2296508.15
2026-05-29 09:30:37.146619718+05:30,396.15,398.75,395.15,396.8,5156.0,2495.0,134,2046216.0999999996
2026-05-29 09:35:03.197052136+05:30,396.65,398.2000000000001,393.5,397.35,6063.0,2811.0,134,2397410.1000000006
2026-05-29 09:40:50.183936909+05:30,397.4,397.75,391.2000000000001,391.9,4920.0,1829.0,134,1940102.0000000002
2026-05-29 09:45:36.374437370+05:30,391.5,392.85,388.4,392.85,6430.0,3286.0,134,2514399.300000001
2026-05-29 09:50:53.899679363+05:30,393.05,394.9,389.0,390.1,5428.0,2187.0,134,2124217.7999999993
2026-05-29 09:57:55.906850416+05:30,390.0,391.8,388.35,391.25,5334.0,3024.0,134,2082325.8000000005
2026-05-29 10:05:39.137007461+05:30,391.55,394.35,391.5,392.4,6525.0,3830.0,134,2564737.999999999
2026-05-29 10:12:48.757708355+05:30,392.4,394.15,389.1,389.3,5975.0,2509.0,134,2342403.1
2026-05-29 10:21:01.655448767+05:30,388.9500000000001,393.35,387.9,393.25,5682.0,3068.0,134,2218998.8
2026-05-29 10:29:26.539232136+05:30,393.3,401.55,393.25,400.05,6028.0,4192.0,134,2398114.9999999995
2026-05-29 10:38:11.756688455+05:30,399.65,401.7000000000001,399.25,401.3,4105.0,1894.0,134,1643475.7500000005
2026-05-29 10:46:12.042999784+05:30,401.75,402.65,400.05,402.4,6023.0,2640.0,134,2418285.1
2026-05-29 10:56:07.384192224+05:30,402.55,405.75,401.6,402.15,6633.0,3066.0,134,2672952.6
2026-05-29 11:06:40.847031637+05:30,402.3,403.85,396.05,396.85,5001.0,1956.0,134,1998302.4
2026-05-29 11:16:33.366836331+05:30,397.05,397.4,393.0,393.9,6110.0,2704.0,134,2412730.500000002
2026-05-29 11:28:13.822679049+05:30,393.6,396.2000000000001,392.7000000000001,394.8,5946.0,2759.0,134,2344807.35
2026-05-29 11:39:17.898337154+05:30,394.75,395.35,391.15,393.85,6072.0,2506.0,134,2387986.9000000013
2026-05-29 11:51:08.055322761+05:30,393.9,394.65,389.35,391.05,5883.0,2576.0,134,2307477.149999999
2026-05-29 12:03:01.618963139+05:30,391.55,392.05,386.7000000000001,388.0,5364.0,2424.0,134,2088946.5500000005
2026-05-29 12:14:08.254763989+05:30,388.0,389.3,384.35,384.4,6229.0,3447.0,134,2415979.4999999995
2026-05-29 12:24:26.141917835+05:30,384.3,386.2000000000001,382.0,382.65,5892.0,3277.0,134,2266998.6
2026-05-29 12:37:05.426216253+05:30,382.5,384.9,381.2000000000001,382.65,6257.0,2361.0,134,2397455.2499999995
2026-05-29 12:47:59.083231984+05:30,382.6,385.7000000000001,382.3,384.9,6561.0,2926.0,134,2519033.1000000006
2026-05-29 12:59:07.010668046+05:30,384.85,386.35,382.35,385.25,4333.0,2327.0,134,1666311.3000000005
2026-05-29 13:10:12.804613831+05:30,385.05,388.4,384.25,387.6,4690.0,2399.0,134,1814382.75
2026-05-29 13:21:23.026005920+05:30,387.5,392.35,387.0,391.25,5890.0,3240.0,134,2296478.2
2026-05-29 13:31:06.205781162+05:30,391.55,391.8,389.1,390.7000000000001,6099.0,2542.0,134,2383682.0000000005
2026-05-29 13:40:41.143114784+05:30,390.35,390.35,385.2000000000001,387.55,6494.0,3156.0,134,2513528.0999999996
2026-05-29 13:49:53.086893478+05:30,387.8,390.4,387.6,388.2000000000001,6309.0,3183.0,134,2454539.099999999
2026-05-29 14:00:13.983051395+05:30,387.6,387.75,383.0,383.35,7763.0,3527.0,134,2991561.049999999
2026-05-29 14:10:13.328659967+05:30,383.15,386.2000000000001,383.15,386.1,6974.0,3812.0,134,2685397.1000000006
2026-05-29 14:19:44.918453593+05:30,386.65,393.9500000000001,386.35,391.25,6165.0,3398.0,134,2408459.3
2026-05-29 14:28:01.869486965+05:30,391.15,396.85,391.1,396.1,6165.0,2931.0,134,2429878.3999999994
2026-05-29 14:35:44.716006243+05:30,396.2000000000001,401.4500000000001,394.65,399.75,4812.0,2309.0,134,1916237.9000000006
2026-05-29 14:44:11.039046813+05:30,399.8,403.35,399.5,400.4500000000001,6477.0,3652.0,134,2600799.6500000004
2026-05-29 14:50:40.543584413+05:30,400.4500000000001,402.3,397.9,401.4,6824.0,2940.0,134,2732817.9499999997
2026-05-29 14:57:19.371529900+05:30,401.6,403.9500000000001,401.1,402.15,5182.0,2417.0,134,2083713.4
2026-05-29 15:02:52.178231841+05:30,402.3,402.55,399.05,399.8,5691.0,2923.0,134,2280510.2
2026-05-29 15:08:03.788734842+05:30,399.8,403.25,399.8,401.15,6886.0,3868.0,134,2766806.6999999997
2026-05-29 15:12:39.597546461+05:30,400.75,401.4,394.9500000000001,395.15,6179.0,2404.0,134,2457614.7
2026-05-29 15:16:48.557925893+05:30,395.4500000000001,397.5,394.5,394.6,5651.0,2930.0,134,2237813.9499999993
2026-05-29 15:19:48.265428126+05:30,394.9500000000001,397.75,393.4500000000001,397.75,5195.0,2945.0,134,2051411.45
2026-05-29 15:22:43.293685447+05:30,398.0,400.25,397.5,397.5,6466.0,3437.0,134,2577475.15
2026-05-29 15:25:21.395647420+05:30,397.65,399.5,396.0,397.9,6723.0,3630.0,134,2672407.900000001
2026-05-29 15:27:02.351914896+05:30,398.35,400.9,394.75,394.9,6375.0,2186.0,134,2532184.55
2026-05-29 15:28:20.253834395+05:30,394.75,399.05,393.35,398.65,7308.0,3455.0,134,2889686.250000001
2026-05-29 15:29:15.252662221+05:30,398.55,403.15,397.65,403.1,6667.0,3347.0,134,2664125.649999999
2026-05-29 15:29:47.542133367+05:30,403.0,403.25,399.65,400.0,6846.0,3466.0,134,2747831.35
2026-05-29 15:29:59.556818494+05:30,399.75,402.4500000000001,398.8,399.15,5659.0,2510.0,134,2268491.65
2026-06-01 09:15:05.014570525+05:30,399.3,401.6,396.6,400.35,6340.0,3315.0,134,2531333.65
2026-06-01 09:15:26.151388632+05:30,400.4500000000001,407.2000000000001,400.3,407.1,6001.0,4043.0,134,2422086.600000001
2026-06-01 09:16:08.589519837+05:30,407.3,409.05,405.5,405.85,7186.0,4047.0,134,2923198.549999999
2026-06-01 09:17:08.566499213+05:30,405.9500000000001,410.25,405.3,406.9500000000001,5559.0,2368.0,134,2267629.500000001
2026-06-01 09:18:51.761783590+05:30,406.65,409.05,402.35,402.35,5620.0,2230.0,134,2282934.5
2026-06-01 09:20:58.450704918+05:30,402.15,404.8,399.75,404.55,4618.0,2484.0,134,1854020.8000000007
2026-06-01 09:23:14.203525263+05:30,404.4,405.15,400.25,400.25,5826.0,2731.0,134,2345203.5
2026-06-01 09:26:00.266606874+05:30,400.15,401.6,397.1,397.1,8198.0,4004.0,134,3277249.4999999995
2026-06-01 09:29:20.409127095+05:30,396.85,399.35,395.55,398.65,5793.0,3301.0,134,2301568.95
2026-06-01 09:33:43.782040514+05:30,399.15,401.1,396.15,400.9,5587.0,2921.0,134,2228276.7999999993
2026-06-01 09:38:46.272893099+05:30,400.6,401.3,394.3,396.75,7360.0,3138.0,134,2925138.6000000006
2026-06-01 09:43:16.150457275+05:30,396.55,401.0,395.9,399.05,7582.0,4075.0,134,3013997.2
2026-06-01 09:48:30.298513571+05:30,399.25,401.2000000000001,396.5,396.9500000000001,4648.0,2336.0,134,1857653.5999999999
2026-06-01 09:54:18.698664964+05:30,396.9500000000001,397.5,392.65,392.65,7186.0,3591.0,134,2841010.600000001
2026-06-01 10:01:27.678552788+05:30,392.5,397.2000000000001,390.05,396.8,6348.0,3862.0,134,2492607.2499999986
2026-06-01 10:08:37.073869118+05:30,396.55,398.05,394.75,397.9,9749.0,3653.0,134,3866880.1999999997
2026-06-01 10:14:59.284970660+05:30,398.05,398.6,392.9500000000001,396.9,6863.0,3192.0,134,2714991.349999999
2026-06-01 10:21:49.037577007+05:30,396.9,400.35,395.9,398.55,6231.0,3072.0,134,2480327.7
2026-06-01 10:29:43.701664881+05:30,398.9,401.8,396.35,399.1,5253.0,2724.0,134,2097805.6499999994
2026-06-01 10:37:53.131742205+05:30,399.1,399.85,394.05,398.7000000000001,5493.0,2488.0,134,2182978.5000000005
2026-06-01 10:45:50.122178895+05:30,398.35,402.4,397.9500000000001,400.35,4627.0,2297.0,134,1853347.5500000005
2026-06-01 10:54:45.918707321+05:30,399.9500000000001,399.9500000000001,390.15,390.65,6397.0,2389.0,134,2529171.0500000003
2026-06-01 11:04:34.372570609+05:30,390.5,391.0,385.4,388.75,5044.0,2390.0,134,1956227.6000000003
2026-06-01 11:13:34.703404333+05:30,389.1,390.15,385.75,389.2000000000001,5135.0,2846.0,134,1990921.55
2026-06-01 11:22:41.748690646+05:30,389.25,393.35,389.0,389.05,5191.0,2041.0,134,2030245.9500000004
2026-06-01 11:32:54.953668175+05:30,389.05,391.9,385.85,385.85,5440.0,2908.0,134,2117270.2000000007
2026-06-01 11:41:41.939312751+05:30,385.75,386.9,382.55,386.05,7802.0,4050.0,134,3005471.7999999984
2026-06-01 11:52:04.471411961+05:30,385.55,385.55,382.0,383.4,5779.0,2553.0,134,2217168.4499999993
2026-06-01 12:03:05.258983564+05:30,383.4500000000001,384.8,382.05,382.35,7120.0,2165.0,134,2731508.35
2026-06-01 12:12:38.361540832+05:30,382.4,387.2000000000001,382.4,386.9,7079.0,3623.0,134,2728866.5500000007
2026-06-01 12:21:44.810882636+05:30,386.65,391.65,386.35,391.65,5330.0,2660.0,134,2074631.5499999996
2026-06-01 12:32:26.980268105+05:30,391.5,391.9500000000001,389.0,390.55,7762.0,4504.0,134,3031873.4000000004
2026-06-01 12:42:19.879090473+05:30,390.5,391.2000000000001,384.5,386.05,6434.0,3559.0,134,2500202.9499999993
2026-06-01 12:53:01.636659634+05:30,386.05,390.4500000000001,383.65,388.85,6323.0,3593.0,134,2447652.05
2026-06-01 13:02:52.059046020+05:30,388.65,393.15,388.3,391.25,6357.0,2992.0,134,2490094.099999998
2026-06-01 13:12:54.532747792+05:30,391.3,395.6,391.3,394.05,6672.0,3655.0,134,2629881.099999999
2026-06-01 13:22:16.945256473+05:30,394.15,396.7000000000001,393.65,396.2000000000001,6100.0,3414.0,134,2410913.4499999997
2026-06-01 13:32:29.919502747+05:30,396.0,396.4500000000001,391.6,394.2000000000001,5955.0,2301.0,134,2345401.0999999996
2026-06-01 13:39:59.445367694+05:30,394.15,396.75,392.35,392.4500000000001,5005.0,2223.0,134,1974391.5499999996
2026-06-01 13:49:57.192861503+05:30,392.4500000000001,392.4500000000001,387.55,390.85,6486.0,4198.0,134,2528253.0500000003
2026-06-01 13:58:39.918297728+05:30,390.9500000000001,394.5,389.35,394.1,5273.0,2512.0,134,2068244.2999999996
2026-06-01 14:07:11.730911704+05:30,393.8,396.9500000000001,392.35,396.4,5641.0,2901.0,134,2221282.099999999
2026-06-01 14:15:27.066108047+05:30,396.85,398.4500000000001,393.6,395.55,6541.0,2693.0,134,2590108.250000001
2026-06-01 14:22:46.841903698+05:30,395.5,395.5,389.8,390.2000000000001,7990.0,3955.0,134,3135809.2000000007
2026-06-01 14:29:41.855920960+05:30,389.5,389.8,385.75,387.4,6908.0,2573.0,134,2677762.6999999993
2026-06-01 14:37:39.322601604+05:30,387.15,389.05,383.5,385.0,6453.0,2704.0,134,2491472.6499999994
2026-06-01 14:44:31.488564648+05:30,385.15,390.1,385.15,386.8,6316.0,3218.0,134,2447281.1
2026-06-01 14:50:46.085813169+05:30,386.7000000000001,393.15,386.7000000000001,391.9500000000001,7040.0,3902.0,134,2741487.9999999986
2026-06-01 14:57:16.712699472+05:30,391.9500000000001,392.9500000000001,387.9,387.9500000000001,6304.0,3541.0,134,2463407.0000000005
2026-06-01 15:02:58.276531749+05:30,387.75,395.6,387.7000000000001,395.4,7065.0,4411.0,134,2774384.900000001
2026-06-01 15:07:00.641248957+05:30,395.75,395.8,388.9,390.55,6368.0,3120.0,134,2495808.3499999996
2026-06-01 15:11:25.770637422+05:30,390.3,394.2000000000001,389.1,392.05,5451.0,2504.0,134,2135342.0999999996
2026-06-01 15:15:12.896471522+05:30,391.7000000000001,394.0,391.05,393.0,4601.0,2235.0,134,1806202.5500000003
2026-06-01 15:18:22.648337646+05:30,392.85,401.25,392.85,401.25,5480.0,3412.0,134,2175392.5500000003
2026-06-01 15:20:58.456351412+05:30,401.55,406.2000000000001,401.1,404.0,8379.0,4248.0,134,3379851.1999999993
2026-06-01 15:23:35.640755720+05:30,403.9,405.0,400.4500000000001,400.4500000000001,5134.0,2655.0,134,2070265.65
2026-06-01 15:25:36.617237303+05:30,400.3,401.9500000000001,399.25,399.7000000000001,5555.0,2964.0,134,2224883.3
2026-06-01 15:27:05.094283409+05:30,399.4500000000001,400.9500000000001,396.25,398.3,6349.0,2924.0,134,2530664.0499999993
2026-06-01 15:28:21.151401371+05:30,398.55,399.7000000000001,395.05,396.65,5974.0,3373.0,134,2376602.6
2026-06-01 15:29:18.269635645+05:30,396.2000000000001,396.3,388.65,389.35,6653.0,2936.0,134,2607878.75
2026-06-01 15:29:50.232755122+05:30,388.85,389.05,383.6,383.9,7544.0,3504.0,134,2910529.55
2026-06-01 15:29:59.960078524+05:30,384.1,384.1,381.0,383.1,6978.0,3018.0,134,2667546.8499999996
2026-06-02 09:15:08.810371114+05:30,382.7000000000001,383.8,379.7000000000001,381.0,5236.0,2397.0,134,1996534.1499999997
2026-06-02 09:15:45.651772628+05:30,381.35,383.6,380.05,383.6,6302.0,3676.0,134,2408989.35
2026-06-02 09:17:08.818340888+05:30,384.15,386.3,381.25,381.25,6539.0,2533.0,134,2512354.6500000004
2026-06-02 09:18:40.666016711+05:30,381.5,388.3,379.85,386.1,6438.0,3392.0,134,2468918.8000000003
2026-06-02 09:21:28.998032313+05:30,385.85,386.15,381.1,381.5,6200.0,2859.0,134,2377995.9500000007
2026-06-02 09:24:57.900678240+05:30,381.55,384.7000000000001,380.8,382.15,5874.0,3382.0,134,2246129.700000001
2026-06-02 09:29:09.167382778+05:30,382.7000000000001,387.85,382.05,387.85,5788.0,3012.0,134,2222177.4
2026-06-02 09:33:15.383663297+05:30,387.6,390.5,386.55,390.0,5347.0,2676.0,134,2079096.05
2026-06-02 09:39:36.877531383+05:30,389.9500000000001,392.2000000000001,385.1,385.75,6067.0,2436.0,134,2361126.249999999
2026-06-02 09:45:19.463014785+05:30,386.2000000000001,388.65,382.05,382.2000000000001,5869.0,2610.0,134,2263748.2
2026-06-02 09:52:11.155537950+05:30,381.85,388.35,381.6,387.1,5588.0,3043.0,134,2147982.8000000007
2026-06-02 10:00:03.469482586+05:30,387.05,388.9500000000001,384.9,384.9,5871.0,2809.0,134,2273890.949999999
2026-06-02 10:08:30.991508597+05:30,384.85,387.9,382.05,385.8,5263.0,2664.0,134,2027999.3500000003
2026-06-02 10:16:37.469614490+05:30,385.9500000000001,386.2000000000001,380.4500000000001,382.55,5710.0,2492.0,134,2184405.55
2026-06-02 10:26:25.309742468+05:30,382.8,383.7000000000001,379.35,382.4,5319.0,2466.0,134,2029443.3499999996
2026-06-02 10:35:21.994591914+05:30,382.75,383.6,378.4,378.4,6090.0,2920.0,134,2324334.900000001
2026-06-02 10:44:53.088838278+05:30,378.55,379.85,376.0,376.75,6264.0,3085.0,134,2368731.1
2026-06-02 10:56:21.266442424+05:30,376.65,378.1,374.4,374.9,5955.0,2691.0,134,2239457.5500000003
2026-06-02 11:08:10.051517427+05:30,374.85,375.1,371.75,372.25,5230.0,2336.0,134,1953718.8499999999
2026-06-02 11:19:49.256049034+05:30,371.9,373.4,370.25,372.2000000000001,5909.0,2739.0,134,2197294.5500000003
2026-06-02 11:30:18.465593143+05:30,372.6,374.55,370.3,373.85,5357.0,2102.0,134,1995948.9499999995
2026-06-02 11:41:59.136606030+05:30,373.9,377.9500000000001,371.9500000000001,377.65,7529.0,4010.0,134,2829325.950000001
2026-06-02 11:53:44.996313725+05:30,377.75,380.85,376.8,380.0,6863.0,4024.0,134,2600992.499999998
2026-06-02 12:07:03.534448032+05:30,379.75,382.25,379.05,379.05,7737.0,3469.0,134,2945179.9999999995
2026-06-02 12:19:53.461495884+05:30,379.2000000000001,379.75,374.65,376.6,6832.0,4151.0,134,2575971.3000000007
2026-06-02 12:34:18.544015709+05:30,376.8,377.35,373.1,375.35,6031.0,2926.0,134,2265550.800000001
2026-06-02 12:46:40.534791209+05:30,374.75,374.8,369.4,369.4,7720.0,3232.0,134,2864282.55
2026-06-02 12:59:46.062036742+05:30,369.8,373.9500000000001,368.85,373.35,5803.0,2873.0,134,2154245.3499999996
2026-06-02 13:13:35.222555123+05:30,373.25,377.9,373.25,376.4500000000001,6848.0,3875.0,134,2575606.0999999996
2026-06-02 13:25:01.146366154+05:30,376.6,378.35,375.0,377.3,6335.0,2658.0,134,2385806.7500000005
2026-06-02 13:37:12.329492810+05:30,377.5,381.4,375.6,380.5,6435.0,3305.0,134,2436252.6
2026-06-02 13:48:31.510165894+05:30,380.8,384.15,380.8,381.0,5783.0,3056.0,134,2211111.2999999993
2026-06-02 13:59:07.186549392+05:30,381.2000000000001,383.9500000000001,378.65,379.4,4942.0,2274.0,134,1885031.000000001
2026-06-02 14:10:04.420341342+05:30,379.1,382.25,379.1,380.55,5698.0,3173.0,134,2169428.6500000004
2026-06-02 14:20:37.024651170+05:30,380.5,380.85,376.05,376.3,4996.0,2508.0,134,1891802.3000000003
2026-06-02 14:29:31.524616544+05:30,376.2000000000001,378.8,373.8,378.8,5377.0,2906.0,134,2023581.899999999
2026-06-02 14:38:22.688120420+05:30,378.8,379.9,374.65,377.9,6568.0,3222.0,134,2480344.200000001
2026-06-02 14:47:14.365480160+05:30,377.75,379.2000000000001,375.4500000000001,376.25,5000.0,2577.0,134,1887321.4999999995
2026-06-02 14:54:51.042044055+05:30,376.05,376.2000000000001,370.1,371.25,6594.0,3170.0,134,2466914.75
2026-06-02 15:01:22.338967902+05:30,371.25,372.35,367.55,367.55,5975.0,2663.0,134,2214236.95
2026-06-02 15:06:51.102436071+05:30,368.05,369.15,366.9500000000001,367.65,7359.0,3994.0,134,2709132.2000000007
2026-06-02 15:12:08.400521224+05:30,367.65,369.4500000000001,365.9,369.4500000000001,6319.0,3736.0,134,2320145.100000001
2026-06-02 15:17:18.092703315+05:30,369.4,369.4,364.9,366.8,5699.0,2322.0,134,2088482.5500000012
2026-06-02 15:21:40.633955064+05:30,366.85,368.9500000000001,364.2000000000001,364.2000000000001,5431.0,2409.0,134,1991574.8500000008
2026-06-02 15:24:38.324075268+05:30,364.85,365.5,360.20000000000005,361.55,5324.0,2546.0,134,1930028.4000000004
2026-06-02 15:27:04.888261804+05:30,360.8,361.75,356.05,356.35,5083.0,1640.0,134,1821340.549999999
2026-06-02 15:28:47.652595044+05:30,356.45000000000005,359.5,356.05,357.70000000000005,5716.0,3046.0,134,2044412.5500000003
2026-06-02 15:29:46.276379719+05:30,357.85,360.9,357.55,360.4500000000001,5861.0,3897.0,134,2105933.1500000004
2026-06-02 15:29:59.722114792+05:30,360.4,361.15,358.20000000000005,360.20000000000005,6773.0,3167.0,134,2435983.5000000005
2026-06-03 09:15:13.296987236+05:30,360.0,360.8,354.45000000000005,355.65000000000003,5839.0,2241.0,134,2089265.6500000004
2026-06-03 09:16:00.731816586+05:30,355.5,357.3,352.1,356.85,6042.0,3009.0,134,2142632.0000000005
2026-06-03 09:17:47.220720279+05:30,356.55,357.85,355.25,356.90000000000003,6344.0,2914.0,134,2264863.15
2026-06-03 09:20:09.240067913+05:30,356.8,357.95000000000005,353.6,357.6,7182.0,2997.0,134,2557677.5500000003
2026-06-03 09:23:35.743922878+05:30,357.75,363.25,356.8,362.35,5433.0,3030.0,134,1956450.9499999995
2026-06-03 09:27:55.357133158+05:30,362.3,362.4,359.95000000000005,361.65,7158.0,3531.0,134,2584425.7000000007
2026-06-03 09:33:40.011403696+05:30,361.0,363.9500000000001,360.4,361.7000000000001,6509.0,3017.0,134,2353344.75
2026-06-03 09:39:26.454467018+05:30,361.7000000000001,365.0,360.85,361.1,6673.0,3803.0,134,2422292.950000001
2026-06-03 09:44:53.578753545+05:30,361.0,362.1,355.90000000000003,359.65000000000003,6932.0,2936.0,134,2482901.9500000007
2026-06-03 09:52:40.065226111+05:30,359.25,360.15000000000003,355.70000000000005,356.75,6038.0,2543.0,134,2159371.4499999997
2026-06-03 10:02:14.839312985+05:30,356.75,359.40000000000003,355.90000000000003,358.35,5612.0,1919.0,134,2006414.4499999997
2026-06-03 10:11:46.190853731+05:30,358.5,359.65000000000003,356.0,357.70000000000005,5777.0,2405.0,134,2067658.5
2026-06-03 10:20:34.114638323+05:30,357.70000000000005,360.15000000000003,355.6,359.55,6615.0,2754.0,134,2368299.150000001
2026-06-03 10:32:38.141555297+05:30,359.3,361.85,358.90000000000003,359.95000000000005,5643.0,2916.0,134,2032632.55
2026-06-03 10:44:57.513698677+05:30,360.05,362.5,357.90000000000003,361.4,5822.0,2989.0,134,2097112.6999999997
2026-06-03 10:58:12.318634750+05:30,361.35,363.4500000000001,356.8,357.05,7948.0,4719.0,134,2855184.2
2026-06-03 11:12:04.091754523+05:30,357.05,357.15000000000003,351.05,351.40000000000003,5854.0,2865.0,134,2074712.6499999992
2026-06-03 11:24:10.166584166+05:30,351.45000000000005,353.75,348.5,350.15000000000003,5624.0,2292.0,134,1976604.2500000002
2026-06-03 11:38:46.464075905+05:30,350.25,355.75,349.3,355.1,6534.0,3957.0,134,2304705.6500000013
2026-06-03 11:52:37.100142174+05:30,355.45000000000005,355.45000000000005,351.85,354.70000000000005,5224.0,2593.0,134,1847501.0000000002
2026-06-03 12:07:29.232023840+05:30,354.75,355.85,352.90000000000003,353.75,7528.0,4285.0,134,2667095.5000000005
2026-06-03 12:20:06.059254408+05:30,353.40000000000003,357.5,353.40000000000003,356.70000000000005,5429.0,2544.0,134,1929611.5000000005
2026-06-03 12:32:53.187712454+05:30,356.65000000000003,358.40000000000003,354.70000000000005,356.05,5905.0,2563.0,134,2103628.6999999993
2026-06-03 12:46:39.505092534+05:30,355.65000000000003,355.85,352.70000000000005,353.65000000000003,5263.0,2485.0,134,1864169.4999999995
2026-06-03 13:03:08.295282979+05:30,353.45000000000005,353.45000000000005,347.25,351.45000000000005,5728.0,2216.0,134,2003576.6999999997
2026-06-03 13:20:43.956223295+05:30,351.65000000000003,352.95000000000005,349.55,352.95000000000005,4994.0,2329.0,134,1753540.3499999996
2026-06-03 13:35:29.840884524+05:30,352.95000000000005,355.65000000000003,351.65000000000003,354.95000000000005,6990.0,2784.0,134,2471377.65
2026-06-03 13:48:03.156798885+05:30,354.85,356.0,353.8,355.65000000000003,4987.0,2416.0,134,1770917.2
2026-06-03 13:59:40.940099721+05:30,355.55,356.5,353.8,354.90000000000003,4733.0,2129.0,134,1679644.0499999993
2026-06-03 14:11:25.519789061+05:30,354.90000000000003,355.95000000000005,348.3,348.3,6598.0,2499.0,134,2320754.4
2026-06-03 14:21:54.133027811+05:30,348.45000000000005,350.15000000000003,344.85,345.45000000000005,7110.0,3464.0,134,2471804.1000000006
2026-06-03 14:32:38.468094195+05:30,345.45000000000005,346.0,340.05,342.15000000000003,6638.0,2781.0,134,2278164.95
2026-06-03 14:42:11.985187572+05:30,341.70000000000005,344.20000000000005,341.1,341.3,6466.0,2870.0,134,2214765.049999999
2026-06-03 14:51:15.326097916+05:30,341.35,346.1,341.05,344.8,6980.0,3687.0,134,2400475.7500000005
2026-06-03 14:59:07.818971356+05:30,344.8,346.40000000000003,344.1,344.6,5983.0,3368.0,134,2064434.5500000005
2026-06-03 15:06:38.474410676+05:30,344.0,344.15000000000003,340.70000000000005,341.45000000000005,5400.0,2253.0,134,1848508.0499999996
2026-06-03 15:12:41.125213532+05:30,342.1,343.1,339.45000000000005,342.0,6148.0,2555.0,134,2096033.1000000006
2026-06-03 15:16:44.610218448+05:30,341.5,343.3,338.65000000000003,338.65000000000003,5093.0,2388.0,134,1734101.5000000005
2026-06-03 15:21:16.484040988+05:30,338.55,341.65000000000003,338.20000000000005,339.05,6077.0,3698.0,134,2065585.5999999999
2026-06-03 15:24:35.263329708+05:30,339.1,347.15000000000003,339.1,346.70000000000005,7126.0,3584.0,134,2452844.749999999
2026-06-03 15:26:55.710566012+05:30,346.85,348.55,345.95000000000005,347.6,5512.0,2766.0,134,1914782.9999999995
2026-06-03 15:28:53.048766252+05:30,348.3,349.45000000000005,345.85,346.90000000000003,7014.0,3172.0,134,2438336.349999999
2026-06-03 15:29:39.437372482+05:30,346.8,348.25,339.20000000000005,339.20000000000005,5709.0,2224.0,134,1970098.9499999993
2026-06-04 09:15:00.000050550+05:30,339.25,342.25,339.25,340.5,7701.0,4672.0,134,2625761.7999999993
2026-06-04 09:15:30.307195458+05:30,340.40000000000003,346.35,339.95000000000005,341.70000000000005,6798.0,3598.0,134,2334290.9500000007
2026-06-04 09:17:18.072602981+05:30,341.70000000000005,341.8,339.65000000000003,341.3,5506.0,2830.0,134,1875267.8000000005
2026-06-04 09:20:26.430938004+05:30,341.85,342.95000000000005,337.35,339.05,5809.0,2791.0,134,1978605.6999999997
2026-06-04 09:24:51.734188078+05:30,338.70000000000005,341.1,338.3,340.35,5486.0,3436.0,134,1864604.5999999996
2026-06-04 09:31:29.974854554+05:30,340.05,343.65000000000003,339.35,341.40000000000003,4741.0,2271.0,134,1618104.4500000004
2026-06-04 09:39:08.636833501+05:30,341.65000000000003,342.65000000000003,337.45000000000005,341.40000000000003,5705.0,3144.0,134,1942086.0000000002
2026-06-04 09:48:31.355615819+05:30,341.65000000000003,341.90000000000003,339.05,341.25,5657.0,2721.0,134,1925421.75
2026-06-04 09:58:16.932301853+05:30,341.15000000000003,341.85,337.75,340.75,5167.0,2531.0,134,1757007.3499999999
2026-06-04 10:11:06.782016587+05:30,340.65000000000003,346.25,340.05,345.5,6629.0,4280.0,134,2275542.2999999993
2026-06-04 10:26:24.057988576+05:30,345.55,350.40000000000003,344.85,348.8,5810.0,3136.0,134,2018107.5500000005
2026-06-04 10:40:00.882244601+05:30,349.0,349.35,347.0,348.45000000000005,6749.0,3311.0,134,2350616.8500000015
2026-06-04 10:59:51.062906860+05:30,348.55,349.05,346.25,348.05,6166.0,2816.0,134,2142499.5
2026-06-04 11:18:03.103215282+05:30,348.5,349.45000000000005,346.90000000000003,348.75,6344.0,2380.0,134,2209133.9999999995
2026-06-04 11:36:12.755351223+05:30,348.85,350.70000000000005,348.1,349.75,6109.0,2539.0,134,2133077.8
2026-06-04 11:53:26.370034713+05:30,349.8,353.40000000000003,349.0,351.65000000000003,5568.0,2523.0,134,1954038.7000000002
2026-06-04 12:10:23.371041574+05:30,351.65000000000003,354.3,350.55,353.70000000000005,7255.0,4531.0,134,2555487.9
2026-06-04 12:28:56.256182473+05:30,353.95000000000005,357.3,353.20000000000005,356.6,5361.0,2648.0,134,1902514.3000000005
2026-06-04 12:46:24.371497370+05:30,356.75,359.55,356.15000000000003,356.5,5632.0,2577.0,134,2015732.8499999992
2026-06-04 13:06:04.727463853+05:30,356.70000000000005,358.40000000000003,354.65000000000003,355.0,6088.0,2751.0,134,2168222.3499999996
2026-06-04 13:25:37.046813374+05:30,354.85,357.8,354.85,354.85,6483.0,3844.0,134,2309541.900000001
2026-06-04 13:43:17.111144873+05:30,354.85,356.5,353.55,356.3,5913.0,2971.0,134,2099982.1500000004
2026-06-04 13:58:28.300341331+05:30,356.35,358.5,355.15000000000003,358.15000000000003,5943.0,3149.0,134,2120717.2000000007
2026-06-04 14:15:02.601951693+05:30,358.25,360.25,356.15000000000003,356.20000000000005,5912.0,3351.0,134,2119148.5000000005
2026-06-04 14:31:30.393290325+05:30,355.65000000000003,356.20000000000005,351.65000000000003,351.65000000000003,6244.0,3405.0,134,2212953.1500000004
2026-06-04 14:43:25.128536186+05:30,351.70000000000005,352.0,349.90000000000003,351.65000000000003,5482.0,3214.0,134,1924736.0500000012
2026-06-04 14:53:15.703476744+05:30,351.65000000000003,353.0,349.20000000000005,351.25,6202.0,2822.0,134,2176482.0999999996
2026-06-04 15:03:13.738981165+05:30,351.45000000000005,352.25,348.65000000000003,350.75,6494.0,3536.0,134,2278960.200000001
2026-06-04 15:11:20.831025791+05:30,350.85,351.75,348.1,351.55,6212.0,4158.0,134,2176257.9
2026-06-04 15:17:19.990711116+05:30,351.70000000000005,355.45000000000005,350.8,355.05,6298.0,3114.0,134,2221910.75
2026-06-04 15:22:59.262795891+05:30,355.45000000000005,356.6,351.8,351.85,6203.0,3324.0,134,2202831.55
2026-06-04 15:26:46.173066365+05:30,352.0,353.6,350.40000000000003,352.3,7667.0,3712.0,134,2701214.0
2026-06-04 15:28:49.724879651+05:30,351.85,354.1,350.55,352.0,6048.0,2901.0,134,2131329.95
2026-06-04 15:29:50.113263216+05:30,351.85,351.90000000000003,345.15000000000003,345.20000000000005,5490.0,2954.0,134,1914183.9500000004
2026-06-05 09:15:00.348294746+05:30,345.0,348.1,344.45000000000005,347.15000000000003,4509.0,2152.0,134,1561508.8500000006
2026-06-05 09:15:17.917393959+05:30,347.35,348.05,343.5,343.75,4729.0,1977.0,134,1635060.9999999995
2026-06-05 09:16:09.828359925+05:30,343.65000000000003,347.05,342.0,345.55,9001.0,6036.0,134,3105446.9999999995
2026-06-05 09:17:33.420073010+05:30,345.65000000000003,347.05,344.8,345.5,5887.0,2666.0,134,2035629.9499999997
2026-06-05 09:20:07.979184982+05:30,345.8,348.1,345.5,346.65000000000003,5903.0,2963.0,134,2046837.300000001
2026-06-05 09:22:48.411794810+05:30,346.85,351.05,344.70000000000005,345.70000000000005,6812.0,3021.0,134,2367930.8500000015
2026-06-05 09:26:11.121025116+05:30,345.95000000000005,346.6,344.0,346.05,7256.0,3320.0,134,2504856.250000001
2026-06-05 09:30:14.649272316+05:30,346.6,348.3,344.8,344.8,7474.0,3261.0,134,2590920.6999999993
2026-06-05 09:35:00.337353285+05:30,344.95000000000005,351.1,344.15000000000003,348.85,6216.0,3587.0,134,2163418.4000000004
2026-06-05 09:41:17.325143352+05:30,348.70000000000005,348.85,346.15000000000003,346.55,6393.0,2558.0,134,2221050.8000000017
2026-06-05 09:48:23.976523253+05:30,345.8,349.40000000000003,345.65000000000003,346.3,5574.0,2648.0,134,1936273.4499999997
2026-06-05 09:55:44.399423623+05:30,346.55,348.65000000000003,345.15000000000003,346.6,6780.0,3110.0,134,2349288.3
2026-06-05 10:02:53.964602565+05:30,346.40000000000003,348.25,346.20000000000005,348.0,5907.0,3022.0,134,2050497.3499999999
2026-06-05 10:11:34.738963815+05:30,347.8,347.95000000000005,340.5,340.5,6464.0,1899.0,134,2231946.8999999994
2026-06-05 10:22:19.613538864+05:30,340.90000000000003,341.45000000000005,338.35,338.55,6194.0,2955.0,134,2103505.8000000007
2026-06-05 10:33:30.926441766+05:30,338.55,340.20000000000005,334.8,334.90000000000003,5643.0,2567.0,134,1906289.8
2026-06-05 10:44:30.749423191+05:30,334.95000000000005,342.5,334.95000000000005,341.85,6825.0,4792.0,134,2323722.3999999994
2026-06-05 10:56:01.425634808+05:30,341.8,344.35,340.8,344.35,7147.0,3816.0,134,2448973.6500000004
2026-06-05 11:07:53.610880650+05:30,344.40000000000003,348.75,342.0,348.5,8061.0,5333.0,134,2788805.8500000006
2026-06-05 11:20:18.785637110+05:30,349.55,355.70000000000005,349.15000000000003,354.75,5138.0,3246.0,134,1804849.2500000007
2026-06-05 11:32:06.220654941+05:30,354.40000000000003,355.15000000000003,349.20000000000005,349.55,6402.0,2605.0,134,2253669.350000001
2026-06-05 11:43:36.604335098+05:30,349.25,350.6,342.20000000000005,343.40000000000003,5247.0,2483.0,134,1819612.8999999987
2026-06-05 11:57:47.079237285+05:30,343.20000000000005,345.5,341.35,341.5,5490.0,2838.0,134,1887909.8000000005
2026-06-05 12:11:06.581491269+05:30,341.6,342.40000000000003,339.15000000000003,341.85,6240.0,4240.0,134,2127300.6500000004
2026-06-05 12:23:24.851981950+05:30,341.70000000000005,341.70000000000005,335.1,335.70000000000005,7336.0,4490.0,134,2476279.7499999995
2026-06-05 12:36:39.124867636+05:30,335.55,335.70000000000005,330.15000000000003,330.15000000000003,4855.0,2213.0,134,1620043.4500000004
2026-06-05 12:49:16.377685283+05:30,330.20000000000005,332.55,329.90000000000003,332.05,6579.0,3903.0,134,2177341.9
2026-06-05 13:01:50.206563180+05:30,331.90000000000003,335.75,331.20000000000005,335.40000000000003,5704.0,2928.0,134,1899765.2999999996
2026-06-05 13:14:08.709005447+05:30,335.3,335.3,330.35,331.85,6585.0,3521.0,134,2192825.6000000006
2026-06-05 13:25:51.302738038+05:30,331.70000000000005,334.5,331.70000000000005,333.45000000000005,6420.0,3381.0,134,2139479.55
2026-06-05 13:38:27.357573248+05:30,333.65000000000003,337.45000000000005,332.20000000000005,336.55,5354.0,3328.0,134,1791558.0500000003
2026-06-05 13:49:10.358843893+05:30,336.0,341.05,335.3,340.55,4676.0,2437.0,134,1576188.8499999994
2026-06-05 13:59:48.072563635+05:30,340.35,340.6,337.95000000000005,339.20000000000005,5751.0,2311.0,134,1951308.95
2026-06-05 14:09:51.189452332+05:30,339.40000000000003,342.45000000000005,339.40000000000003,340.65000000000003,5669.0,2939.0,134,1934139.95
2026-06-05 14:22:17.831144518+05:30,340.90000000000003,344.1,339.6,341.85,7168.0,4986.0,134,2451252.000000001
2026-06-05 14:31:08.199591026+05:30,342.0,342.6,339.70000000000005,340.5,6100.0,2916.0,134,2078904.85
2026-06-05 14:39:54.210335066+05:30,340.3,343.85,340.20000000000005,340.70000000000005,6907.0,3809.0,134,2365755.6999999993
2026-06-05 14:49:08.389432500+05:30,340.55,341.05,336.70000000000005,339.0,5552.0,2786.0,134,1879924.6
2026-06-05 14:56:14.533700495+05:30,338.70000000000005,340.90000000000003,338.70000000000005,338.95000000000005,6502.0,2703.0,134,2208189.7
2026-06-05 15:02:34.244322570+05:30,339.0,342.45000000000005,338.05,338.45000000000005,5523.0,3092.0,134,1878953.7000000007
2026-06-05 15:08:41.860606051+05:30,338.3,339.85,335.90000000000003,337.05,5831.0,2600.0,134,1971561.5499999993
2026-06-05 15:14:37.061353557+05:30,337.55,338.90000000000003,335.15000000000003,336.95000000000005,6323.0,3016.0,134,2130205.3500000006
2026-06-05 15:19:13.538321763+05:30,336.90000000000003,342.40000000000003,335.95000000000005,342.40000000000003,6309.0,3631.0,134,2136714.5499999993
2026-06-05 15:23:04.966847020+05:30,342.45000000000005,344.25,341.35,341.65000000000003,5878.0,2903.0,134,2014534.3
2026-06-05 15:25:41.759129895+05:30,341.85,344.70000000000005,340.75,344.70000000000005,5946.0,3249.0,134,2037451.5500000003
2026-06-05 15:27:36.614646042+05:30,344.55,346.65000000000003,343.95000000000005,346.15000000000003,5647.0,2587.0,134,1948831.5000000012
2026-06-05 15:29:00.360061072+05:30,346.3,347.45000000000005,342.85,346.95000000000005,4799.0,1963.0,134,1655728.7499999995
2026-06-05 15:29:41.604160248+05:30,347.1,347.45000000000005,343.8,344.0,6264.0,2871.0,134,2168156.5
2026-06-05 15:29:59.980241744+05:30,344.0,344.1,337.90000000000003,339.45000000000005,5428.0,2793.0,134,1852957.4499999997
2026-06-08 09:15:07.068276969+05:30,339.55,340.8,338.25,339.15000000000003,6305.0,3755.0,134,2141854.7
2026-06-08 09:15:41.921373304+05:30,338.55,341.45000000000005,338.40000000000003,340.05,6428.0,2687.0,134,2185887.75
2026-06-08 09:16:49.382393430+05:30,340.25,342.45000000000005,339.70000000000005,340.95000000000005,4573.0,2402.0,134,1558897.25
2026-06-08 09:18:36.535152908+05:30,341.45000000000005,342.6,339.35,341.1,7152.0,3175.0,134,2438371.85
2026-06-08 09:21:21.454379421+05:30,340.70000000000005,340.70000000000005,336.25,336.8,6330.0,2638.0,134,2140862.7999999993
2026-06-08 09:24:33.546758653+05:30,336.55,338.5,335.95000000000005,337.75,5057.0,2565.0,134,1705378.3499999999
2026-06-08 09:28:17.532233376+05:30,337.90000000000003,339.1,335.40000000000003,336.25,4438.0,2716.0,134,1496358.2
2026-06-08 09:32:40.457490197+05:30,336.20000000000005,338.75,334.3,338.6,4745.0,2206.0,134,1597451.4999999998
2026-06-08 09:37:47.156193679+05:30,338.40000000000003,339.35,332.70000000000005,334.35,6827.0,2994.0,134,2294848.2999999993
2026-06-08 09:43:11.976794634+05:30,334.70000000000005,337.45000000000005,333.55,335.0,5694.0,2594.0,134,1910185.9499999997
2026-06-08 09:50:00.475650714+05:30,335.05,337.8,332.40000000000003,333.8,5364.0,2832.0,134,1796731.6500000006
2026-06-08 09:57:08.978050254+05:30,333.6,335.3,330.45000000000005,333.90000000000003,5074.0,2557.0,134,1688958.5
2026-06-08 10:04:31.635104250+05:30,334.25,335.25,332.8,335.25,6244.0,3407.0,134,2086011.7999999998
2026-06-08 10:13:22.594744976+05:30,335.15000000000003,339.75,334.90000000000003,339.20000000000005,8721.0,5815.0,134,2936141.6
2026-06-08 10:23:27.638641508+05:30,339.1,339.5,336.65000000000003,338.05,5860.0,2355.0,134,1981452.1499999994
2026-06-08 10:33:00.753051410+05:30,337.8,339.3,335.90000000000003,336.65000000000003,7000.0,3112.0,134,2360940.4499999997
2026-06-08 10:43:45.117190392+05:30,336.65000000000003,339.95000000000005,336.65000000000003,339.45000000000005,6364.0,2920.0,134,2153066.9999999995
2026-06-08 10:56:59.957711292+05:30,339.40000000000003,341.0,337.5,340.15000000000003,6413.0,3838.0,134,2177966.5000000005
2026-06-08 11:08:40.728789560+05:30,340.6,346.45000000000005,340.6,345.25,5649.0,3350.0,134,1941771.7499999995
2026-06-08 11:20:48.731794020+05:30,345.05,345.05,342.1,343.0,6041.0,3269.0,134,2074411.0999999999
2026-06-08 11:32:05.335807800+05:30,343.25,343.70000000000005,337.5,338.1,5410.0,2454.0,134,1839711.100000001
2026-06-08 11:44:20.542633868+05:30,338.15000000000003,346.45000000000005,337.55,346.45000000000005,6264.0,3806.0,134,2135107.1999999997
2026-06-08 11:58:41.555951059+05:30,346.55,346.55,341.25,344.0,8381.0,4515.0,134,2882538.4499999997
2026-06-08 12:10:53.249901594+05:30,344.20000000000005,347.15000000000003,343.90000000000003,345.05,6373.0,3175.0,134,2203920.6999999993
2026-06-08 12:26:06.915943049+05:30,345.05,347.20000000000005,342.40000000000003,342.95000000000005,6162.0,2741.0,134,2122780.2
2026-06-08 12:39:56.567747504+05:30,343.25,343.3,340.6,342.15000000000003,5533.0,2062.0,134,1892876.0999999999
2026-06-08 12:54:59.729614890+05:30,342.25,342.65000000000003,340.15000000000003,341.0,6657.0,2460.0,134,2271616.9999999995
2026-06-08 13:06:27.301952856+05:30,340.75,340.75,336.85,338.1,5856.0,2038.0,134,1983685.0000000007
2026-06-08 13:17:47.720452244+05:30,337.95000000000005,338.85,334.65000000000003,335.75,6470.0,2552.0,134,2177115.5000000005
2026-06-08 13:29:43.600342926+05:30,335.75,335.85,331.5,332.35,5750.0,3017.0,134,1913399.95
2026-06-08 13:41:03.258970196+05:30,332.35,332.95000000000005,327.70000000000005,329.3,6628.0,3123.0,134,2188657.2000000007
2026-06-08 13:52:10.586998427+05:30,328.85,333.6,328.25,333.05,5858.0,3215.0,134,1935571.95
2026-06-08 14:02:52.039892588+05:30,332.85,333.85,328.65000000000003,329.55,5820.0,2344.0,134,1932108.4999999998
2026-06-08 14:13:04.659601989+05:30,329.55,333.5,328.65000000000003,332.90000000000003,5856.0,3316.0,134,1936436.25
2026-06-08 14:21:33.683391984+05:30,332.85,335.3,332.55,335.0,7528.0,3034.0,134,2514556.8000000003
2026-06-08 14:29:30.153798417+05:30,334.95000000000005,335.40000000000003,331.3,332.15000000000003,5897.0,2437.0,134,1965358.25
2026-06-08 14:38:51.529253298+05:30,331.85,335.55,331.65000000000003,334.35,5505.0,2686.0,134,1838555.3
2026-06-08 14:47:04.245871478+05:30,334.40000000000003,339.75,333.75,338.6,4362.0,2606.0,134,1467826.600000001
2026-06-08 14:54:55.548698811+05:30,338.75,342.5,338.65000000000003,342.5,6685.0,4037.0,134,2277519.4500000007
2026-06-08 15:02:14.113251150+05:30,342.85,345.8,341.90000000000003,343.20000000000005,5214.0,2707.0,134,1792218.6
2026-06-08 15:07:45.749409488+05:30,343.45000000000005,344.05,340.70000000000005,340.70000000000005,6624.0,3472.0,134,2271202.2999999993
2026-06-08 15:12:18.478034754+05:30,340.8,340.90000000000003,337.40000000000003,340.75,6113.0,3316.0,134,2074168.850000001
2026-06-08 15:16:55.001319343+05:30,340.85,344.25,340.65000000000003,343.1,5172.0,3101.0,134,1771615.4500000002
2026-06-08 15:20:52.560658634+05:30,342.6,342.6,339.20000000000005,341.25,5620.0,2332.0,134,1915618.4499999997
2026-06-08 15:24:18.582397316+05:30,340.90000000000003,342.3,339.70000000000005,339.90000000000003,6551.0,3676.0,134,2233682.75
2026-06-08 15:26:53.467097398+05:30,339.90000000000003,341.20000000000005,336.95000000000005,337.8,4976.0,2083.0,134,1688760.749999999
2026-06-08 15:28:33.026378991+05:30,337.5,338.0,333.0,334.45000000000005,6333.0,3583.0,134,2123105.0999999996
2026-06-08 15:29:34.274371150+05:30,334.3,337.8,333.85,337.35,7881.0,4321.0,134,2651793.9000000004
2026-06-08 15:29:58.913499720+05:30,337.55,339.05,336.3,336.70000000000005,6505.0,2713.0,134,2197386.2000000007
2026-06-09 09:15:11.328423528+05:30,336.35,340.05,335.95000000000005,337.0,5524.0,2712.0,134,1864935.250000001
2026-06-09 09:16:28.390690440+05:30,337.40000000000003,337.5,332.85,334.5,5440.0,1960.0,134,1821486.4499999995
2026-06-09 09:18:52.183623901+05:30,334.15000000000003,334.85,329.0,331.6,6861.0,2381.0,134,2282652.6500000004
2026-06-09 09:22:46.733922801+05:30,331.6,335.05,330.05,335.05,6447.0,3135.0,134,2142076.5
2026-06-09 09:27:57.202171460+05:30,335.1,337.5,330.45000000000005,330.6,6236.0,2518.0,134,2085315.3500000003
2026-06-09 09:34:30.284705950+05:30,330.55,330.70000000000005,327.5,328.75,5836.0,2917.0,134,1921760.3499999999
2026-06-09 09:42:20.189162456+05:30,328.65000000000003,332.0,327.45000000000005,328.25,5342.0,2497.0,134,1761766.0999999996
2026-06-09 09:51:27.922080932+05:30,328.3,329.70000000000005,325.5,328.5,6961.0,3505.0,134,2282247.7000000007
2026-06-09 10:04:29.441871416+05:30,328.45000000000005,330.65000000000003,328.15000000000003,329.45000000000005,4723.0,2326.0,134,1554482.3
2026-06-09 10:17:23.996006966+05:30,329.75,330.20000000000005,326.70000000000005,328.35,5269.0,2665.0,134,1731619.0
2026-06-09 10:31:19.693507432+05:30,328.40000000000003,330.3,326.05,327.3,5495.0,2867.0,134,1806703.9499999995
2026-06-09 10:45:51.952018463+05:30,327.15000000000003,327.70000000000005,321.85,321.85,5262.0,1874.0,134,1712160.3500000003
2026-06-09 11:06:21.424280654+05:30,321.55,322.8,320.1,321.35,6491.0,2917.0,134,2085522.55
2026-06-09 11:24:51.718916097+05:30,321.20000000000005,323.85,319.6,323.0,5875.0,3443.0,134,1892155.3000000003
2026-06-09 11:43:28.913426104+05:30,322.6,323.3,318.20000000000005,320.15000000000003,8862.0,5597.0,134,2839110.75
2026-06-09 12:04:09.362539261+05:30,320.3,322.20000000000005,319.3,321.25,4978.0,2575.0,134,1597857.5000000007
2026-06-09 12:19:59.788557843+05:30,321.8,327.6,321.6,327.6,6030.0,3490.0,134,1950519.0499999996
2026-06-09 12:37:21.983581634+05:30,327.45000000000005,332.1,327.0,330.6,8321.0,4494.0,134,2747604.300000001
2026-06-09 12:52:48.990058076+05:30,330.45000000000005,333.20000000000005,330.20000000000005,332.75,6059.0,2844.0,134,2010598.2500000007
2026-06-09 13:15:06.406443719+05:30,332.6,333.90000000000003,331.8,333.40000000000003,6246.0,3153.0,134,2080061.6000000006
2026-06-09 13:32:37.987863467+05:30,333.3,336.90000000000003,333.3,334.0,5011.0,3092.0,134,1680936.3
2026-06-09 13:47:18.956921054+05:30,333.8,336.20000000000005,332.35,335.15000000000003,5077.0,2240.0,134,1695908.1500000004
2026-06-09 14:03:39.574620189+05:30,335.05,339.95000000000005,334.85,337.15000000000003,6480.0,3866.0,134,2188540.1999999997
2026-06-09 14:20:47.256313454+05:30,337.3,337.65000000000003,332.0,334.25,6805.0,3212.0,134,2277841.2
2026-06-09 14:35:15.411873989+05:30,334.70000000000005,337.05,333.3,333.95000000000005,6874.0,3596.0,134,2303728.2
2026-06-09 14:47:07.589516134+05:30,333.8,339.55,333.8,339.1,5752.0,3440.0,134,1935089.4999999998
2026-06-09 14:58:17.490213863+05:30,338.85,338.95000000000005,336.3,337.90000000000003,5008.0,1708.0,134,1691427.2499999998
2026-06-09 15:06:53.889948062+05:30,337.95000000000005,340.25,337.40000000000003,338.95000000000005,6083.0,3233.0,134,2059250.0
2026-06-09 15:14:13.195928098+05:30,339.0,341.85,338.3,339.65000000000003,6214.0,3010.0,134,2116295.1499999994
2026-06-09 15:20:30.828612831+05:30,339.70000000000005,344.1,339.35,341.8,6198.0,3845.0,134,2119301.3999999994
2026-06-09 15:24:54.065595400+05:30,341.65000000000003,342.90000000000003,339.55,339.55,5526.0,2685.0,134,1886847.0499999998
2026-06-09 15:27:53.051084285+05:30,339.85,340.20000000000005,336.45000000000005,338.05,6084.0,3862.0,134,2059265.1499999992
2026-06-09 15:29:33.301471941+05:30,338.0,341.15000000000003,337.6,341.15000000000003,5937.0,3492.0,134,2018668.7500000007
2026-06-09 15:29:59.844208493+05:30,341.55,341.55,338.35,338.35,6681.0,3708.0,134,2272607.3999999994
2026-06-10 09:15:10.137638205+05:30,338.25,343.15000000000003,336.95000000000005,341.70000000000005,5319.0,2857.0,134,1813727.2000000007
2026-06-10 09:15:46.558082160+05:30,342.05,344.35,340.20000000000005,341.40000000000003,6871.0,3553.0,134,2352667.249999999
2026-06-10 09:16:55.064844867+05:30,341.20000000000005,342.95000000000005,339.40000000000003,342.35,4994.0,2969.0,134,1703003.2999999998
2026-06-10 09:19:01.756915950+05:30,342.35,346.95000000000005,341.85,346.1,5065.0,2849.0,134,1749193.0499999993
2026-06-10 09:21:32.459469652+05:30,345.95000000000005,348.1,344.3,344.85,4974.0,2129.0,134,1719568.2500000002
2026-06-10 09:25:01.038897575+05:30,344.95000000000005,350.3,344.95000000000005,346.35,6012.0,3431.0,134,2092905.9000000008
2026-06-10 09:28:53.569548960+05:30,346.35,350.55,346.1,347.35,7254.0,3679.0,134,2524731.7999999993
2026-06-10 09:33:23.114491386+05:30,347.35,350.05,345.25,350.05,5737.0,3424.0,134,1990960.85
2026-06-10 09:39:09.440525644+05:30,349.95000000000005,353.45000000000005,348.5,352.45000000000005,5913.0,2940.0,134,2071400.7500000007
2026-06-10 09:45:45.934345865+05:30,352.1,354.3,350.05,353.25,6198.0,3071.0,134,2178600.8500000006
2026-06-10 09:52:24.881144214+05:30,353.3,353.35,345.5,345.55,5705.0,1862.0,134,1989201.4999999998
2026-06-10 10:00:03.960508795+05:30,345.5,347.25,343.95000000000005,345.6,5430.0,3231.0,134,1876998.95
2026-06-10 10:07:44.917285723+05:30,346.0,348.45000000000005,345.05,345.70000000000005,7198.0,3541.0,134,2493416.6500000013
2026-06-10 10:16:36.327575519+05:30,345.40000000000003,345.55,341.75,342.5,6811.0,2481.0,134,2341155.899999999
2026-06-10 10:27:05.196212534+05:30,342.85,346.6,342.45000000000005,343.20000000000005,4999.0,2284.0,134,1721180.0500000005
2026-06-10 10:37:35.669850272+05:30,343.0,347.15000000000003,342.65000000000003,345.90000000000003,5988.0,3178.0,134,2068077.2500000002
2026-06-10 10:49:08.939406615+05:30,346.15000000000003,351.1,345.75,350.95000000000005,5637.0,3100.0,134,1967075.5500000003
2026-06-10 11:01:33.818198936+05:30,351.1,354.45000000000005,350.85,353.15000000000003,6415.0,3052.0,134,2260793.0500000007
2026-06-10 11:15:14.369578781+05:30,353.3,355.8,351.8,355.40000000000003,6264.0,3984.0,134,2218833.3500000006
2026-06-10 11:28:48.144816768+05:30,355.5,362.35,355.35,361.5,5430.0,3224.0,134,1952172.4999999995
2026-06-10 11:40:34.347002188+05:30,362.05,364.05,361.1,361.5,4981.0,2485.0,134,1805902.4999999995
2026-06-10 11:52:30.466721201+05:30,361.65,366.05,360.75,364.3,6960.0,4131.0,134,2528546.549999999
2026-06-10 12:05:51.945426466+05:30,364.2000000000001,365.15,362.0,362.0,6228.0,3200.0,134,2265209.05
2026-06-10 12:19:20.340151128+05:30,361.65,363.55,358.90000000000003,359.0,6940.0,3371.0,134,2509921.45
2026-06-10 12:33:48.075864626+05:30,358.95000000000005,362.55,358.15000000000003,360.25,5885.0,1942.0,134,2120493.1499999994
2026-06-10 12:46:41.449545077+05:30,360.05,363.75,357.65000000000003,362.3,5177.0,2773.0,134,1869192.4999999998
2026-06-10 13:00:15.045618513+05:30,362.2000000000001,364.25,360.55,362.25,4209.0,2212.0,134,1524243.8499999994
2026-06-10 13:13:05.524037543+05:30,362.25,363.1,358.15000000000003,362.25,6328.0,3344.0,134,2283775.0000000005
2026-06-10 13:25:53.943021473+05:30,362.4,364.4,359.70000000000005,364.0,5661.0,3228.0,134,2049507.3
2026-06-10 13:37:02.345596990+05:30,363.85,365.9500000000001,362.9500000000001,362.9500000000001,5595.0,2077.0,134,2039832.1499999997
2026-06-10 13:48:32.498072096+05:30,363.1,364.8,361.8,363.85,5674.0,2404.0,134,2059304.4500000002
2026-06-10 14:00:33.427915670+05:30,363.75,365.2000000000001,361.85,364.75,5131.0,3029.0,134,1864828.1500000001
2026-06-10 14:11:43.937562485+05:30,365.3,365.8,362.3,365.25,6854.0,3670.0,134,2499260.6500000013
2026-06-10 14:22:06.841251294+05:30,365.25,367.0,361.25,365.6,5407.0,2056.0,134,1967405.9000000006
2026-06-10 14:31:31.055615999+05:30,365.35,365.55,361.65,364.3,5721.0,3269.0,134,2079500.75
2026-06-10 14:39:34.070359078+05:30,364.2000000000001,364.9500000000001,360.15000000000003,361.6,6160.0,2589.0,134,2233019.75
2026-06-10 14:47:51.566242742+05:30,361.3,365.05,360.9500000000001,363.9500000000001,6474.0,3290.0,134,2352516.55
2026-06-10 14:54:36.241677034+05:30,364.0,368.85,362.9,368.85,5897.0,2686.0,134,2155514.6500000004
2026-06-10 15:01:48.311410235+05:30,368.75,369.2000000000001,364.3,365.3,5541.0,2749.0,134,2031169.9500000004
2026-06-10 15:08:14.352065013+05:30,364.9500000000001,367.85,364.7000000000001,365.2000000000001,6077.0,2881.0,134,2224259.0500000003
2026-06-10 15:12:54.751432333+05:30,364.9500000000001,365.6,359.25,361.9,5331.0,3153.0,134,1932820.3000000003
2026-06-10 15:17:24.862160384+05:30,361.8,368.85,361.35,368.85,6260.0,3278.0,134,2277378.9000000004
2026-06-10 15:21:02.618553271+05:30,368.7000000000001,370.4,367.35,368.6,4916.0,2312.0,134,1814241.199999999
2026-06-10 15:24:39.839442651+05:30,368.65,369.75,365.5,365.8,7409.0,2650.0,134,2718960.1000000006
2026-06-10 15:27:13.701170628+05:30,366.1,367.9500000000001,365.35,367.1,7054.0,3624.0,134,2588189.6000000006
2026-06-10 15:28:43.246645157+05:30,367.1,370.1,366.8,369.6,5671.0,2512.0,134,2089538.7000000004
2026-06-10 15:29:39.810500992+05:30,369.3,369.9500000000001,363.2000000000001,365.6,6518.0,3843.0,134,2386475.450000001
2026-06-10 15:29:59.655975171+05:30,365.65,370.9,365.65,369.4500000000001,6734.0,3901.0,134,2484117.55
2026-06-11 09:15:05.560168716+05:30,369.6,371.4500000000001,367.7000000000001,371.4500000000001,6037.0,3745.0,134,2234066.4000000004
2026-06-11 09:15:25.253422072+05:30,371.0,371.3,368.0,368.25,5721.0,2452.0,134,2115065.3000000007
2026-06-11 09:16:05.266330128+05:30,368.5,372.9,368.2000000000001,372.9,5601.0,2997.0,134,2078898.0000000007
2026-06-11 09:17:19.275039890+05:30,372.8,375.25,370.65,372.55,5192.0,2459.0,134,1935429.6
2026-06-11 09:19:20.610453922+05:30,372.55,375.7000000000001,371.55,373.9,5680.0,2634.0,134,2122906.6500000004
2026-06-11 09:21:35.780035831+05:30,374.4500000000001,375.35,372.3,373.3,6655.0,2362.0,134,2487308.4999999986
2026-06-11 09:24:04.746814343+05:30,373.4500000000001,376.4,371.8,373.6,6259.0,3527.0,134,2344614.3499999996
2026-06-11 09:27:01.829584288+05:30,373.8,374.1,369.5,370.75,6456.0,3568.0,134,2398839.8
2026-06-11 09:30:50.577641781+05:30,370.2000000000001,376.0,370.1,375.85,5870.0,2779.0,134,2192546.35
2026-06-11 09:35:06.508634017+05:30,376.2000000000001,382.4,375.8,382.3,5853.0,3237.0,134,2218904.5500000003
2026-06-11 09:40:21.575735260+05:30,382.5,382.85,378.9500000000001,379.15,5626.0,2595.0,134,2142962.650000001
2026-06-11 09:45:08.941454230+05:30,379.15,380.75,378.2000000000001,380.75,6128.0,3599.0,134,2324650.8999999994
2026-06-11 09:50:45.720402130+05:30,381.15,384.65,381.1,382.8,5693.0,3345.0,134,2180852.55
2026-06-11 09:56:37.390444503+05:30,383.0,385.0,379.9,380.2000000000001,5954.0,2338.0,134,2277616.8000000003
2026-06-11 10:03:48.671336470+05:30,380.6,381.6,377.6,380.4,5623.0,3048.0,134,2134966.3999999994
2026-06-11 10:11:03.014730035+05:30,380.65,383.05,378.15,381.15,6611.0,4389.0,134,2517689.849999999
2026-06-11 10:17:58.191818630+05:30,380.85,381.4,375.05,375.6,6386.0,3054.0,134,2411498.45
2026-06-11 10:25:35.748453450+05:30,375.75,385.5,374.35,384.75,5820.0,3593.0,134,2209476.999999999
2026-06-11 10:34:41.542831159+05:30,384.75,385.55,381.7000000000001,383.9500000000001,6125.0,3263.0,134,2352627.1000000006
2026-06-11 10:43:58.804328728+05:30,384.05,386.35,382.9,382.9500000000001,6965.0,2320.0,134,2675756.0500000007
2026-06-11 10:53:15.566897214+05:30,382.9500000000001,386.05,381.65,386.05,5974.0,3233.0,134,2291504.4499999997
2026-06-11 11:03:21.590110084+05:30,385.85,388.2000000000001,384.15,388.2000000000001,4946.0,2564.0,134,1909914.7000000007
2026-06-11 11:11:54.394714662+05:30,388.3,389.05,384.6,384.7000000000001,6031.0,2878.0,134,2331297.95
2026-06-11 11:22:11.679020974+05:30,384.15,385.4500000000001,380.05,380.75,5428.0,2408.0,134,2078744.0499999996
2026-06-11 11:32:12.161864890+05:30,381.05,385.2000000000001,378.1,383.5,5584.0,3774.0,134,2132822.3499999996
2026-06-11 11:41:46.646657933+05:30,383.4500000000001,385.0,380.65,382.25,6182.0,2853.0,134,2365975.9499999993
2026-06-11 11:52:50.765589454+05:30,382.4500000000001,386.65,381.9500000000001,385.4500000000001,6311.0,3545.0,134,2422703.8500000015
2026-06-11 12:02:23.480048449+05:30,385.6,388.2000000000001,385.1,387.85,7792.0,4272.0,134,3014673.9000000013
2026-06-11 12:14:05.645240840+05:30,387.9,388.05,380.65,383.75,5143.0,2532.0,134,1978555.9000000006
2026-06-11 12:24:27.153745859+05:30,383.6,384.2000000000001,379.35,379.8,6173.0,2493.0,134,2358797.7000000007
2026-06-11 12:34:34.501464303+05:30,379.75,381.25,375.5,375.5,6100.0,3184.0,134,2305908.25
2026-06-11 12:44:15.170848574+05:30,375.6,376.9500000000001,373.1,376.9500000000001,5506.0,2670.0,134,2062653.0999999996
2026-06-11 12:53:47.274568555+05:30,376.9,379.55,376.6,378.75,8420.0,5376.0,134,3183556.3000000003
2026-06-11 13:03:55.901380768+05:30,378.35,386.85,377.7000000000001,385.8,7848.0,3516.0,134,3009044.4999999995
2026-06-11 13:14:14.453584779+05:30,385.6,386.35,382.75,384.8,6930.0,4150.0,134,2666583.8000000003
2026-06-11 13:24:44.933739223+05:30,384.9,386.75,383.05,386.6,5448.0,3071.0,134,2095016.9500000007
2026-06-11 13:34:10.520109704+05:30,386.75,388.25,385.35,386.0,5844.0,2971.0,134,2261215.0000000005
2026-06-11 13:43:58.796215415+05:30,386.0,392.35,384.05,390.75,6055.0,3289.0,134,2353378.1999999993
2026-06-11 13:53:30.823808372+05:30,390.7000000000001,394.1,390.6,393.7000000000001,6270.0,2923.0,134,2462952.7500000005
2026-06-11 14:02:35.219413552+05:30,393.85,395.1,387.9,389.2000000000001,6054.0,2924.0,134,2370619.3499999996
2026-06-11 14:11:01.896963049+05:30,389.25,389.5,386.15,387.6,6502.0,2902.0,134,2520390.0500000003
2026-06-11 14:18:55.720925765+05:30,387.65,387.8,384.0,384.0,4884.0,2472.0,134,1886624.4
2026-06-11 14:27:23.649679312+05:30,384.0,386.1,383.4500000000001,385.7000000000001,5422.0,2345.0,134,2085726.1500000001
2026-06-11 14:35:34.908300299+05:30,385.8,390.35,385.5,387.55,8700.0,5007.0,134,3376866.3499999996
2026-06-11 14:42:04.977022932+05:30,387.35,388.4500000000001,383.15,385.9,9419.0,4560.0,134,3631622.7500000005
2026-06-11 14:48:21.036250921+05:30,385.85,388.9,383.5,386.35,4846.0,2454.0,134,1870564.3
2026-06-11 14:53:57.253466093+05:30,386.15,386.4500000000001,380.55,380.55,6458.0,3230.0,134,2473619.35
2026-06-11 14:58:51.420647686+05:30,380.5,385.8,379.05,384.2000000000001,4698.0,2802.0,134,1795415.2500000005
2026-06-11 15:03:48.904964321+05:30,384.3,386.9500000000001,384.15,386.5,6756.0,3533.0,134,2605158.2500000005
2026-06-11 15:09:12.383431675+05:30,385.9500000000001,388.25,383.4500000000001,387.2000000000001,5937.0,3077.0,134,2289994.100000001
2026-06-11 15:13:23.829983739+05:30,386.65,391.0,382.9500000000001,391.0,6860.0,3379.0,134,2649100.8999999994
2026-06-11 15:17:00.833404388+05:30,390.9500000000001,394.2000000000001,389.05,390.25,5797.0,3142.0,134,2267881.8000000007
2026-06-11 15:20:19.189526594+05:30,390.4500000000001,394.8,389.4,391.7000000000001,5395.0,2497.0,134,2116136.7
2026-06-11 15:22:51.578480125+05:30,392.05,392.85,389.3,390.3,4914.0,2467.0,134,1921031.95
2026-06-11 15:25:01.379377881+05:30,390.4,391.4500000000001,385.9,388.25,5269.0,2297.0,134,2047354.8499999999
2026-06-11 15:26:47.552510588+05:30,388.15,392.35,387.65,387.9,5952.0,2195.0,134,2321345.0999999996
2026-06-11 15:28:11.687901812+05:30,387.65,388.1,380.55,382.55,4732.0,1662.0,134,1817028.45
2026-06-11 15:29:10.570285090+05:30,382.5,384.75,381.4500000000001,383.15,7138.0,4267.0,134,2735856.4999999995
2026-06-11 15:29:45.628751395+05:30,383.05,384.8,381.1,381.7000000000001,5648.0,2900.0,134,2163645.9999999995
2026-06-11 15:29:59.902536831+05:30,381.65,384.1,378.85,384.1,6588.0,3789.0,134,2509330.3999999994
2026-06-12 09:15:13.147732978+05:30,384.75,384.75,377.3,379.05,4696.0,1895.0,134,1785258.5999999999
2026-06-12 09:16:07.292467152+05:30,379.0,383.25,379.0,382.75,6114.0,3272.0,134,2332004.45
2026-06-12 09:17:46.460958982+05:30,382.75,383.4,380.15,381.3,5985.0,2205.0,134,2284364.95
2026-06-12 09:20:50.694829463+05:30,381.1,385.65,380.8,382.2000000000001,5439.0,2820.0,134,2087012.8000000007
2026-06-12 09:23:48.006490414+05:30,382.15,389.05,380.7000000000001,386.55,6270.0,4031.0,134,2415357.000000001
2026-06-12 09:28:30.110189104+05:30,386.9500000000001,386.9500000000001,382.8,382.8,5121.0,2585.0,134,1971318.6999999997
2026-06-12 09:33:53.372202848+05:30,383.1,385.85,379.65,379.9500000000001,6376.0,3968.0,134,2445506.25
2026-06-12 09:39:10.461389181+05:30,379.9500000000001,383.35,379.9,380.6,5264.0,2075.0,134,2007510.4000000004
2026-06-12 09:47:03.191040031+05:30,381.0,382.7000000000001,378.6,380.9,5856.0,2477.0,134,2229408.45
2026-06-12 09:55:39.533210831+05:30,381.4,382.35,378.4,380.0,5883.0,2321.0,134,2238810.3499999996
2026-06-12 10:04:59.787164320+05:30,379.7000000000001,383.4500000000001,376.15,383.05,5029.0,2447.0,134,1904749.5000000002
2026-06-12 10:14:55.964770156+05:30,383.15,384.85,380.6,381.7000000000001,5941.0,3411.0,134,2270315.349999999
2026-06-12 10:24:47.821766583+05:30,381.4500000000001,389.8,381.4500000000001,389.2000000000001,6044.0,3057.0,134,2331483.6
2026-06-12 10:38:51.102362304+05:30,389.35,390.1,386.9,390.0,5538.0,3628.0,134,2153415.100000001
2026-06-12 10:52:21.575740479+05:30,390.2000000000001,390.8,388.25,388.35,6133.0,3191.0,134,2387092.5000000005
2026-06-12 11:05:13.993949661+05:30,388.4500000000001,390.65,385.9500000000001,390.35,5731.0,2441.0,134,2226295.95
2026-06-12 11:19:18.459875664+05:30,390.3,391.5,386.9,390.5,5712.0,3311.0,134,2223550.7
2026-06-12 11:32:55.383883250+05:30,390.3,390.6,385.7000000000001,387.35,5943.0,3358.0,134,2305580.3000000007
2026-06-12 11:46:19.668271001+05:30,387.2000000000001,389.6,385.0,385.75,8232.0,3795.0,134,3192864.200000001
2026-06-12 12:00:55.276803046+05:30,386.3,388.25,385.4,387.7000000000001,6174.0,3066.0,134,2390163.550000001
2026-06-12 12:16:52.409193515+05:30,387.6,392.65,387.6,391.0,5890.0,2654.0,134,2301391.9999999995
2026-06-12 12:32:27.282321728+05:30,391.15,391.25,387.4500000000001,388.2000000000001,5683.0,1660.0,134,2211538.75
2026-06-12 12:45:00.145173939+05:30,388.25,389.4500000000001,385.8,389.4500000000001,6650.0,3740.0,134,2576367.0500000003
2026-06-12 12:58:57.920266858+05:30,389.75,392.3,387.2000000000001,387.8,5859.0,2473.0,134,2288181.9
2026-06-12 13:15:18.293576232+05:30,387.7000000000001,389.75,386.1,386.1,6389.0,2777.0,134,2479390.65
2026-06-12 13:27:35.654061140+05:30,386.35,386.35,382.1,382.2000000000001,5335.0,2570.0,134,2049387.6500000004
2026-06-12 13:40:43.410869484+05:30,382.2000000000001,386.25,382.0,385.05,6002.0,3280.0,134,2305937.8999999994
2026-06-12 13:54:39.902264030+05:30,384.9,385.7000000000001,378.15,379.0,5781.0,2113.0,134,2207431.449999999
2026-06-12 14:07:10.072208612+05:30,378.65,382.9500000000001,377.75,382.85,6875.0,3141.0,134,2610573.4999999995
2026-06-12 14:19:17.082083816+05:30,382.65,382.65,379.5,379.85,6014.0,2950.0,134,2291712.500000001
2026-06-12 14:30:22.992611465+05:30,379.8,380.15,374.55,375.85,5897.0,2771.0,134,2220399.3000000003
2026-06-12 14:40:39.618189748+05:30,375.6,379.2000000000001,374.5,378.25,6029.0,3439.0,134,2273551.8499999996
2026-06-12 14:48:03.163586913+05:30,378.0,379.6,374.9,375.4,6372.0,1993.0,134,2407680.7499999995
2026-06-12 14:56:17.551535537+05:30,375.2000000000001,375.75,372.6,373.05,5808.0,2491.0,134,2174771.900000001
2026-06-12 15:04:00.056092307+05:30,373.1,373.1,367.55,370.6,7661.0,3653.0,134,2826336.349999999
2026-06-12 15:10:31.507250706+05:30,370.4,372.3,369.75,371.1,6229.0,2893.0,134,2311999.1999999997
2026-06-12 15:15:52.729649832+05:30,371.3,373.85,370.85,371.6,6761.0,3170.0,134,2516382.6499999994
2026-06-12 15:20:34.938509564+05:30,371.7000000000001,373.0,366.55,366.8,4567.0,2486.0,134,1691193.449999999
2026-06-12 15:24:03.620054615+05:30,366.65,369.3,366.55,367.35,5037.0,2903.0,134,1854559.6
2026-06-12 15:26:45.391686166+05:30,367.4500000000001,372.65,367.25,372.3,5954.0,3252.0,134,2207114.8000000003
2026-06-12 15:28:37.667718704+05:30,372.1,377.25,372.1,372.3,6479.0,2892.0,134,2424644.549999999
2026-06-12 15:29:40.563580342+05:30,371.8,377.05,371.05,375.2000000000001,7099.0,3712.0,134,2656456.4000000004
2026-06-12 15:29:59.625758611+05:30,375.25,377.7000000000001,373.05,376.25,5334.0,2779.0,134,2000967.650000001
2026-06-15 09:15:20.205447653+05:30,375.9,378.65,375.4500000000001,375.6,5862.0,3763.0,134,2209790.2499999995
2026-06-15 09:16:51.854062463+05:30,375.1,376.7000000000001,372.9,373.15,5806.0,2941.0,134,2177483.8
2026-06-15 09:19:51.685386425+05:30,373.2000000000001,374.8,371.1,371.5,6291.0,3376.0,134,2348019.0000000005
2026-06-15 09:26:08.665117711+05:30,371.3,371.3,366.7000000000001,370.4,5134.0,2154.0,134,1893467.9000000004
2026-06-15 09:32:23.537263694+05:30,370.6,374.5,369.65,369.8,5685.0,2420.0,134,2116073.750000001
2026-06-15 09:40:34.660107288+05:30,369.8,371.2000000000001,368.25,369.1,6220.0,2101.0,134,2299116.8000000003
2026-06-15 09:52:04.175614938+05:30,369.5,370.75,365.6,367.7000000000001,6683.0,2587.0,134,2466924.600000001
2026-06-15 10:03:27.268964238+05:30,367.8,373.05,367.8,371.5,5913.0,2843.0,134,2187820.3
2026-06-15 10:17:02.317536939+05:30,371.4,372.9,369.4500000000001,370.85,7125.0,3133.0,134,2642706.0499999993
2026-06-15 10:33:29.242357622+05:30,370.6,374.1,368.5,373.65,7301.0,3896.0,134,2705332.8500000006
2026-06-15 10:50:12.362162915+05:30,374.15,375.75,372.1,374.5,4845.0,2552.0,134,1811373.4000000001
2026-06-15 11:07:47.513005444+05:30,374.0,376.4500000000001,370.75,372.0,5898.0,2605.0,134,2204606.1499999994
2026-06-15 11:26:05.548419834+05:30,371.7000000000001,372.9,370.1,372.8,4616.0,2510.0,134,1714553.6000000006
2026-06-15 11:48:12.795806301+05:30,373.1,374.6,372.0,372.5,5341.0,2913.0,134,1993771.9000000004
2026-06-15 12:05:31.398078855+05:30,372.65,372.9,369.0,369.9,5991.0,2927.0,134,2221007.0499999993
2026-06-15 12:24:41.304822838+05:30,370.1,373.35,370.1,371.0,4896.0,2348.0,134,1821148.15
2026-06-15 12:46:30.901286591+05:30,370.9,373.85,369.5,373.85,6339.0,2744.0,134,2353286.0
2026-06-15 13:05:42.287723491+05:30,373.65,374.2000000000001,370.2000000000001,373.4,5647.0,2823.0,134,2099509.25
2026-06-15 13:26:27.362382700+05:30,373.35,374.25,371.0,372.3,6050.0,3306.0,134,2251752.4
2026-06-15 13:41:31.842536025+05:30,372.4,372.85,366.6,369.0,6191.0,3388.0,134,2283831.049999999
2026-06-15 13:54:21.110820753+05:30,368.8,368.8,366.3,367.4,5642.0,2487.0,134,2073517.750000001
2026-06-15 14:13:24.587751688+05:30,367.35,368.4500000000001,365.85,368.4500000000001,5482.0,3221.0,134,2010784.7999999996
2026-06-15 14:27:28.004392848+05:30,369.15,371.35,368.7000000000001,369.1,6797.0,3737.0,134,2515569.000000001
2026-06-15 14:42:17.857993154+05:30,368.75,374.0,368.4,371.55,6554.0,3538.0,134,2433928.5999999996
2026-06-15 14:54:34.371560859+05:30,372.05,377.9,370.4,377.9,6840.0,3747.0,134,2550338.9000000004
2026-06-15 15:04:41.872701745+05:30,378.05,380.3,377.55,378.75,6282.0,3319.0,134,2380275.85
2026-06-15 15:12:53.784565069+05:30,379.15,385.3,378.65,385.0,6828.0,3391.0,134,2613461.5000000005
2026-06-15 15:20:20.793889645+05:30,384.65,387.15,383.25,383.65,5260.0,2481.0,134,2026239.4
2026-06-15 15:25:05.935176444+05:30,382.85,386.35,382.4500000000001,385.1,5855.0,2347.0,134,2249544.8000000007
2026-06-15 15:28:32.499030942+05:30,385.2000000000001,387.55,382.65,386.35,4705.0,2454.0,134,1814183.4000000001
2026-06-15 15:29:43.475203543+05:30,386.1,389.35,385.4,386.0,6148.0,2762.0,134,2383081.300000001
2026-06-16 09:15:00.539970709+05:30,385.7000000000001,387.8,384.75,386.4500000000001,6143.0,3022.0,134,2373755.9999999995
2026-06-16 09:15:22.998252217+05:30,386.7000000000001,389.75,385.55,389.15,5887.0,2500.0,134,2280954.0500000003
2026-06-16 09:16:26.028167066+05:30,389.4,393.8,389.4,392.55,5715.0,3014.0,134,2241469.4500000007
2026-06-16 09:18:28.969695792+05:30,392.7000000000001,399.0,392.4500000000001,397.2000000000001,6275.0,3230.0,134,2488145.649999998
2026-06-16 09:21:13.590848001+05:30,397.0,397.4,392.75,395.25,5510.0,2123.0,134,2173749.5999999996
2026-06-16 09:25:26.017617460+05:30,395.25,397.0,393.55,394.55,6156.0,2725.0,134,2436579.900000002
2026-06-16 09:30:09.605875115+05:30,394.1,396.4,390.15,390.9,7190.0,3282.0,134,2834293.600000001
2026-06-16 09:35:53.420811635+05:30,390.8,392.4500000000001,390.15,392.0,5480.0,2706.0,134,2144736.1000000006
2026-06-16 09:43:13.169809889+05:30,392.0,393.85,390.15,392.3,6099.0,3369.0,134,2390610.55
2026-06-16 09:51:55.041806584+05:30,392.65,399.2000000000001,392.65,396.6,5423.0,3141.0,134,2155041.9499999997
2026-06-16 10:01:12.493164651+05:30,396.65,396.9500000000001,394.05,396.55,6228.0,3606.0,134,2465081.8000000007
2026-06-16 10:11:51.658150249+05:30,396.35,397.85,394.4500000000001,394.7000000000001,5819.0,2537.0,134,2304150.8999999994
2026-06-16 10:24:00.651261606+05:30,394.75,398.3,392.4500000000001,397.3,5545.0,2585.0,134,2188664.0999999996
2026-06-16 10:35:28.692758797+05:30,397.55,399.85,394.85,395.1,6522.0,2333.0,134,2592199.7
2026-06-16 10:48:06.009185357+05:30,395.15,395.2000000000001,390.7000000000001,394.6,4979.0,2463.0,134,1958275.6999999997
2026-06-16 11:01:23.427033204+05:30,394.2000000000001,396.15,391.9,393.35,4921.0,2272.0,134,1938790.3
2026-06-16 11:16:15.543534420+05:30,393.6,395.3,392.35,393.7000000000001,5840.0,2905.0,134,2299446.5500000007
2026-06-16 11:29:36.969701470+05:30,393.65,395.65,392.2000000000001,392.7000000000001,5679.0,2906.0,134,2238603.200000001
2026-06-16 11:43:51.484043090+05:30,392.8,394.7000000000001,391.55,392.6,5882.0,3220.0,134,2311658.0
2026-06-16 11:59:01.732263344+05:30,392.7000000000001,396.4,392.7000000000001,395.85,5262.0,3007.0,134,2075140.7999999993
2026-06-16 12:13:03.286214242+05:30,395.9500000000001,398.85,394.05,398.85,5885.0,2725.0,134,2329845.9999999995
2026-06-16 12:27:40.372753138+05:30,398.4,400.35,395.65,395.8,6258.0,2788.0,134,2490221.5500000003
2026-06-16 12:44:18.841601381+05:30,395.85,397.75,391.05,393.2000000000001,5994.0,2885.0,134,2364818.1
2026-06-16 12:59:13.287349769+05:30,393.55,393.6,390.3,390.9500000000001,5742.0,3511.0,134,2250321.15
2026-06-16 13:13:33.395831332+05:30,390.9500000000001,393.1,387.75,389.1,6316.0,3057.0,134,2460808.4500000007
2026-06-16 13:25:55.780975921+05:30,388.6,391.4500000000001,384.65,390.0,6767.0,3204.0,134,2624530.2499999995
2026-06-16 13:37:12.554074307+05:30,390.5,392.75,388.85,389.15,4537.0,2677.0,134,1771949.7499999995
2026-06-16 13:50:17.094075802+05:30,389.1,391.65,385.8,386.1,5946.0,2660.0,134,2311467.5500000003
2026-06-16 14:01:10.446457602+05:30,386.0,386.1,382.65,384.3,5724.0,2868.0,134,2202119.8000000007
2026-06-16 14:14:04.458206708+05:30,384.4500000000001,384.8,380.2000000000001,381.05,5913.0,2476.0,134,2258351.3
2026-06-16 14:24:57.643937961+05:30,381.35,381.8,378.8,380.4,5539.0,2389.0,134,2106890.05
2026-06-16 14:36:08.671178264+05:30,380.35,381.25,377.6,380.35,5814.0,3297.0,134,2207126.350000001
2026-06-16 14:45:09.209964130+05:30,380.4500000000001,386.2000000000001,379.4,385.55,7953.0,2858.0,134,3037240.7499999986
2026-06-16 14:53:53.593237219+05:30,385.6,387.1,381.85,382.75,6218.0,2260.0,134,2387622.8499999987
2026-06-16 15:02:40.094986101+05:30,382.35,385.4,382.3,384.9,5290.0,2141.0,134,2031489.6499999994
2026-06-16 15:08:59.476193282+05:30,385.2000000000001,388.8,384.15,388.5,5973.0,3532.0,134,2310630.999999999
2026-06-16 15:15:06.037460472+05:30,387.7000000000001,389.9,386.9,386.9,5943.0,2403.0,134,2307404.85
2026-06-16 15:19:56.004690743+05:30,387.35,388.25,384.8,384.8,6109.0,3204.0,134,2361485.549999999
2026-06-16 15:23:24.546412231+05:30,384.9500000000001,386.0,381.6,385.15,6862.0,3350.0,134,2632644.9
2026-06-16 15:26:28.421287805+05:30,385.1,386.4500000000001,381.5,382.85,5311.0,2671.0,134,2042521.6999999997
2026-06-16 15:28:28.210774089+05:30,383.4500000000001,385.85,381.9500000000001,384.05,6666.0,3849.0,134,2559936.6000000006
2026-06-16 15:29:36.834570486+05:30,384.1,385.0,380.4,382.65,6284.0,3395.0,134,2404258.700000001
2026-06-16 15:29:59.231425033+05:30,382.6,383.85,380.2000000000001,381.4500000000001,6844.0,3234.0,134,2612374.5000000005
2026-06-17 09:15:04.082351139+05:30,381.8,394.25,381.8,393.65,5602.0,2890.0,134,2185677.7500000005
2026-06-17 09:15:25.330329481+05:30,393.4,398.6,393.0,396.75,5614.0,3067.0,134,2220524.15
2026-06-17 09:16:02.280209402+05:30,396.65,399.25,396.4,397.4,6034.0,2626.0,134,2400139.599999999
2026-06-17 09:17:06.575098746+05:30,397.05,399.1,395.25,396.4,6206.0,3591.0,134,2463792.75
2026-06-17 09:18:37.642414848+05:30,396.4,397.05,394.1,394.55,7392.0,3890.0,134,2923581.1999999993
2026-06-17 09:20:06.766220494+05:30,394.8,396.35,391.7000000000001,392.5,6091.0,2657.0,134,2399050.75
2026-06-17 09:22:08.575136907+05:30,392.65,393.4,390.35,392.05,4911.0,2709.0,134,1926487.6500000006
2026-06-17 09:24:29.429676753+05:30,392.1,392.3,385.9,385.9500000000001,6772.0,3508.0,134,2634506.5999999987
2026-06-17 09:27:17.039102399+05:30,385.75,386.1,379.25,380.8,5298.0,2729.0,134,2024973.3999999997
2026-06-17 09:30:18.183658065+05:30,380.8,382.55,378.35,378.7000000000001,5474.0,2487.0,134,2081659.2500000005
2026-06-17 09:33:50.106975820+05:30,378.85,380.25,372.9500000000001,373.2000000000001,5963.0,1879.0,134,2239587.1000000006
2026-06-17 09:37:53.370991614+05:30,374.1,375.0,370.9,371.55,6411.0,2535.0,134,2388627.15
2026-06-17 09:41:57.024859156+05:30,371.4,373.3,370.15,373.25,5080.0,2173.0,134,1885023.5500000005
2026-06-17 09:47:04.304864125+05:30,373.2000000000001,376.15,373.2000000000001,375.9500000000001,6054.0,2987.0,134,2270947.55
2026-06-17 09:52:59.422416957+05:30,376.35,376.35,371.75,372.5,6153.0,3005.0,134,2298069.5000000005
2026-06-17 09:59:12.795438196+05:30,372.4500000000001,372.75,368.35,369.8,5926.0,3541.0,134,2195100.299999999
2026-06-17 10:05:37.681877254+05:30,369.65,369.65,365.05,368.35,7479.0,3982.0,134,2753167.2
2026-06-17 10:12:11.492420393+05:30,368.75,374.75,368.75,374.2000000000001,5499.0,2868.0,134,2048125.7000000007
2026-06-17 10:19:38.465518425+05:30,374.5,375.4,370.5,371.3,5887.0,2243.0,134,2194251.1500000004
2026-06-17 10:27:27.310474810+05:30,371.9500000000001,374.2000000000001,370.85,373.4500000000001,4824.0,2699.0,134,1795827.8999999997
2026-06-17 10:35:23.476390361+05:30,373.55,377.35,370.6,377.25,5753.0,3094.0,134,2147476.2
2026-06-17 10:43:31.681288642+05:30,377.0,383.4,377.0,382.4,6197.0,3973.0,134,2360262.7
2026-06-17 10:51:00.544399859+05:30,382.25,384.05,380.15,383.3,5555.0,2928.0,134,2122777.1500000004
2026-06-17 10:59:30.396266655+05:30,383.4,383.4,378.75,379.65,6176.0,2766.0,134,2350753.6500000004
2026-06-17 11:08:05.275627495+05:30,379.75,380.1,374.85,377.5,5747.0,2795.0,134,2165955.85
2026-06-17 11:17:04.263962599+05:30,377.25,379.75,376.25,378.2000000000001,5619.0,2892.0,134,2123273.649999999
2026-06-17 11:25:59.922851570+05:30,377.4,382.3,376.8,380.15,5281.0,2408.0,134,2004544.9500000002
2026-06-17 11:34:45.286552699+05:30,380.1,380.25,376.3,376.4500000000001,6173.0,2814.0,134,2335852.3
2026-06-17 11:45:13.867158524+05:30,376.5,376.8,373.3,374.35,5746.0,2989.0,134,2155290.999999999
2026-06-17 11:53:51.029276371+05:30,374.1,375.7000000000001,372.15,372.4500000000001,6822.0,3617.0,134,2550419.85
2026-06-17 12:03:10.128366902+05:30,372.8,380.35,371.55,377.9500000000001,5945.0,3615.0,134,2233519.149999999
2026-06-17 12:12:27.208956370+05:30,378.0,382.6,374.05,382.5,5373.0,3136.0,134,2028633.2999999996
2026-06-17 12:22:55.081024215+05:30,382.55,384.7000000000001,380.3,383.8,6041.0,3228.0,134,2308904.3999999985
2026-06-17 12:32:45.607093043+05:30,384.1,387.2000000000001,382.8,385.4500000000001,6351.0,3015.0,134,2445752.100000001
2026-06-17 12:42:28.476066218+05:30,385.35,387.8,384.25,386.2000000000001,5514.0,2878.0,134,2128019.5999999996
2026-06-17 12:52:54.952894830+05:30,386.25,391.15,385.7000000000001,390.7000000000001,6348.0,3380.0,134,2466954.1999999997
2026-06-17 13:01:38.835528383+05:30,390.5,391.4500000000001,386.4,386.7000000000001,6020.0,3090.0,134,2341578.500000001
2026-06-17 13:12:36.895724457+05:30,387.0,390.85,385.9500000000001,390.85,6013.0,3803.0,134,2333719.650000001
2026-06-17 13:21:55.042806593+05:30,390.55,392.9,389.75,391.75,5346.0,2394.0,134,2093576.0999999996
2026-06-17 13:31:23.278760289+05:30,391.65,392.9,385.9500000000001,385.9500000000001,6241.0,3256.0,134,2440065.6999999993
2026-06-17 13:39:29.145270509+05:30,385.9,388.65,384.25,388.65,7072.0,3751.0,134,2730627.1500000004
2026-06-17 13:48:26.776941406+05:30,388.7000000000001,389.75,383.8,387.35,5655.0,3379.0,134,2184324.7
2026-06-17 13:56:58.417953401+05:30,387.25,389.9,386.6,389.75,7102.0,3915.0,134,2759268.4000000013
2026-06-17 14:04:28.009652645+05:30,389.75,390.3,385.0,385.9500000000001,6237.0,3282.0,134,2410405.45
2026-06-17 14:12:55.054941545+05:30,386.15,386.9500000000001,383.2000000000001,386.75,6719.0,4228.0,134,2587676.45
2026-06-17 14:21:45.429586527+05:30,386.65,391.1,385.65,390.25,6147.0,3909.0,134,2390219.85
2026-06-17 14:28:00.621798165+05:30,390.3,391.0,388.8,390.4,6194.0,2246.0,134,2414730.0
2026-06-17 14:34:24.086522516+05:30,390.4,392.4,390.1,390.8,5319.0,2692.0,134,2080924.3000000003
2026-06-17 14:40:58.984363286+05:30,390.5,393.35,388.6,389.1,6183.0,3362.0,134,2421078.3
2026-06-17 14:47:24.534451585+05:30,389.35,391.7000000000001,388.55,390.0,6196.0,3720.0,134,2417831.950000001
2026-06-17 14:52:26.102297576+05:30,390.05,390.65,384.55,385.8,7281.0,2778.0,134,2819933.100000001
2026-06-17 14:57:31.341146316+05:30,385.85,388.9500000000001,384.7000000000001,388.25,6949.0,3151.0,134,2690415.400000001
2026-06-17 15:01:37.322150254+05:30,387.9500000000001,392.85,387.35,390.8,5990.0,3364.0,134,2337721.4
2026-06-17 15:05:52.926855647+05:30,390.8,394.55,390.4,391.3,5254.0,2587.0,134,2062074.4000000004
2026-06-17 15:10:15.818098818+05:30,391.2000000000001,394.55,387.4500000000001,387.55,5756.0,2663.0,134,2256277.05
2026-06-17 15:14:21.826009963+05:30,387.4500000000001,387.4500000000001,381.0,383.55,5697.0,2634.0,134,2191260.9000000004
2026-06-17 15:18:01.818097136+05:30,383.4,384.9500000000001,382.4,383.6,5753.0,2894.0,134,2206382.049999999
2026-06-17 15:20:41.536203671+05:30,383.8,385.5,381.8,383.05,6027.0,2167.0,134,2312932.6000000006
2026-06-17 15:23:06.608698024+05:30,382.85,384.1,381.0,383.4500000000001,6281.0,3570.0,134,2402413.349999999
2026-06-17 15:25:12.248572803+05:30,383.25,384.65,380.2000000000001,382.6,4785.0,2132.0,134,1829954.1000000003
2026-06-17 15:27:02.523130750+05:30,382.75,384.0,380.9500000000001,381.6,6939.0,2536.0,134,2653002.1500000013
2026-06-17 15:28:14.613455320+05:30,381.15,385.75,381.15,383.9500000000001,5672.0,3760.0,134,2178497.6
2026-06-17 15:29:04.209947570+05:30,384.4,387.2000000000001,383.8,386.2000000000001,6447.0,3293.0,134,2483960.550000001
2026-06-17 15:29:39.835811517+05:30,386.2000000000001,386.2000000000001,380.65,381.1,5045.0,2084.0,134,1931806.1500000001
2026-06-17 15:29:57.710737067+05:30,382.15,384.15,381.6,383.2000000000001,6472.0,4114.0,134,2478859.9499999997
2026-06-18 09:15:03.608022452+05:30,383.4500000000001,383.65,378.15,382.5,5490.0,2672.0,134,2089439.9500000002
2026-06-18 09:15:50.918101690+05:30,382.65,385.15,380.55,385.1,6284.0,3560.0,134,2400478.9999999995
2026-06-18 09:17:25.244690998+05:30,384.85,388.4500000000001,383.35,386.9,7148.0,3321.0,134,2760287.1
2026-06-18 09:19:48.985554878+05:30,386.85,389.9,385.75,388.75,6722.0,3082.0,134,2605681.4499999993
2026-06-18 09:23:16.848672315+05:30,388.4500000000001,388.8,384.25,385.9500000000001,5963.0,3181.0,134,2301935.5000000005
2026-06-18 09:27:29.749613538+05:30,385.75,391.7000000000001,385.75,388.2000000000001,7649.0,3487.0,134,2972040.899999999
2026-06-18 09:32:41.027050757+05:30,388.25,390.15,386.5,389.0,6980.0,4089.0,134,2714409.6
2026-06-18 09:39:48.842660123+05:30,388.9500000000001,392.35,388.65,389.35,5725.0,2495.0,134,2234941.55
2026-06-18 09:46:24.781878096+05:30,389.4500000000001,390.5,381.15,381.3,6922.0,3387.0,134,2679923.900000001
2026-06-18 09:54:30.521962290+05:30,381.75,387.35,381.2000000000001,385.0,5536.0,3152.0,134,2127404.85
2026-06-18 10:04:00.802620334+05:30,384.85,384.85,376.15,376.5,5121.0,2272.0,134,1948134.3000000007
2026-06-18 10:16:11.759667061+05:30,376.4500000000001,381.05,376.2000000000001,378.9500000000001,7213.0,3767.0,134,2732163.5500000003
2026-06-18 10:26:57.789868797+05:30,378.9500000000001,380.4,374.9500000000001,377.1,5827.0,1687.0,134,2196302.6
2026-06-18 10:38:10.158019034+05:30,376.8,377.0,369.4,371.65,6219.0,2314.0,134,2319791.0
2026-06-18 10:51:17.639008689+05:30,371.25,373.75,369.9500000000001,373.55,5709.0,3395.0,134,2122617.899999999
2026-06-18 11:05:56.843251268+05:30,373.3,373.5,370.0,373.05,5190.0,2641.0,134,1929987.9499999993
2026-06-18 11:18:05.228125435+05:30,373.15,380.65,373.15,380.5,5373.0,3067.0,134,2031438.7499999995
2026-06-18 11:31:07.941327324+05:30,380.4,380.55,377.4,378.9,6905.0,3378.0,134,2615777.9999999995
2026-06-18 11:45:51.051393579+05:30,379.15,380.5,377.8,377.9,7726.0,3631.0,134,2928403.850000001
2026-06-18 11:59:40.323851402+05:30,377.8,378.0,375.6,376.9500000000001,6388.0,3233.0,134,2406008.1999999997
2026-06-18 12:13:43.489771126+05:30,376.85,382.25,376.35,382.25,5309.0,2805.0,134,2015032.4499999997
2026-06-18 12:28:00.387336942+05:30,382.4,384.0,380.4,380.65,5680.0,2474.0,134,2171672.65
2026-06-18 12:43:34.747721928+05:30,380.8,385.4,380.05,384.2000000000001,5257.0,2221.0,134,2010334.0000000005
2026-06-18 12:57:18.104661770+05:30,384.15,384.4500000000001,380.25,381.75,5850.0,2902.0,134,2238627.5
2026-06-18 13:12:27.868221175+05:30,381.7000000000001,385.35,381.35,383.9,5844.0,3316.0,134,2242066.1
2026-06-18 13:26:46.483928253+05:30,383.75,386.35,382.05,386.3,6047.0,3416.0,134,2323888.0000000005
2026-06-18 13:38:35.788682245+05:30,386.35,387.05,381.2000000000001,381.7000000000001,6091.0,2103.0,134,2338750.3499999996
2026-06-18 13:50:50.059883222+05:30,381.65,384.5,380.5,384.4,6441.0,3843.0,134,2466192.950000002
2026-06-18 14:04:21.804444556+05:30,384.35,388.0,382.25,388.0,5749.0,3085.0,134,2213199.5000000005
2026-06-18 14:15:31.323858033+05:30,387.8,387.8,384.0,385.75,7726.0,3424.0,134,2981257.5000000005
2026-06-18 14:25:24.872201939+05:30,385.75,386.1,380.6,380.6,8102.0,5186.0,134,3114348.4000000013
2026-06-18 14:35:54.997018076+05:30,380.25,384.15,379.85,381.7000000000001,6531.0,3021.0,134,2494123.3
2026-06-18 14:45:52.315687907+05:30,381.55,382.2000000000001,377.2000000000001,377.9500000000001,5115.0,2318.0,134,1939787.1
2026-06-18 14:54:21.607641119+05:30,377.7000000000001,381.4,375.9,379.35,6047.0,3064.0,134,2289656.500000001
2026-06-18 15:02:01.760126665+05:30,379.5,379.9,375.5,378.85,6148.0,2980.0,134,2320025.399999999
2026-06-18 15:09:05.921226084+05:30,379.0,380.8,375.4500000000001,377.7000000000001,6757.0,2742.0,134,2551466.1000000006
2026-06-18 15:14:30.921204519+05:30,377.8,380.85,377.0,380.1,6161.0,2615.0,134,2335338.6500000013
2026-06-18 15:19:24.268003060+05:30,380.05,385.8,380.05,385.8,6110.0,2972.0,134,2336870.8
2026-06-18 15:23:49.902823982+05:30,385.85,387.2000000000001,382.4,385.25,5870.0,2674.0,134,2260472.5000000014
2026-06-18 15:26:34.228871511+05:30,384.9,388.8,384.9,388.8,6381.0,3974.0,134,2469062.900000002
2026-06-18 15:28:42.255235364+05:30,388.8,390.9500000000001,386.3,386.3,6321.0,2840.0,134,2459456.0500000007
2026-06-18 15:29:39.936547507+05:30,386.35,386.35,381.25,381.35,5446.0,2907.0,134,2085017.5
2026-06-18 15:29:59.815908804+05:30,381.1,382.25,378.05,381.75,6223.0,3332.0,134,2365949.4999999995
2026-06-19 09:15:06.239079659+05:30,381.05,385.25,380.15,381.4500000000001,7029.0,2242.0,134,2686657.8
2026-06-19 09:15:31.039932733+05:30,381.4500000000001,381.65,372.65,374.3,4934.0,2219.0,134,1861738.15
2026-06-19 09:16:14.646769906+05:30,374.7000000000001,374.7000000000001,371.4500000000001,374.05,6278.0,2653.0,134,2342861.700000001
2026-06-19 09:17:39.530217128+05:30,374.35,375.0,372.25,375.0,6128.0,2856.0,134,2289822.9
2026-06-19 09:19:19.185752621+05:30,375.5,375.5,371.25,371.9,6212.0,2566.0,134,2315242.250000001
2026-06-19 09:21:32.941543891+05:30,371.75,375.7000000000001,370.75,372.1,6579.0,2256.0,134,2450274.1999999997
2026-06-19 09:23:50.211547232+05:30,371.75,377.5,371.4500000000001,377.5,5652.0,3897.0,134,2113165.5999999996
2026-06-19 09:27:06.110759184+05:30,377.4,381.1,376.85,380.6,6266.0,3543.0,134,2373182.250000001
2026-06-19 09:30:48.086269770+05:30,380.2000000000001,381.65,378.4,380.0,8013.0,3244.0,134,3044584.350000001
2026-06-19 09:35:06.405601432+05:30,380.2000000000001,380.9,378.3,379.55,4579.0,2194.0,134,1737748.150000001
2026-06-19 09:39:28.925262949+05:30,379.55,381.1,376.4500000000001,376.75,6261.0,2561.0,134,2373129.1500000013
2026-06-19 09:44:38.948845125+05:30,376.7000000000001,381.2000000000001,376.6,381.15,6298.0,2912.0,134,2387826.6499999994
2026-06-19 09:49:48.849206542+05:30,381.0,381.3,375.75,376.9500000000001,5268.0,2727.0,134,1990431.7499999995
2026-06-19 09:55:47.650103933+05:30,376.9500000000001,379.75,376.05,377.1,7350.0,4357.0,134,2776460.1999999997
2026-06-19 10:02:36.909081760+05:30,377.35,383.2000000000001,377.35,381.3,4609.0,2903.0,134,1754314.1500000018
2026-06-19 10:09:40.244820983+05:30,381.4,383.7000000000001,379.7000000000001,380.55,4825.0,2044.0,134,1839155.3500000006
2026-06-19 10:16:10.954824601+05:30,380.85,383.65,379.2000000000001,381.75,6167.0,3527.0,134,2351161.0500000003
2026-06-19 10:23:35.053160628+05:30,381.8,386.9,381.75,382.1,5694.0,2246.0,134,2189894.0500000003
2026-06-19 10:32:02.061229080+05:30,382.2000000000001,386.4500000000001,380.35,386.4500000000001,6715.0,4179.0,134,2570716.9499999997
2026-06-19 10:39:30.838378232+05:30,386.6,388.35,383.4500000000001,387.4,6610.0,3949.0,134,2553142.499999999
2026-06-19 10:49:14.435304528+05:30,387.25,388.5,384.25,385.3,6380.0,2252.0,134,2469822.6999999993
2026-06-19 10:58:14.128639842+05:30,385.4,388.1,384.4500000000001,387.55,6295.0,2985.0,134,2431221.8999999994
2026-06-19 11:06:21.169327723+05:30,387.55,389.85,384.25,385.4500000000001,5659.0,2626.0,134,2187725.299999999
2026-06-19 11:15:00.831325916+05:30,385.4500000000001,387.9500000000001,384.35,385.85,6679.0,4257.0,134,2578834.2
2026-06-19 11:23:48.295941308+05:30,386.5,388.75,381.25,381.25,5130.0,2432.0,134,1973914.6000000006
2026-06-19 11:33:53.954743678+05:30,382.35,385.1,381.4500000000001,384.05,5456.0,2661.0,134,2091959.9500000004
2026-06-19 11:46:16.563514300+05:30,384.55,386.5,382.9500000000001,384.6,5302.0,2586.0,134,2039068.6500000008
2026-06-19 11:56:29.228293691+05:30,384.3,386.6,381.2000000000001,381.25,6887.0,2706.0,134,2649633.4999999995
2026-06-19 12:05:14.508786953+05:30,381.25,388.9,381.25,388.5,6565.0,3975.0,134,2530783.8999999994
2026-06-19 12:15:07.028315431+05:30,388.05,393.7000000000001,387.4,393.1,4871.0,2466.0,134,1901796.5
2026-06-19 12:25:35.030120532+05:30,393.3,398.7000000000001,393.1,398.4,6450.0,3658.0,134,2553600.75
2026-06-19 12:34:48.042110318+05:30,398.6,400.7000000000001,397.2000000000001,397.9500000000001,5094.0,2193.0,134,2030467.9999999998
2026-06-19 12:44:00.695535217+05:30,398.05,400.8,397.75,398.25,5985.0,3285.0,134,2387627.349999999
2026-06-19 12:54:33.913496468+05:30,398.1,399.5,396.15,397.4,5636.0,2329.0,134,2241182.7999999993
2026-06-19 13:04:20.233568609+05:30,397.8,398.1,391.1,391.2000000000001,4683.0,1807.0,134,1852113.3999999994
2026-06-19 13:15:52.359265097+05:30,391.3,392.2000000000001,388.35,388.9500000000001,5548.0,2305.0,134,2166447.05
2026-06-19 13:23:50.813290237+05:30,389.0,391.35,388.55,390.65,7346.0,3308.0,134,2864852.6999999997
2026-06-19 13:31:57.004178569+05:30,390.55,391.55,388.9,390.2000000000001,5640.0,2735.0,134,2200326.9000000004
2026-06-19 13:42:59.797024896+05:30,389.7000000000001,389.7000000000001,384.4,386.05,5457.0,2518.0,134,2111423.5000000005
2026-06-19 13:53:04.616741367+05:30,385.9500000000001,388.8,384.6,388.35,6681.0,2906.0,134,2585072.8500000006
2026-06-19 14:02:06.074518429+05:30,388.75,392.85,388.35,391.25,6261.0,3370.0,134,2445508.5500000007
2026-06-19 14:09:31.476106645+05:30,391.4,391.9,387.2000000000001,387.7000000000001,5645.0,2519.0,134,2199057.9
2026-06-19 14:17:54.347680520+05:30,387.7000000000001,389.1,385.4500000000001,385.5,5050.0,3010.0,134,1958712.35
2026-06-19 14:24:30.294171948+05:30,385.65,388.5,384.9500000000001,387.25,5566.0,2102.0,134,2151048.8000000003
2026-06-19 14:31:21.598860920+05:30,387.35,392.55,387.25,391.9500000000001,6331.0,3279.0,134,2471369.6500000004
2026-06-19 14:37:43.022008825+05:30,392.25,398.5,392.25,398.3,5599.0,3268.0,134,2219077.05
2026-06-19 14:43:55.290212065+05:30,398.5,400.55,397.4500000000001,398.3,5177.0,2822.0,134,2065724.5500000003
2026-06-19 14:49:42.141708695+05:30,398.2000000000001,398.2000000000001,394.5,395.15,6436.0,3167.0,134,2549820.1999999997
2026-06-19 14:55:19.093272459+05:30,395.4,400.1,395.2000000000001,398.8,5254.0,2924.0,134,2093812.5000000005
2026-06-19 15:00:25.080478336+05:30,398.55,400.9,394.9500000000001,394.9500000000001,5899.0,3149.0,134,2347954.6499999994
2026-06-19 15:04:14.163576411+05:30,394.75,396.15,392.75,394.9500000000001,5830.0,3563.0,134,2299698.8999999994
2026-06-19 15:08:05.523718268+05:30,394.75,396.6,393.15,393.9,7274.0,4017.0,134,2871675.5000000005
2026-06-19 15:12:33.498713538+05:30,393.5,395.7000000000001,391.5,393.7000000000001,4693.0,2286.0,134,1847477.5500000005
2026-06-19 15:15:57.174146837+05:30,393.9,400.4500000000001,392.2000000000001,400.4,5786.0,2611.0,134,2290007.5
2026-06-19 15:19:24.632982485+05:30,400.0,400.9,395.75,395.75,7819.0,3925.0,134,3121347.5000000005
2026-06-19 15:22:18.663360964+05:30,396.0,401.3,395.55,397.5,6417.0,2846.0,134,2557950.500000002
2026-06-19 15:24:34.866191663+05:30,397.35,399.55,394.6,396.8,7993.0,2812.0,134,3174848.1999999997
2026-06-19 15:26:33.125401689+05:30,396.85,404.6,396.05,404.2000000000001,5722.0,3734.0,134,2289078.95
2026-06-19 15:28:07.281240918+05:30,404.05,404.9,401.05,402.9500000000001,6055.0,2869.0,134,2439685.3499999996
2026-06-19 15:29:06.156830454+05:30,403.15,403.9,399.6,403.3,4921.0,2681.0,134,1975494.6000000003
2026-06-19 15:29:42.973504117+05:30,403.65,404.05,398.75,399.15,5328.0,2118.0,134,2136931.9
2026-06-19 15:29:57.219307701+05:30,399.05,406.1,398.6,405.4,8747.0,4881.0,134,3523091.95
2026-06-22 09:15:01.816947896+05:30,405.5,405.65,400.9,400.9500000000001,6280.0,3952.0,134,2528061.8000000003
2026-06-22 09:15:29.752087294+05:30,400.9,401.25,395.65,396.05,5202.0,2411.0,134,2068107.5500000007
2026-06-22 09:16:27.535970960+05:30,396.3,397.35,393.6,395.85,5044.0,3002.0,134,1995917.5500000012
2026-06-22 09:18:18.354536663+05:30,395.1,402.1,395.05,401.9500000000001,4407.0,2511.0,134,1755247.15
2026-06-22 09:20:52.673594954+05:30,402.15,403.6,400.0,402.35,5078.0,2434.0,134,2041157.8499999996
2026-06-22 09:24:01.942753933+05:30,401.85,404.6,400.6,404.15,5549.0,3571.0,134,2234814.6
2026-06-22 09:28:47.190071612+05:30,403.9500000000001,405.15,401.55,402.7000000000001,6660.0,2711.0,134,2682889.9999999995
2026-06-22 09:33:39.275657076+05:30,403.15,406.4500000000001,402.6,405.85,6400.0,3172.0,134,2589530.25
2026-06-22 09:38:48.845983677+05:30,406.0,407.5,402.9,406.75,6385.0,3147.0,134,2586496.5499999993
2026-06-22 09:45:28.636609304+05:30,406.8,409.05,405.4,405.4,5571.0,2432.0,134,2269696.5500000003
2026-06-22 09:53:38.713709003+05:30,406.1,407.7000000000001,404.4500000000001,406.25,5930.0,2891.0,134,2408139.900000001
2026-06-22 10:01:07.354220846+05:30,406.35,413.2000000000001,404.65,413.15,6375.0,3264.0,134,2602374.949999999
2026-06-22 10:09:16.350989559+05:30,413.5,415.5,412.3,414.35,6427.0,3392.0,134,2659682.5999999996
2026-06-22 10:19:40.668811048+05:30,414.35,415.9,412.2000000000001,412.2000000000001,5830.0,2870.0,134,2413478.1499999994
2026-06-22 10:30:57.025840365+05:30,412.25,413.2000000000001,406.25,406.35,7143.0,2908.0,134,2928058.5000000014
2026-06-22 10:41:57.322508956+05:30,406.25,409.65,405.4500000000001,407.85,5739.0,3125.0,134,2342067.900000001
2026-06-22 10:55:08.877225912+05:30,407.35,408.05,399.75,401.15,6288.0,2527.0,134,2541500.45
2026-06-22 11:10:23.873483465+05:30,401.0,403.75,398.55,400.9,6109.0,3191.0,134,2452779.6999999993
2026-06-22 11:25:55.844818601+05:30,401.05,401.35,397.35,397.35,5985.0,2807.0,134,2390878.45
2026-06-22 11:40:09.868857827+05:30,397.4500000000001,399.85,395.75,396.05,6335.0,2841.0,134,2520037.400000002
2026-06-22 11:52:56.196995394+05:30,396.05,401.35,395.3,401.2000000000001,5461.0,3224.0,134,2177379.9500000007
2026-06-22 12:08:35.895535805+05:30,400.4,402.0,396.65,401.3,5071.0,2696.0,134,2025113.4
2026-06-22 12:22:50.445769017+05:30,401.7000000000001,406.15,401.35,403.4500000000001,7428.0,2827.0,134,3001531.6000000006
2026-06-22 12:36:26.618837160+05:30,403.5,407.3,401.2000000000001,406.2000000000001,6327.0,3644.0,134,2558703.65
2026-06-22 12:51:28.790708911+05:30,406.1,407.35,401.9,403.35,5281.0,2512.0,134,2136864.7500000005
2026-06-22 13:03:25.278093338+05:30,403.55,406.9500000000001,402.7000000000001,405.0,6329.0,3674.0,134,2562096.200000001
2026-06-22 13:17:38.421834778+05:30,405.15,405.15,401.75,401.9500000000001,5969.0,2172.0,134,2405086.0500000003
2026-06-22 13:32:21.280582051+05:30,401.65,403.1,399.8,402.7000000000001,6272.0,3204.0,134,2516533.1
2026-06-22 13:45:02.519123876+05:30,403.0,405.65,402.3,402.55,5101.0,2751.0,134,2060003.2
2026-06-22 13:59:32.331174387+05:30,402.25,407.0,402.15,404.65,7013.0,2616.0,134,2837870.45
2026-06-22 14:12:27.131236869+05:30,405.4,407.1,401.3,401.9,6587.0,3911.0,134,2665759.049999999
2026-06-22 14:24:51.869233901+05:30,401.8,402.85,400.4500000000001,401.6,6579.0,3648.0,134,2642907.349999999
2026-06-22 14:35:03.087178552+05:30,401.65,406.1,400.4500000000001,406.1,6151.0,2942.0,134,2478801.9
2026-06-22 14:44:34.703439639+05:30,405.75,409.9,405.1,409.15,6517.0,3262.0,134,2658425.2500000005
2026-06-22 14:54:04.575034545+05:30,409.25,412.75,407.65,410.15,5606.0,2549.0,134,2298873.500000001
2026-06-22 15:01:34.391372276+05:30,409.85,414.7000000000001,409.75,414.25,5481.0,3549.0,134,2260201.9500000007
2026-06-22 15:07:54.248638015+05:30,414.35,416.6,412.9500000000001,415.5,6125.0,2998.0,134,2540596.25
2026-06-22 15:13:43.070236007+05:30,415.55,418.85,413.15,418.15,5779.0,3509.0,134,2398658.800000001
2026-06-22 15:18:49.230803918+05:30,418.85,427.8,418.85,427.3,5993.0,3477.0,134,2539102.1999999997
2026-06-22 15:22:45.790109819+05:30,427.3,427.9500000000001,424.5,426.65,6314.0,3145.0,134,2691111.5499999993
2026-06-22 15:25:38.897640279+05:30,426.8,429.25,425.35,426.25,6040.0,2336.0,134,2581462.2
2026-06-22 15:27:51.688469901+05:30,426.85,431.3,426.05,431.0,6133.0,3049.0,134,2628110.7500000014
2026-06-22 15:29:13.796537786+05:30,430.85,433.9500000000001,429.75,433.25,5943.0,3417.0,134,2568616.6000000006
2026-06-22 15:29:50.124493228+05:30,432.75,438.4500000000001,432.75,437.8,6416.0,2541.0,134,2793603.5499999984
2026-06-23 09:15:00.466957879+05:30,437.7000000000001,438.3,432.8,438.3,5891.0,2434.0,134,2564331.1499999994
2026-06-23 09:15:29.010602922+05:30,438.05,438.65,432.4500000000001,434.85,5690.0,2645.0,134,2473564.9499999997
2026-06-23 09:16:44.804828279+05:30,435.0,441.15,434.2000000000001,439.85,7754.0,3086.0,134,3401829.5500000003
2026-06-23 09:19:07.553386773+05:30,440.0,440.05,433.5,435.85,6411.0,2539.0,134,2796433.8000000017
2026-06-23 09:23:23.353653582+05:30,435.85,439.7000000000001,435.7000000000001,437.9500000000001,4956.0,2210.0,134,2169653.8499999996
2026-06-23 09:28:51.911726931+05:30,438.0,439.9,435.65,437.0,4408.0,1973.0,134,1930659.2500000002
2026-06-23 09:35:31.440319127+05:30,437.15,443.1,436.65,443.1,6543.0,3972.0,134,2875609.9000000004
2026-06-23 09:43:39.138513517+05:30,443.5,443.5,436.25,437.2000000000001,5574.0,1866.0,134,2443923.9
2026-06-23 09:52:20.504175661+05:30,436.85,441.8,433.85,440.5,5205.0,2517.0,134,2282267.3500000006
2026-06-23 10:01:47.139236328+05:30,440.35,442.1,437.55,439.35,6520.0,3479.0,134,2872394.0500000017
2026-06-23 10:13:27.987694535+05:30,439.2000000000001,441.65,434.35,436.8,6181.0,2442.0,134,2708553.35
2026-06-23 10:25:42.119055461+05:30,437.3,439.85,433.85,433.85,6583.0,3792.0,134,2880795.1000000015
2026-06-23 10:39:24.062038372+05:30,433.8,436.25,431.15,431.7000000000001,6393.0,3404.0,134,2772628.6999999997
2026-06-23 10:53:27.595712279+05:30,431.1,432.0,425.75,425.75,5900.0,3293.0,134,2529250.5500000003
2026-06-23 11:07:22.294546693+05:30,425.8,428.8,423.3,427.9500000000001,7924.0,5078.0,134,3375072.0499999984
2026-06-23 11:19:48.364679828+05:30,427.15,427.3,422.3,427.2000000000001,6164.0,3190.0,134,2619515.350000001
2026-06-23 11:37:37.615931776+05:30,427.1,431.75,426.5,429.25,4837.0,2041.0,134,2077425.5999999996
2026-06-23 11:53:49.809652143+05:30,429.15,431.0,425.05,426.25,4899.0,2423.0,134,2099439.2999999993
2026-06-23 12:11:28.173017620+05:30,425.9,430.2000000000001,425.5,429.7000000000001,6275.0,3656.0,134,2685927.8000000003
2026-06-23 12:29:04.955215713+05:30,429.9,437.55,429.9,436.75,6735.0,3949.0,134,2923947.4500000007
2026-06-23 12:47:21.735259139+05:30,436.55,437.5,433.85,434.0,5392.0,2657.0,134,2351552.35
2026-06-23 13:02:15.502722338+05:30,433.55,433.6,429.25,429.9,4935.0,1822.0,134,2129535.05
2026-06-23 13:20:04.789075332+05:30,430.05,431.4500000000001,424.9500000000001,424.9500000000001,4972.0,2357.0,134,2131001.75
2026-06-23 13:36:09.449072931+05:30,425.3,426.0,421.75,422.8,5649.0,3275.0,134,2394401.15
2026-06-23 13:53:27.790305201+05:30,422.75,423.75,415.6,417.3,6396.0,3074.0,134,2689204.8
2026-06-23 14:08:53.413611876+05:30,417.5,420.25,416.0,419.2000000000001,6159.0,3293.0,134,2574841.05
2026-06-23 14:21:03.016861584+05:30,419.2000000000001,422.3,418.2000000000001,419.65,6043.0,3089.0,134,2540975.35
2026-06-23 14:32:48.510978303+05:30,419.7000000000001,421.85,419.5,420.05,8403.0,3645.0,134,3534169.0500000003
2026-06-23 14:43:34.903740677+05:30,420.0,423.2000000000001,418.55,421.4,6919.0,3626.0,134,2909271.8499999996
2026-06-23 14:54:19.899962943+05:30,421.6,422.35,418.9,419.8,5877.0,2552.0,134,2471171.9
2026-06-23 15:03:37.427780555+05:30,419.6,421.4500000000001,418.25,420.4500000000001,5601.0,3034.0,134,2351775.7999999993
2026-06-23 15:10:52.771420213+05:30,420.35,423.4500000000001,418.65,420.85,6480.0,2546.0,134,2729884.300000001
2026-06-23 15:17:01.796463810+05:30,420.35,428.05,420.35,427.3,6123.0,3039.0,134,2604744.5499999993
2026-06-23 15:22:31.652226232+05:30,427.15,431.55,424.4,430.4500000000001,6031.0,2584.0,134,2582599.750000001
2026-06-23 15:26:09.485810774+05:30,429.9500000000001,432.05,425.35,429.1,4428.0,1994.0,134,1897599.3500000006
2026-06-23 15:28:23.423053571+05:30,428.25,428.7000000000001,420.75,424.9,5073.0,2150.0,134,2148544.2000000007
2026-06-23 15:29:41.223107649+05:30,425.15,425.15,421.25,423.4500000000001,6030.0,2895.0,134,2549864.1499999994
2026-06-23 15:29:59.915544728+05:30,423.2000000000001,424.25,418.1,418.65,5055.0,2175.0,134,2127142.4999999995
2026-06-24 09:15:05.440026374+05:30,418.9500000000001,423.4500000000001,418.6,422.1,5895.0,3076.0,134,2485163.750000001
2026-06-24 09:15:26.411014620+05:30,422.25,426.4,421.35,425.4,4978.0,2997.0,134,2110407.3500000006
2026-06-24 09:16:05.195413141+05:30,425.3,430.15,424.9500000000001,427.75,8016.0,3610.0,134,3431650.3499999987
2026-06-24 09:16:55.956424738+05:30,427.4500000000001,432.35,426.65,430.25,5203.0,2707.0,134,2234634.049999999
2026-06-24 09:18:17.289401001+05:30,431.15,431.2000000000001,425.15,427.65,5896.0,3180.0,134,2525475.000000001
2026-06-24 09:20:01.369591832+05:30,427.75,428.6,423.15,427.1,6259.0,3347.0,134,2667449.8000000003
2026-06-24 09:22:06.756564293+05:30,427.7000000000001,428.5,424.15,424.15,7091.0,2999.0,134,3021507.9499999993
2026-06-24 09:24:31.884198474+05:30,423.9500000000001,425.9,422.15,425.05,5344.0,2641.0,134,2264584.6
2026-06-24 09:27:56.894156140+05:30,425.4,431.9,424.25,428.25,7110.0,3374.0,134,3043292.5
2026-06-24 09:31:47.455757878+05:30,427.5,431.9500000000001,427.1,428.4500000000001,5241.0,2704.0,134,2251038.1999999997
2026-06-24 09:35:33.883378851+05:30,428.9500000000001,435.4500000000001,427.6,434.7000000000001,6729.0,4263.0,134,2898611.0500000003
2026-06-24 09:40:16.206973694+05:30,434.2000000000001,439.55,434.0,437.65,5756.0,3178.0,134,2518405.8500000006
2026-06-24 09:44:51.595311590+05:30,437.4500000000001,441.05,436.35,440.55,6734.0,3855.0,134,2953160.3499999996
2026-06-24 09:50:01.683175529+05:30,440.65,443.4500000000001,439.15,442.1,5826.0,2689.0,134,2569247.800000002
2026-06-24 09:55:04.577053481+05:30,442.1,444.9,439.5,444.55,7050.0,4117.0,134,3122960.650000001
2026-06-24 10:00:37.884045303+05:30,444.8,446.7000000000001,443.9500000000001,445.85,4993.0,2392.0,134,2222992.450000001
2026-06-24 10:06:47.200284713+05:30,445.75,446.5,442.85,445.75,6511.0,3725.0,134,2897305.2
2026-06-24 10:12:54.846074727+05:30,445.7000000000001,446.25,441.9500000000001,442.1,6011.0,2631.0,134,2669653.15
2026-06-24 10:20:05.394138690+05:30,442.4500000000001,445.65,441.5,445.35,4781.0,2386.0,134,2121955.95
2026-06-24 10:26:58.590207722+05:30,445.2000000000001,446.7000000000001,443.15,445.05,7191.0,4027.0,134,3198750.1999999993
2026-06-24 10:34:33.093095845+05:30,445.0,447.55,442.9,443.9500000000001,6028.0,3011.0,134,2683323.049999999
2026-06-24 10:42:20.955641133+05:30,444.15,445.2000000000001,441.1,442.5,6716.0,3472.0,134,2977144.0999999996
2026-06-24 10:51:35.779495556+05:30,442.5,445.0,441.75,443.9500000000001,5918.0,3075.0,134,2622765.3000000007
2026-06-24 11:01:23.150267053+05:30,443.55,443.75,439.55,442.8,5835.0,1895.0,134,2577492.2500000005
2026-06-24 11:09:30.838825926+05:30,442.8,443.9,436.8,437.8,5652.0,2548.0,134,2485715.4
2026-06-24 11:17:29.757415147+05:30,437.65,437.65,430.3,432.5,6371.0,2824.0,134,2767190.65
2026-06-24 11:26:59.352604602+05:30,432.35,437.25,431.9500000000001,437.25,6266.0,2823.0,134,2720646.65
2026-06-24 11:36:24.110084341+05:30,437.1,437.4,435.0,436.1,5348.0,2852.0,134,2334386.8499999996
2026-06-24 11:45:57.142618660+05:30,435.4500000000001,436.05,428.9,430.0,5045.0,2975.0,134,2180452.100000001
2026-06-24 11:54:39.186944742+05:30,430.25,433.0,429.5,432.9500000000001,7764.0,4247.0,134,3348923.4999999995
2026-06-24 12:05:10.400411218+05:30,433.35,440.1,433.3,439.8,6287.0,3500.0,134,2745121.7
2026-06-24 12:17:03.905091514+05:30,440.15,440.25,435.55,436.2000000000001,7018.0,2866.0,134,3073178.7499999986
2026-06-24 12:26:20.550897131+05:30,436.25,441.9500000000001,435.8,440.0,6109.0,2798.0,134,2684580.4
2026-06-24 12:36:06.901376276+05:30,439.85,442.85,437.4,442.35,6860.0,3522.0,134,3017440.5999999987
2026-06-24 12:45:14.997734795+05:30,442.65,449.2000000000001,442.0,447.9,5131.0,2699.0,134,2281844.6000000006
2026-06-24 12:54:40.354946283+05:30,447.75,455.35,447.75,453.8,7131.0,4609.0,134,3230538.500000001
2026-06-24 13:03:25.626234844+05:30,453.25,458.8,452.0,458.8,6221.0,3544.0,134,2827613.0
2026-06-24 13:12:44.405371786+05:30,458.75,459.8,453.9500000000001,453.9500000000001,5880.0,2760.0,134,2686487.1500000004
2026-06-24 13:22:28.219245019+05:30,454.65,461.2000000000001,452.55,458.8,5667.0,3523.0,134,2589717.4999999995
2026-06-24 13:31:36.089556115+05:30,458.9500000000001,460.25,456.15,458.75,7203.0,4309.0,134,3299909.85
2026-06-24 13:40:13.282362316+05:30,459.15,461.4,457.55,458.9,6460.0,3172.0,134,2967457.2000000007
2026-06-24 13:49:30.931971246+05:30,459.4,460.65,456.7000000000001,460.05,6162.0,3069.0,134,2828187.2
2026-06-24 13:57:40.900544202+05:30,460.2000000000001,468.35,460.2000000000001,466.5,6910.0,3730.0,134,3213012.100000001
2026-06-24 14:05:23.278923408+05:30,466.8,469.05,464.4500000000001,465.05,5206.0,2014.0,134,2428629.45
2026-06-24 14:12:24.891766093+05:30,464.4500000000001,465.4500000000001,460.8,461.3,5194.0,2208.0,134,2404312.150000002
2026-06-24 14:19:33.043065330+05:30,460.9500000000001,461.35,455.85,458.8,6149.0,2686.0,134,2815942.7500000005
2026-06-24 14:26:54.410068965+05:30,458.9,464.65,458.9,464.65,6153.0,3385.0,134,2843086.4499999997
2026-06-24 14:33:25.460022075+05:30,464.85,466.65,461.5,461.5,6629.0,2984.0,134,3075628.4499999993
2026-06-24 14:39:16.077043827+05:30,461.55,466.35,461.55,465.55,4638.0,2403.0,134,2152317.7500000005
2026-06-24 14:44:13.876292258+05:30,465.4500000000001,467.9500000000001,457.6,458.35,6919.0,2516.0,134,3202392.85
2026-06-24 14:49:49.887698900+05:30,458.65,458.65,450.25,450.55,6300.0,3054.0,134,2859064.85
2026-06-24 14:54:56.115409161+05:30,450.3,450.55,444.0,445.05,5207.0,1782.0,134,2326809.149999999
2026-06-24 14:59:34.527171390+05:30,445.35,453.0,445.0,451.75,6076.0,2887.0,134,2724819.5
2026-06-24 15:04:10.813215236+05:30,451.7000000000001,455.1,449.4,454.0,5974.0,2871.0,134,2698751.1999999993
2026-06-24 15:08:07.299467269+05:30,453.7000000000001,454.65,446.2000000000001,446.25,7126.0,4081.0,134,3207869.3
2026-06-24 15:12:08.925345948+05:30,446.3,446.35,438.65,439.1,6888.0,2305.0,134,3045698.7
2026-06-24 15:15:16.273260422+05:30,439.15,444.65,437.55,443.05,7241.0,4491.0,134,3200174.95
2026-06-24 15:18:49.958418761+05:30,443.4500000000001,445.5,442.55,442.9,5151.0,2133.0,134,2287578.95
2026-06-24 15:21:33.360791407+05:30,443.5,444.05,438.8,441.8,6203.0,3117.0,134,2738546.6999999997
2026-06-24 15:23:46.744119949+05:30,441.85,449.0,440.75,446.35,5261.0,2733.0,134,2339895.4500000007
2026-06-24 15:25:30.004659659+05:30,446.4,451.0,446.4,449.55,5986.0,3240.0,134,2685177.05
2026-06-24 15:27:08.479136354+05:30,449.6,458.9500000000001,449.3,457.9500000000001,5521.0,3118.0,134,2514412.55
2026-06-24 15:28:16.941977786+05:30,457.7000000000001,459.8,454.1,455.25,4839.0,2415.0,134,2211387.65
2026-06-24 15:29:13.453333873+05:30,455.65,457.4,451.9,454.4500000000001,5245.0,2336.0,134,2388672.749999999
2026-06-24 15:29:43.341827990+05:30,455.35,457.9500000000001,452.25,454.25,5218.0,2028.0,134,2375664.8000000017
2026-06-24 15:29:58.533023757+05:30,453.9500000000001,454.3,451.55,451.65,6157.0,3124.0,134,2789612.150000001
2026-06-25 09:15:01.255836895+05:30,451.8,457.15,451.3,452.3,6012.0,2952.0,134,2723953.8000000003
2026-06-25 09:15:17.420200799+05:30,451.9,452.25,444.6,447.1,5200.0,2707.0,134,2329766.0
2026-06-25 09:16:12.143927965+05:30,446.65,448.9,443.65,447.15,6292.0,4016.0,134,2809138.6499999994
2026-06-25 09:17:45.850318295+05:30,446.8,448.6,445.9,447.55,5381.0,2326.0,134,2407727.2499999995
2026-06-25 09:19:47.677467623+05:30,448.5,449.4,445.15,446.25,6528.0,3393.0,134,2920109.6999999997
2026-06-25 09:22:31.811036277+05:30,446.2000000000001,453.9500000000001,445.3,453.35,5059.0,3053.0,134,2277048.9499999997
2026-06-25 09:25:40.525727472+05:30,452.9,454.1,449.2000000000001,450.75,5339.0,2022.0,134,2411140.250000002
2026-06-25 09:30:01.476119669+05:30,450.25,454.85,450.2000000000001,454.85,6053.0,3436.0,134,2736817.8
2026-06-25 09:34:15.717919655+05:30,454.7000000000001,460.85,452.6,459.3,5783.0,3327.0,134,2635297.050000002
2026-06-25 09:38:41.151516378+05:30,459.2000000000001,460.9500000000001,457.6,459.7000000000001,6456.0,2698.0,134,2965298.6999999997
2026-06-25 09:44:42.038472799+05:30,459.55,461.05,458.15,458.8,7651.0,2769.0,134,3512634.1999999997
2026-06-25 09:50:58.480038204+05:30,458.55,459.0,451.35,451.8,4984.0,1804.0,134,2269125.3500000015
2026-06-25 09:58:00.823374599+05:30,452.4,452.4,448.3,450.25,5680.0,2520.0,134,2555216.000000001
2026-06-25 10:06:04.571933039+05:30,450.1,451.3,447.8,448.0,6705.0,2473.0,134,3015401.35
2026-06-25 10:15:19.581184985+05:30,448.7000000000001,455.65,447.5,455.15,5735.0,3066.0,134,2588183.1499999994
2026-06-25 10:24:02.107380107+05:30,455.4,462.9500000000001,455.25,461.3,5028.0,2743.0,134,2313790.95
2026-06-25 10:34:19.439312718+05:30,461.3,469.85,461.05,466.9,6620.0,3562.0,134,3084976.6999999997
2026-06-25 10:44:30.379636480+05:30,467.4500000000001,472.55,465.7000000000001,470.5,7436.0,4077.0,134,3497619.65
2026-06-25 10:54:59.844862491+05:30,470.7000000000001,475.05,468.75,475.05,5061.0,2832.0,134,2385253.9999999995
2026-06-25 11:04:06.018001936+05:30,475.4500000000001,475.4500000000001,470.25,473.7000000000001,5596.0,3620.0,134,2646954.499999999
2026-06-25 11:15:55.062257717+05:30,474.05,478.55,473.55,476.9500000000001,7333.0,4432.0,134,3491807.1
2026-06-25 11:27:02.968599387+05:30,477.0,480.9500000000001,475.8,477.3,6790.0,2764.0,134,3245654.5000000005
2026-06-25 11:40:09.506653808+05:30,477.0,478.25,471.9500000000001,472.85,5348.0,2125.0,134,2542438.4999999995
2026-06-25 11:53:28.964137035+05:30,472.65,475.75,472.0,472.05,7274.0,3108.0,134,3445648.100000001
2026-06-25 12:07:07.385506465+05:30,471.9,477.5,470.8,477.35,5815.0,3188.0,134,2751036.7
2026-06-25 12:19:19.821425688+05:30,478.1,478.8,474.0,477.4,5396.0,2581.0,134,2570524.6999999993
2026-06-25 12:31:00.072458665+05:30,477.2000000000001,479.9500000000001,476.1,478.6,5987.0,3429.0,134,2863469.7499999977
2026-06-25 12:41:05.175158165+05:30,478.4500000000001,483.75,476.85,478.4500000000001,5866.0,3400.0,134,2817626.9000000004
2026-06-25 12:51:31.493694405+05:30,478.8,480.2000000000001,474.75,474.75,6242.0,2438.0,134,2979343.8500000006
2026-06-25 13:04:10.255497521+05:30,474.75,476.55,470.85,472.3,5118.0,2514.0,134,2426746.700000001
2026-06-25 13:15:25.003437074+05:30,472.35,473.35,465.1,466.6,8014.0,3872.0,134,3759211.6999999997
2026-06-25 13:26:20.420053189+05:30,466.55,472.4,466.4500000000001,469.6,7053.0,3734.0,134,3315471.1000000006
2026-06-25 13:37:32.882863552+05:30,469.65,474.5,468.3,474.1,6726.0,3985.0,134,3173108.5
2026-06-25 13:48:50.096591364+05:30,473.9,474.3,471.4500000000001,474.15,6390.0,3195.0,134,3021713.8500000006
2026-06-25 13:59:29.888431719+05:30,474.4,476.4,471.6,472.9,6418.0,2289.0,134,3038033.1500000004
2026-06-25 14:07:55.383964529+05:30,472.85,473.75,468.1,472.4500000000001,7294.0,3025.0,134,3438516.550000002
2026-06-25 14:17:22.676403409+05:30,472.7000000000001,475.3,468.55,468.55,5364.0,2750.0,134,2532781.7500000014
2026-06-25 14:27:26.157405689+05:30,468.4,469.7000000000001,466.1,469.4,7847.0,2040.0,134,3671425.750000003
2026-06-25 14:35:37.754109984+05:30,469.35,473.4500000000001,468.4,473.25,5173.0,2866.0,134,2435919.1999999993
2026-06-25 14:42:37.608526572+05:30,472.9500000000001,479.2000000000001,472.7000000000001,475.8,6549.0,3030.0,134,3124095.65
2026-06-25 14:50:04.765544767+05:30,475.65,479.9500000000001,474.05,476.0,5840.0,3141.0,134,2783164.0999999996
2026-06-25 14:56:32.950956599+05:30,475.7000000000001,480.85,473.9,479.4,6346.0,3342.0,134,3031530.7500000005
2026-06-25 15:02:04.368243663+05:30,479.9,480.15,474.8,474.8,6115.0,3410.0,134,2920490.8000000003
2026-06-25 15:07:18.470416312+05:30,474.7000000000001,477.25,472.9,475.9500000000001,7334.0,3716.0,134,3484854.9499999993
2026-06-25 15:11:43.074651947+05:30,476.0,478.6,471.4500000000001,472.2000000000001,6998.0,3091.0,134,3324998.050000001
2026-06-25 15:15:51.293020899+05:30,471.9500000000001,473.05,466.85,469.4500000000001,6410.0,2632.0,134,3011788.0000000005
2026-06-25 15:19:44.041232662+05:30,469.4,475.65,468.2000000000001,474.85,5491.0,3012.0,134,2586851.8000000007
2026-06-25 15:23:14.943188199+05:30,474.85,474.9500000000001,467.9,468.9500000000001,5570.0,2647.0,134,2629175.55
2026-06-25 15:25:39.536288923+05:30,468.9,470.2000000000001,463.0,463.0,5343.0,2327.0,134,2493049.8
2026-06-25 15:27:30.207815942+05:30,463.1,464.6,460.15,460.9,5294.0,2660.0,134,2447883.6500000004
2026-06-25 15:28:47.670717904+05:30,460.75,466.1,460.2000000000001,466.1,6466.0,4323.0,134,2995551.100000001
2026-06-25 15:29:39.571743864+05:30,466.4,466.8,462.05,462.8,6892.0,3326.0,134,3202706.5499999984
2026-06-25 15:29:59.461286477+05:30,462.75,470.4500000000001,459.7000000000001,468.6,5171.0,3009.0,134,2408931.849999999
2026-06-26 09:15:16.238109241+05:30,468.55,473.9,468.55,472.2000000000001,6711.0,3422.0,134,3161144.1499999994
2026-06-26 09:16:58.662548597+05:30,472.0,474.75,469.6,469.6,4948.0,2471.0,134,2336106.1499999994
2026-06-26 09:19:41.827817603+05:30,468.9500000000001,469.35,461.1,461.1,5518.0,2598.0,134,2566096.7999999993
2026-06-26 09:23:56.065377291+05:30,460.8,461.0,455.85,459.0,6283.0,3422.0,134,2876481.95
2026-06-26 09:30:13.899168235+05:30,459.05,461.15,452.2000000000001,452.2000000000001,5814.0,2384.0,134,2656339.4499999997
2026-06-26 09:37:33.520615187+05:30,453.15,455.8,450.75,452.4500000000001,5957.0,2934.0,134,2695659.7500000005
2026-06-26 09:45:17.228187056+05:30,452.2000000000001,457.1,451.4,455.15,6444.0,3158.0,134,2930393.5000000005
2026-06-26 09:58:15.416344023+05:30,454.75,455.6,450.2000000000001,451.5,5986.0,2634.0,134,2708071.850000001
2026-06-26 10:11:18.706757886+05:30,450.8,453.85,448.25,449.85,7816.0,2764.0,134,3525228.400000002
2026-06-26 10:27:20.287666450+05:30,450.05,451.85,447.4500000000001,447.9500000000001,5743.0,2754.0,134,2582287.25
2026-06-26 10:42:55.173064098+05:30,447.7000000000001,448.1,444.5,447.55,5346.0,2433.0,134,2385091.900000001
2026-06-26 11:00:54.487393417+05:30,447.15,451.6,446.5,448.35,5599.0,2417.0,134,2515642.9000000013
2026-06-26 11:18:17.719985741+05:30,448.15,453.5,448.15,450.85,6043.0,3347.0,134,2724109.3000000003
2026-06-26 11:34:57.213967026+05:30,450.9,450.9500000000001,446.8,446.8,5450.0,2538.0,134,2446043.8000000003
2026-06-26 11:57:42.328991823+05:30,447.1,449.65,445.35,447.9500000000001,7274.0,3755.0,134,3253969.7000000007
2026-06-26 12:18:19.711654222+05:30,447.55,451.35,446.35,447.9500000000001,6584.0,3284.0,134,2952054.4499999997
2026-06-26 12:38:53.899808447+05:30,447.7000000000001,449.4,445.85,448.9500000000001,5391.0,2922.0,134,2414194.3
2026-06-26 13:00:51.619339206+05:30,449.25,452.25,447.5,448.5,4664.0,2306.0,134,2096224.1
2026-06-26 13:24:00.277759194+05:30,447.7000000000001,452.5,446.9,448.85,6381.0,2973.0,134,2866744.5000000014
2026-06-26 13:42:35.796240676+05:30,448.65,450.2000000000001,444.4500000000001,448.1,6062.0,3055.0,134,2709857.3499999996
2026-06-26 14:04:58.266414184+05:30,448.0,453.4,448.0,450.4500000000001,6090.0,3299.0,134,2746110.4500000007
2026-06-26 14:21:31.372582240+05:30,450.6,457.2000000000001,450.0,455.7000000000001,6343.0,3500.0,134,2876448.9999999995
2026-06-26 14:34:24.467935641+05:30,455.55,458.15,454.55,455.15,6966.0,3841.0,134,3177793.749999999
2026-06-26 14:47:39.686958100+05:30,455.15,462.65,454.9,461.8,4809.0,2438.0,134,2206141.5999999996
2026-06-26 15:00:01.940668932+05:30,461.4500000000001,469.9,460.65,469.25,5844.0,3871.0,134,2720161.9999999995
2026-06-26 15:10:20.856748376+05:30,469.3,470.05,462.6,463.6,5892.0,2436.0,134,2752190.600000001
2026-06-26 15:17:24.766167842+05:30,463.8,467.1,462.75,465.9500000000001,5857.0,4097.0,134,2724453.4999999995
2026-06-26 15:22:56.129395128+05:30,466.05,471.7000000000001,466.0,471.15,5327.0,3037.0,134,2502517.199999999
2026-06-26 15:27:06.428034045+05:30,471.35,471.7000000000001,465.55,467.2000000000001,6203.0,2637.0,134,2903593.5000000005
2026-06-26 15:29:24.448303390+05:30,466.85,471.7000000000001,464.9500000000001,471.0,5938.0,3436.0,134,2777062.2999999984
2026-06-26 15:29:59.123034324+05:30,471.55,475.25,470.4500000000001,471.5,5717.0,3154.0,134,2702836.450000001
2026-06-29 09:15:08.088816532+05:30,471.5,472.6,468.35,470.4,6235.0,2847.0,134,2935923.950000001
2026-06-29 09:15:54.594792293+05:30,471.05,476.8,470.0,475.5,5389.0,3374.0,134,2552486.850000001
2026-06-29 09:17:07.729491896+05:30,475.55,478.9500000000001,474.4,476.75,6050.0,2211.0,134,2883861.100000001
2026-06-29 09:19:07.107428266+05:30,477.2000000000001,480.25,476.05,478.1,7657.0,3898.0,134,3662219.849999999
2026-06-29 09:22:39.765601851+05:30,477.65,478.75,476.0,477.9,6920.0,3395.0,134,3305902.9499999993
2026-06-29 09:27:18.468059345+05:30,477.5,484.2000000000001,476.7000000000001,481.9500000000001,5781.0,3196.0,134,2778000.6500000004
2026-06-29 09:32:03.122242639+05:30,481.6,487.55,480.2000000000001,486.9500000000001,6504.0,3296.0,134,3147569.4
2026-06-29 09:37:49.232808872+05:30,487.15,487.15,478.9,478.9,5594.0,2701.0,134,2703916.0
2026-06-29 09:44:38.163243751+05:30,479.4,483.05,479.4,482.35,4590.0,2532.0,134,2209133.350000001
2026-06-29 09:51:34.829775089+05:30,482.15,483.15,477.7000000000001,477.85,4763.0,2178.0,134,2289825.8499999996
2026-06-29 10:01:26.919690047+05:30,477.6,478.65,473.7000000000001,475.4,6619.0,3681.0,134,3148274.4999999995
2026-06-29 10:10:15.054826375+05:30,475.1,475.7000000000001,472.3,473.5,6272.0,2941.0,134,2972579.2000000007
2026-06-29 10:19:49.584962554+05:30,473.3,480.8,473.1,479.4500000000001,7692.0,5093.0,134,3671705.5
2026-06-29 10:29:45.122564343+05:30,479.7000000000001,480.4500000000001,474.25,475.8,5343.0,2932.0,134,2553305.799999999
2026-06-29 10:40:25.065773171+05:30,475.8,476.9500000000001,468.25,468.25,5803.0,2308.0,134,2737377.799999999
2026-06-29 10:53:31.433969471+05:30,468.7000000000001,470.25,465.2000000000001,465.25,7035.0,3043.0,134,3289239.2500000005
2026-06-29 11:05:56.101968281+05:30,465.25,466.55,462.25,462.4,6583.0,3686.0,134,3057496.8499999996
2026-06-29 11:19:35.042824561+05:30,462.05,462.4500000000001,456.7000000000001,456.85,7592.0,3409.0,134,3495349.850000001
2026-06-29 11:30:43.059098098+05:30,456.4,458.6,454.65,456.4500000000001,5597.0,2430.0,134,2555312.8499999987
2026-06-29 11:42:25.000353377+05:30,456.6,456.6,450.8,452.1,4920.0,2373.0,134,2232913.65
2026-06-29 11:56:48.608017774+05:30,452.3,458.8,451.75,458.8,5836.0,3766.0,134,2649684.8
2026-06-29 12:09:58.120893051+05:30,458.85,463.2000000000001,458.85,462.9,5543.0,3049.0,134,2558724.7500000005
2026-06-29 12:25:20.243007293+05:30,462.8,467.15,460.9,464.6,4911.0,2548.0,134,2277997.7500000005
2026-06-29 12:38:21.727991771+05:30,464.3,464.3,458.9,461.2000000000001,4926.0,2154.0,134,2271072.45
2026-06-29 12:49:37.546448178+05:30,461.1,464.25,459.5,463.3,6920.0,3494.0,134,3198311.8000000007
2026-06-29 13:01:31.523301531+05:30,462.9,463.05,452.9500000000001,453.4500000000001,5716.0,2293.0,134,2612781.1500000004
2026-06-29 13:14:54.180947182+05:30,453.6,457.75,451.0,455.85,7034.0,3094.0,134,3194658.650000002
2026-06-29 13:27:07.856523213+05:30,455.7000000000001,455.7000000000001,448.7000000000001,448.8,5880.0,2789.0,134,2658203.85
2026-06-29 13:39:37.891910772+05:30,448.2000000000001,448.2000000000001,444.0,445.6,5811.0,2513.0,134,2591919.1500000013
2026-06-29 13:52:03.872583376+05:30,445.5,447.05,441.75,446.7000000000001,6003.0,2975.0,134,2664763.1499999994
2026-06-29 14:02:58.504282537+05:30,446.2000000000001,447.0,441.65,443.9500000000001,4982.0,2268.0,134,2211650.8000000003
2026-06-29 14:13:54.210593450+05:30,444.4,445.55,442.9,443.2000000000001,6185.0,3387.0,134,2748287.8
2026-06-29 14:25:34.683890064+05:30,443.0,448.15,441.9500000000001,447.05,5666.0,2880.0,134,2517812.0500000007
2026-06-29 14:35:05.359209057+05:30,447.05,448.9,444.85,445.8,5402.0,2617.0,134,2414242.3000000003
2026-06-29 14:44:17.884370627+05:30,445.15,446.4500000000001,438.55,440.8,5184.0,2458.0,134,2293129.0000000005
2026-06-29 14:52:33.061372122+05:30,440.9,449.9,440.8,449.35,7542.0,4513.0,134,3353480.9000000013
2026-06-29 15:00:25.046197918+05:30,449.8,451.6,446.15,450.05,6841.0,3421.0,134,3066288.85
2026-06-29 15:07:34.154475294+05:30,450.2000000000001,451.35,446.35,450.2000000000001,5434.0,3234.0,134,2440337.45
2026-06-29 15:13:02.850033152+05:30,450.15,452.7000000000001,447.4,450.65,5987.0,3068.0,134,2695494.3500000006
2026-06-29 15:18:29.391037111+05:30,451.4,456.2000000000001,450.4500000000001,455.6,5689.0,2757.0,134,2576650.0000000014
2026-06-29 15:22:16.434218337+05:30,455.4,458.35,452.55,457.9500000000001,5948.0,3159.0,134,2708750.000000001
2026-06-29 15:25:05.270177037+05:30,457.8,462.05,456.15,456.15,5688.0,2701.0,134,2614749.45
2026-06-29 15:27:14.763193099+05:30,456.4500000000001,461.3,455.6,461.15,7601.0,3895.0,134,3478080.150000001
2026-06-29 15:28:40.797949820+05:30,461.55,466.85,459.35,466.55,7312.0,4237.0,134,3380400.9499999993
2026-06-29 15:29:34.342485480+05:30,466.35,467.4,461.55,462.1,5331.0,2211.0,134,2472874.500000001
2026-06-29 15:29:58.880284361+05:30,462.85,466.6,461.9500000000001,464.65,5983.0,2861.0,134,2777872.5999999996
2026-06-30 09:15:10.054923491+05:30,464.55,464.55,458.0,459.4500000000001,5107.0,2793.0,134,2352254.05
2026-06-30 09:16:19.774460312+05:30,459.0,461.4500000000001,457.35,459.85,6721.0,3512.0,134,3086649.650000001
2026-06-30 09:18:37.576044874+05:30,459.7000000000001,464.25,458.6,461.55,6271.0,2549.0,134,2900613.3000000007
2026-06-30 09:22:07.573427339+05:30,461.4,462.25,451.9,452.05,6937.0,2434.0,134,3182018.3
2026-06-30 09:26:44.159203636+05:30,452.55,453.2000000000001,446.05,446.05,8265.0,4393.0,134,3727799.9000000004
2026-06-30 09:31:49.240071285+05:30,445.9500000000001,448.35,442.5,443.0,6757.0,3365.0,134,3009330.5500000003
2026-06-30 09:39:15.297183435+05:30,442.4,444.2000000000001,439.15,442.65,6682.0,2488.0,134,2949834.850000002
2026-06-30 09:46:40.930778939+05:30,442.75,446.05,439.15,439.6,5627.0,3001.0,134,2492869.0
2026-06-30 09:54:59.713592641+05:30,439.55,441.3,438.35,438.9,5410.0,2814.0,134,2379708.25
2026-06-30 10:04:22.663538550+05:30,439.25,440.3,437.05,438.5,8470.0,4092.0,134,3717247.400000001
2026-06-30 10:16:52.528949456+05:30,439.15,440.7000000000001,435.8,436.5,7043.0,4141.0,134,3084546.95
2026-06-30 10:27:59.800043690+05:30,436.05,442.4500000000001,435.7000000000001,442.4500000000001,7251.0,4252.0,134,3184987.6999999993
2026-06-30 10:40:21.277828890+05:30,441.9500000000001,443.8,437.75,439.25,6566.0,2667.0,134,2893704.050000001
2026-06-30 10:54:15.823817807+05:30,438.9500000000001,445.25,438.55,442.55,5988.0,2736.0,134,2646557.1999999993
2026-06-30 11:09:53.919895358+05:30,442.5,444.35,439.2000000000001,443.75,4812.0,2428.0,134,2127422.6999999993
2026-06-30 11:25:38.933880912+05:30,443.7000000000001,444.8,439.6,442.2000000000001,5854.0,2428.0,134,2589902.5
2026-06-30 11:40:11.723874511+05:30,441.5,444.25,440.4500000000001,444.1,6744.0,3995.0,134,2982095.0000000005
2026-06-30 11:57:19.069377724+05:30,443.35,444.55,439.35,440.4500000000001,6864.0,2871.0,134,3034051.9
2026-06-30 12:13:20.672899601+05:30,440.9,442.85,439.6,440.4500000000001,6278.0,3221.0,134,2772022.8
2026-06-30 12:30:13.205871929+05:30,440.3,441.4500000000001,438.4,441.4500000000001,6354.0,3246.0,134,2797517.9499999993
2026-06-30 12:47:05.924310751+05:30,441.6,445.35,439.55,440.05,6042.0,2263.0,134,2670306.4500000007
2026-06-30 13:01:33.605728846+05:30,440.15,444.7000000000001,439.65,443.8,5207.0,2816.0,134,2305719.8000000007
2026-06-30 13:16:09.435442687+05:30,443.0,444.3,440.2000000000001,444.05,5865.0,3072.0,134,2593000.45
2026-06-30 13:31:00.109924405+05:30,443.75,444.5,439.65,443.15,6742.0,4092.0,134,2979721.099999999
2026-06-30 13:45:21.041735179+05:30,442.4,445.6,440.15,440.25,6253.0,3394.0,134,2770998.5999999996
2026-06-30 14:00:14.462335471+05:30,440.4,442.2000000000001,438.05,439.4500000000001,6844.0,3137.0,134,3014274.100000002
2026-06-30 14:14:24.581633565+05:30,439.2000000000001,447.9,438.9,447.75,4806.0,2702.0,134,2128547.0499999993
2026-06-30 14:25:55.077962065+05:30,447.75,449.6,446.55,447.25,7647.0,4171.0,134,3427939.55
2026-06-30 14:36:47.538892598+05:30,447.5,450.1,440.9,441.55,5901.0,2696.0,134,2630404.000000001
2026-06-30 14:48:24.493213911+05:30,441.85,450.4500000000001,441.4,449.55,5936.0,3629.0,134,2643177.1999999997
2026-06-30 14:57:03.900830113+05:30,449.4500000000001,449.5,444.1,449.0,6096.0,3678.0,134,2725568.3999999994
2026-06-30 15:06:09.992469731+05:30,449.3,451.9,449.15,449.75,7137.0,3174.0,134,3215218.0500000007
2026-06-30 15:13:35.076503938+05:30,449.3,455.0,449.3,452.6,6451.0,3377.0,134,2918540.8000000017
2026-06-30 15:19:17.440456862+05:30,452.6,453.0,447.5,448.15,5982.0,2629.0,134,2691176.900000001
2026-06-30 15:24:07.212750320+05:30,448.4,450.75,447.25,448.9500000000001,6953.0,3555.0,134,3123295.8
2026-06-30 15:26:59.121789219+05:30,448.8,453.1,448.2000000000001,450.9,7742.0,3513.0,134,3492560.9999999995
2026-06-30 15:28:56.855983748+05:30,451.1,452.55,446.75,451.9,5501.0,3007.0,134,2470724.5999999996
2026-06-30 15:29:52.398420028+05:30,452.0,455.2000000000001,451.85,453.3,7549.0,4233.0,134,3421047.800000001
2026-07-01 09:15:01.577747426+05:30,452.6,452.9500000000001,448.9500000000001,450.55,8091.0,3447.0,134,3648089.7500000005
2026-07-01 09:15:20.873277668+05:30,450.5,453.4,449.9500000000001,450.85,6332.0,2806.0,134,2861101.5
2026-07-01 09:16:11.901344435+05:30,451.05,458.55,450.8,457.6,5377.0,2491.0,134,2445709.1500000004
2026-07-01 09:17:16.154541486+05:30,457.9,461.9,457.6,459.7000000000001,6935.0,3803.0,134,3188665.6
2026-07-01 09:18:46.139849501+05:30,459.55,462.25,458.75,460.9500000000001,5644.0,3251.0,134,2600183.6999999997
2026-07-01 09:20:44.168989870+05:30,460.65,472.6,460.65,472.6,5251.0,3288.0,134,2452531.3
2026-07-01 09:23:21.189763001+05:30,473.0,478.2000000000001,471.0,478.1,4279.0,2869.0,134,2030564.8999999997
2026-07-01 09:26:56.383692701+05:30,477.2000000000001,485.9,475.9500000000001,484.0,6344.0,3534.0,134,3052687.5500000007
2026-07-01 09:31:07.993672378+05:30,483.9,490.9,483.75,488.7000000000001,5654.0,3113.0,134,2759895.3499999996
2026-07-01 09:36:13.950950366+05:30,488.6,492.4500000000001,488.6,492.4500000000001,5605.0,2796.0,134,2748041.6999999997
2026-07-01 09:41:48.241155132+05:30,492.75,492.75,483.65,486.9500000000001,5805.0,3342.0,134,2832823.399999999
2026-07-01 09:48:19.172835204+05:30,486.4,489.85,485.2000000000001,488.5,4932.0,2581.0,134,2405931.75
2026-07-01 09:55:20.384652527+05:30,488.85,494.3,487.65,493.85,6278.0,4388.0,134,3078429.000000001
2026-07-01 10:02:36.341382535+05:30,494.25,499.0,493.7000000000001,498.15,4932.0,2488.0,134,2447811.3999999994
2026-07-01 10:10:48.827989721+05:30,498.4500000000001,498.4500000000001,494.35,494.6,6780.0,3239.0,134,3364958.199999999
2026-07-01 10:19:12.630028091+05:30,493.8,499.25,488.0,488.55,6084.0,2426.0,134,3001815.8500000006
2026-07-01 10:27:42.225959610+05:30,488.25,491.85,487.65,491.2000000000001,5871.0,3633.0,134,2876403.9000000004
2026-07-01 10:36:24.596142036+05:30,490.9,495.2000000000001,488.85,494.6,6091.0,3705.0,134,2994463.149999999
2026-07-01 10:46:24.801986241+05:30,494.65,494.9500000000001,485.05,485.05,5669.0,2178.0,134,2781116.4000000004
2026-07-01 10:57:20.685488211+05:30,484.85,486.55,480.3,482.05,5647.0,2521.0,134,2731800.450000001
2026-07-01 11:08:17.285724193+05:30,481.9500000000001,487.5,481.55,487.5,5750.0,3161.0,134,2785455.0500000003
2026-07-01 11:19:56.703536189+05:30,487.4,488.0,483.8,488.0,7061.0,2843.0,134,3435406.0500000003
2026-07-01 11:31:01.208466174+05:30,488.5,494.8,486.4,491.8,6990.0,4095.0,134,3430996.4
2026-07-01 11:41:15.524742938+05:30,492.15,500.3,491.7000000000001,499.3,6788.0,2852.0,134,3366689.7499999995
2026-07-01 11:53:29.781547142+05:30,499.85,501.8,497.55,498.3,6042.0,3273.0,134,3021734.5500000007
2026-07-01 12:04:27.581469320+05:30,498.2000000000001,503.4,495.0,503.15,6228.0,3563.0,134,3113078.6
2026-07-01 12:15:16.325350756+05:30,503.05,510.6,501.15,506.85,5608.0,2893.0,134,2836766.3999999994
2026-07-01 12:25:48.712030637+05:30,506.35,507.35,502.3,502.35,4786.0,2134.0,134,2415321.7500000005
2026-07-01 12:39:01.628743806+05:30,502.8,505.5,499.4500000000001,501.05,6001.0,3641.0,134,3018992.6500000022
2026-07-01 12:50:14.043112984+05:30,500.25,502.5,498.15,499.85,5684.0,2321.0,134,2842086.1499999994
2026-07-01 12:59:51.923053647+05:30,499.75,500.15,494.6,498.0,7050.0,2415.0,134,3507835.2999999993
2026-07-01 13:11:36.124978192+05:30,497.8,499.15,494.5,495.9500000000001,6297.0,2368.0,134,3128716.8000000017
2026-07-01 13:22:43.467345816+05:30,496.1,496.2000000000001,484.55,484.55,6556.0,3097.0,134,3214086.750000001
2026-07-01 13:33:53.691064501+05:30,485.0,485.4,480.7000000000001,483.4,6884.0,3501.0,134,3329846.149999999
2026-07-01 13:44:40.872408044+05:30,483.75,492.0,483.75,488.4,5499.0,3367.0,134,2686699.7000000007
2026-07-01 13:55:02.834161828+05:30,488.4500000000001,488.9,482.5,484.6,5799.0,3072.0,134,2812714.649999999
2026-07-01 14:03:43.636061862+05:30,484.4500000000001,484.5,476.9,478.2000000000001,5438.0,2678.0,134,2606547.95
2026-07-01 14:12:45.152489772+05:30,477.65,479.1,474.8,477.35,5750.0,3008.0,134,2747532.4500000007
2026-07-01 14:21:49.977516274+05:30,477.35,477.55,473.7000000000001,476.8,7355.0,3348.0,134,3501321.4999999995
2026-07-01 14:29:58.490971374+05:30,477.1,479.0,472.4,472.6,5025.0,1975.0,134,2391467.75
2026-07-01 14:38:15.653792776+05:30,472.85,479.3,471.9,478.9,5767.0,3462.0,134,2739809.75
2026-07-01 14:46:32.909491933+05:30,478.8,483.05,478.1,481.65,6919.0,3314.0,134,3324618.9
2026-07-01 14:52:48.295770912+05:30,481.55,481.85,478.05,478.05,5164.0,2270.0,134,2479594.8999999994
2026-07-01 14:59:18.072071178+05:30,478.6,480.9500000000001,474.7000000000001,476.4500000000001,5860.0,2912.0,134,2802856.9499999993
2026-07-01 15:04:48.763414973+05:30,476.35,479.55,473.6,474.65,5856.0,3099.0,134,2791872.2500000014
2026-07-01 15:09:32.556853480+05:30,475.3,481.55,475.3,477.6,5030.0,3258.0,134,2407625.6999999997
2026-07-01 15:14:45.031295049+05:30,477.8,483.25,477.6,482.9500000000001,5863.0,2675.0,134,2814294.5
2026-07-01 15:18:32.242900148+05:30,483.05,493.2000000000001,483.0,493.2000000000001,6108.0,3109.0,134,2978337.3000000017
2026-07-01 15:21:30.661679298+05:30,493.0,493.9,487.5,489.7000000000001,5848.0,2994.0,134,2865901.0000000014
2026-07-01 15:24:21.201642721+05:30,489.15,492.3,483.5,483.7000000000001,5419.0,2240.0,134,2643841.999999999
2026-07-01 15:26:16.116985310+05:30,483.2000000000001,486.15,482.5,485.9,6428.0,3863.0,134,3111793.899999999
2026-07-01 15:27:50.447503016+05:30,486.2000000000001,489.4,484.9500000000001,487.1,6140.0,3800.0,134,2994319.8000000007
2026-07-01 15:28:53.838804684+05:30,487.3,494.35,486.4500000000001,493.7000000000001,5779.0,3113.0,134,2827163.7500000005
2026-07-01 15:29:43.029047505+05:30,493.9,498.15,492.5,497.0,6070.0,3274.0,134,3007677.3000000007
2026-07-01 15:29:59.705518722+05:30,496.9,501.4500000000001,496.3,499.75,6686.0,3731.0,134,3333010.950000001
2026-07-02 09:15:04.558361268+05:30,500.2000000000001,503.8,498.35,499.0,6123.0,2735.0,134,3070096.4
2026-07-02 09:15:32.260955382+05:30,499.05,500.65,495.4500000000001,498.7000000000001,5222.0,3477.0,134,2602906.85
2026-07-02 09:16:14.977266605+05:30,498.9,501.75,497.15,500.8,6225.0,3795.0,134,3106153.9000000022
2026-07-02 09:17:12.638686724+05:30,501.05,501.75,494.1,494.4,5732.0,1766.0,134,2857283.2499999995
2026-07-02 09:18:42.634774651+05:30,494.85,495.65,491.65,492.4500000000001,6304.0,3920.0,134,3112310.250000001
2026-07-02 09:20:21.634569649+05:30,492.9,493.5,487.9500000000001,490.35,5895.0,2527.0,134,2893112.8
2026-07-02 09:22:29.838281653+05:30,490.3,493.55,486.6,493.25,5228.0,3249.0,134,2559773.5999999996
2026-07-02 09:25:36.386016768+05:30,493.15,499.6,491.7000000000001,498.4,7232.0,4860.0,134,3582130.75
2026-07-02 09:28:51.698680896+05:30,497.9500000000001,499.85,491.25,491.4,5012.0,2577.0,134,2481978.35
2026-07-02 09:32:06.181381323+05:30,490.9500000000001,490.9500000000001,484.85,487.35,5983.0,3622.0,134,2914787.2999999993
2026-07-02 09:36:28.822371001+05:30,487.55,489.5,480.9500000000001,481.1,6156.0,2312.0,134,2991116.3500000006
2026-07-02 09:40:58.826469208+05:30,481.2000000000001,484.5,480.25,480.6,6030.0,2912.0,134,2907304.1
2026-07-02 09:45:50.109906840+05:30,480.7000000000001,483.15,479.55,481.9500000000001,5796.0,2836.0,134,2789132.1
2026-07-02 09:51:00.713479410+05:30,482.25,482.5,474.65,474.75,6117.0,2413.0,134,2928324.75
2026-07-02 09:57:13.618352098+05:30,474.8,476.85,473.1,476.6,5673.0,3498.0,134,2694700.1000000015
2026-07-02 10:03:13.236436959+05:30,477.05,480.4500000000001,475.7000000000001,479.35,7403.0,3776.0,134,3538190.8499999996
2026-07-02 10:08:53.790127719+05:30,480.25,482.6,475.7000000000001,477.05,5652.0,2816.0,134,2707240.4999999995
2026-07-02 10:15:24.254190169+05:30,476.9500000000001,478.25,473.85,475.75,6415.0,3536.0,134,3056153.2499999986
2026-07-02 10:22:15.377343638+05:30,476.0,480.15,475.35,480.05,5739.0,2613.0,134,2744009.6000000006
2026-07-02 10:30:07.642052569+05:30,480.0,482.6,478.9500000000001,482.3,5139.0,2941.0,134,2470667.3499999996
2026-07-02 10:38:59.760714085+05:30,482.75,486.75,482.05,486.75,5614.0,2707.0,134,2719980.8499999996
2026-07-02 10:48:17.436874074+05:30,487.0,492.7000000000001,486.75,491.6,5567.0,3035.0,134,2727340.2000000025
2026-07-02 10:56:21.428532859+05:30,491.65,491.9,486.55,488.3,5682.0,2421.0,134,2781180.3000000003
2026-07-02 11:05:04.593758481+05:30,488.6,490.1,484.65,485.85,4833.0,2391.0,134,2355358.3999999994
2026-07-02 11:13:34.092814893+05:30,485.9,486.25,476.65,477.5,8942.0,4124.0,134,4309358.899999999
2026-07-02 11:23:01.458783831+05:30,477.15,480.35,476.2000000000001,480.15,6959.0,4507.0,134,3331463.5500000017
2026-07-02 11:33:48.289957126+05:30,480.3,487.9500000000001,480.3,482.75,5564.0,2581.0,134,2693873.6999999997
2026-07-02 11:44:09.059058483+05:30,482.2000000000001,483.55,480.1,482.15,4556.0,2366.0,134,2196267.149999999
2026-07-02 11:53:39.281064866+05:30,482.35,483.2000000000001,473.5,474.05,6941.0,4068.0,134,3320679.3000000003
2026-07-02 12:03:39.088598788+05:30,474.6,476.05,472.0,472.0,6691.0,3053.0,134,3172418.1
2026-07-02 12:13:50.445515771+05:30,472.35,481.4500000000001,471.7000000000001,480.6,5692.0,3852.0,134,2711242.9499999997
2026-07-02 12:23:15.744872932+05:30,480.25,486.55,478.4500000000001,486.0,6051.0,3504.0,134,2915936.5999999996
2026-07-02 12:33:52.668637742+05:30,486.0,492.15,485.55,490.3,4887.0,2116.0,134,2388388.4500000007
2026-07-02 12:43:48.112841642+05:30,490.6,494.9500000000001,489.75,494.2000000000001,5303.0,2512.0,134,2611785.5
2026-07-02 12:53:48.469140085+05:30,494.1,494.65,488.1,490.7000000000001,4350.0,1884.0,134,2135656.0
2026-07-02 13:03:39.328575193+05:30,490.9500000000001,492.15,483.4500000000001,483.5,5614.0,2988.0,134,2744044.95
2026-07-02 13:11:28.617645968+05:30,484.25,484.4500000000001,479.9500000000001,484.4,4861.0,2200.0,134,2345774.6499999994
2026-07-02 13:19:41.884777236+05:30,484.65,484.75,480.4500000000001,480.4500000000001,5715.0,1981.0,134,2758275.6500000004
2026-07-02 13:28:09.473340946+05:30,480.15,483.15,478.4,482.85,6134.0,3192.0,134,2950831.25
2026-07-02 13:36:23.591527447+05:30,482.55,483.15,475.0,475.75,5921.0,2528.0,134,2836252.5000000005
2026-07-02 13:45:02.898135221+05:30,475.7000000000001,477.25,473.05,477.0,4781.0,2978.0,134,2272806.750000001
2026-07-02 13:52:24.341397321+05:30,477.0,481.7000000000001,476.8,478.8,5155.0,3286.0,134,2472639.2500000014
2026-07-02 14:00:44.911347328+05:30,478.55,480.5,474.6,475.7000000000001,6344.0,2854.0,134,3026943.899999999
2026-07-02 14:09:35.628911978+05:30,475.9,478.55,472.65,474.9500000000001,6541.0,3175.0,134,3109891.4
2026-07-02 14:17:36.996231009+05:30,474.85,479.7000000000001,472.55,475.25,5858.0,3392.0,134,2793655.4499999997
2026-07-02 14:25:36.718910688+05:30,474.9500000000001,475.65,471.1,471.5,6319.0,2825.0,134,2991981.85
2026-07-02 14:32:11.077602063+05:30,472.1,472.2000000000001,465.7000000000001,465.9500000000001,6003.0,2831.0,134,2816211.5999999987
2026-07-02 14:38:43.016285121+05:30,465.9500000000001,466.4500000000001,461.85,462.3,4545.0,2089.0,134,2111719.6
2026-07-02 14:46:02.801318925+05:30,462.65,472.0,462.3,471.7000000000001,5268.0,2782.0,134,2461264.650000001
2026-07-02 14:52:32.377475846+05:30,471.8,474.7000000000001,469.8,474.1,5675.0,2568.0,134,2680246.750000001
2026-07-02 14:57:31.340005118+05:30,474.5,475.05,471.3,471.7000000000001,6482.0,2387.0,134,3069507.1500000022
2026-07-02 15:02:23.965433138+05:30,471.55,475.1,467.5,473.9,5439.0,2493.0,134,2564852.9499999993
2026-07-02 15:06:43.347289520+05:30,474.55,479.3,470.9500000000001,475.05,5913.0,2543.0,134,2806702.349999999
2026-07-02 15:11:11.021707132+05:30,475.15,477.0,472.2000000000001,472.4,7421.0,2503.0,134,3520066.8999999994
2026-07-02 15:15:05.306655471+05:30,472.4,473.3,468.75,470.65,5532.0,2693.0,134,2607861.7
2026-07-02 15:18:26.226811623+05:30,470.5,473.75,467.5,471.8,6919.0,2222.0,134,3257931.650000001
2026-07-02 15:21:27.350149096+05:30,471.75,476.75,470.15,476.65,6767.0,4103.0,134,3201890.2
2026-07-02 15:23:57.126079624+05:30,476.05,476.7000000000001,471.8,475.0,5048.0,2670.0,134,2396467.2499999995
2026-07-02 15:26:07.265472149+05:30,474.9,479.9500000000001,473.3,477.35,5642.0,2349.0,134,2688481.0500000007
2026-07-02 15:27:40.536231713+05:30,477.25,480.0,473.3,473.3,7156.0,3347.0,134,3411646.8000000017
2026-07-02 15:28:48.216759087+05:30,472.75,472.85,465.4500000000001,466.05,6085.0,2189.0,134,2851017.4999999995
2026-07-02 15:29:36.007771461+05:30,465.85,473.55,465.6,472.9,6338.0,2683.0,134,2979391.8999999994
2026-07-02 15:29:56.896170807+05:30,473.2000000000001,477.35,472.9500000000001,474.3,7122.0,3530.0,134,3386593.3000000007
2026-07-03 09:15:02.246180812+05:30,474.1,476.35,470.25,473.4500000000001,7119.0,3545.0,134,3362709.5999999996
2026-07-03 09:15:39.317133186+05:30,472.9,473.05,467.8,468.4500000000001,6884.0,3723.0,134,3236689.599999999
2026-07-03 09:17:06.101824993+05:30,468.5,471.0,466.05,470.2000000000001,5769.0,2925.0,134,2703503.1499999994
2026-07-03 09:19:40.391191051+05:30,470.0,470.7000000000001,464.4,466.25,5292.0,2064.0,134,2474284.2
2026-07-03 09:23:25.863014975+05:30,466.6,477.1,466.0,477.1,5033.0,3366.0,134,2376586.25
2026-07-03 09:28:55.050701606+05:30,477.0,483.25,474.4500000000001,483.05,7558.0,4301.0,134,3615916.6
2026-07-03 09:34:39.130027142+05:30,482.15,484.0,479.75,481.65,5768.0,3289.0,134,2780995.3
2026-07-03 09:42:24.304026467+05:30,481.35,482.8,475.8,477.3,6039.0,2588.0,134,2891917.399999999
2026-07-03 09:51:24.905298614+05:30,476.9,478.0,470.3,473.25,6532.0,2763.0,134,3099077.6499999985
2026-07-03 10:01:07.573854627+05:30,473.0,482.6,473.0,482.55,7537.0,4670.0,134,3597370.899999999
2026-07-03 10:12:07.123956586+05:30,482.75,484.2000000000001,481.9,482.85,5719.0,2985.0,134,2761738.200000001
2026-07-03 10:22:12.553972495+05:30,482.7000000000001,484.05,479.3,483.9500000000001,7252.0,3601.0,134,3493002.799999999
2026-07-03 10:37:28.294256644+05:30,484.3,488.0,482.0,487.1,6278.0,3374.0,134,3041864.1
2026-07-03 10:52:21.407618892+05:30,487.2000000000001,492.75,487.0,487.9500000000001,4915.0,2427.0,134,2406475.6499999994
2026-07-03 11:08:36.767560253+05:30,487.4500000000001,487.4500000000001,481.6,486.8,5299.0,2130.0,134,2566716.6000000006
2026-07-03 11:22:51.876329065+05:30,487.05,492.25,486.8,486.85,6785.0,3580.0,134,3318103.6499999994
2026-07-03 11:37:19.819860215+05:30,486.65,486.65,477.9,477.9,6671.0,2595.0,134,3217232.5000000005
2026-07-03 11:53:42.345580431+05:30,478.25,481.0,476.4,478.9500000000001,6717.0,4071.0,134,3216172.099999999
2026-07-03 12:10:32.501385242+05:30,478.7000000000001,478.8,473.7000000000001,477.0,5454.0,3028.0,134,2599624.399999999
2026-07-03 12:29:00.183799908+05:30,476.85,480.2000000000001,476.4500000000001,476.4500000000001,5089.0,2409.0,134,2433560.1
2026-07-03 12:48:20.077365516+05:30,476.4500000000001,479.4500000000001,474.65,479.15,6227.0,2723.0,134,2970523.249999998
2026-07-03 13:04:45.744934808+05:30,478.75,480.5,475.85,479.4500000000001,6109.0,2347.0,134,2922324.8500000006
2026-07-03 13:20:51.637769591+05:30,479.4,485.3,478.9500000000001,484.4,5050.0,2758.0,134,2434161.5500000007
2026-07-03 13:35:57.182386314+05:30,484.5,489.25,484.25,485.05,5368.0,2656.0,134,2611633.1499999994
2026-07-03 13:50:33.414943404+05:30,485.0,491.1,484.8,485.1,5758.0,2249.0,134,2809798.1000000006
2026-07-03 14:02:52.403966771+05:30,485.05,485.85,480.2000000000001,480.75,6293.0,2886.0,134,3038170.9
2026-07-03 14:15:10.372807860+05:30,479.85,481.4,476.05,480.55,5926.0,2997.0,134,2833881.7
2026-07-03 14:28:55.510027354+05:30,480.7000000000001,484.35,477.35,484.1,4730.0,2408.0,134,2273267.1999999997
2026-07-03 14:39:53.074580475+05:30,484.3,486.4,478.4500000000001,478.7000000000001,6501.0,2331.0,134,3129474.9499999993
2026-07-03 14:49:38.930791270+05:30,478.55,482.9500000000001,477.85,478.15,5813.0,2916.0,134,2789507.0999999996
2026-07-03 14:59:31.222357475+05:30,478.1,479.25,471.7000000000001,471.7000000000001,5317.0,2363.0,134,2531696.2500000005
2026-07-03 15:07:51.866749137+05:30,471.8,472.15,468.1,469.3,5373.0,2587.0,134,2524174.8000000007
2026-07-03 15:13:48.681709731+05:30,469.3,471.1,466.65,469.75,5546.0,2154.0,134,2604907.5999999987
2026-07-03 15:19:05.178388715+05:30,469.6,470.05,462.55,462.75,6340.0,2280.0,134,2957771.850000001
2026-07-03 15:23:57.740651360+05:30,463.0,465.05,460.35,461.2000000000001,6295.0,3832.0,134,2913303.8000000007
2026-07-03 15:27:15.658897354+05:30,461.1,462.75,454.35,454.9,6795.0,3187.0,134,3118605.500000001
2026-07-03 15:29:10.951919708+05:30,455.0,459.8,452.85,457.35,5543.0,3090.0,134,2529833.1999999997
2026-07-03 15:29:58.731268591+05:30,457.5,459.65,455.1,457.65,6343.0,2699.0,134,2906066.8500000006
2026-07-06 09:15:04.177586408+05:30,457.6,461.15,454.4,454.75,6489.0,3271.0,134,2976113.2999999993
2026-07-06 09:15:37.276743761+05:30,455.1,457.5,453.8,454.7000000000001,5635.0,2696.0,134,2566716.9
2026-07-06 09:16:49.949900220+05:30,454.8,459.5,454.35,456.85,6189.0,3041.0,134,2826475.85
2026-07-06 09:18:59.994023800+05:30,456.85,460.4500000000001,455.15,455.35,7120.0,3058.0,134,3257146.1000000015
2026-07-06 09:21:47.351853267+05:30,455.4,457.05,453.8,455.0,4567.0,1912.0,134,2078102.1000000008
2026-07-06 09:25:10.067255282+05:30,454.55,457.75,454.25,456.5,5273.0,2773.0,134,2401515.7999999993
2026-07-06 09:29:35.787175066+05:30,456.4500000000001,460.75,456.05,460.75,5208.0,2723.0,134,2384557.3000000003
2026-07-06 09:35:10.143673161+05:30,460.7000000000001,463.7000000000001,459.8,460.1,6412.0,3204.0,134,2960303.600000001
2026-07-06 09:40:55.302692379+05:30,460.2000000000001,465.4,460.2000000000001,464.0,7006.0,3418.0,134,3246363.7499999986
2026-07-06 09:47:50.911512691+05:30,464.2000000000001,467.1,462.4,462.6,5024.0,2424.0,134,2332982.4000000004
2026-07-06 09:55:36.453353436+05:30,463.85,466.5,459.1,459.1,5594.0,2384.0,134,2590869.7499999986
2026-07-06 10:04:27.914722951+05:30,458.9,464.5,458.9,463.35,7718.0,4011.0,134,3561631.0000000014
2026-07-06 10:13:20.272703333+05:30,462.75,470.2000000000001,461.55,466.75,5539.0,3464.0,134,2584697.9499999997
2026-07-06 10:22:17.661672103+05:30,466.85,471.2000000000001,466.25,466.9500000000001,6345.0,3358.0,134,2972951.4
2026-07-06 10:31:23.065847728+05:30,466.9500000000001,470.4,465.6,468.75,6285.0,2695.0,134,2944169.9000000013
2026-07-06 10:41:56.749412647+05:30,469.85,470.2000000000001,460.5,462.15,6201.0,2719.0,134,2875822.2999999993
2026-07-06 10:53:07.221932177+05:30,461.65,462.4500000000001,457.15,458.25,6434.0,2410.0,134,2954010.450000001
2026-07-06 11:05:47.766818697+05:30,458.55,459.2000000000001,452.0,452.9,4912.0,2660.0,134,2235026.6999999993
2026-07-06 11:19:00.463988449+05:30,452.75,453.75,446.25,448.9,6444.0,2227.0,134,2896276.2500000005
2026-07-06 11:31:49.043571037+05:30,449.0,453.85,448.85,452.55,7300.0,3176.0,134,3296417.549999999
2026-07-06 11:44:09.032057207+05:30,451.9500000000001,454.85,449.3,450.8,6786.0,3560.0,134,3071433.9499999993
2026-07-06 11:58:01.777068995+05:30,451.5,454.55,449.35,454.55,4737.0,3310.0,134,2141578.6
2026-07-06 12:11:23.103086031+05:30,454.6,457.5,453.7000000000001,456.6,6676.0,2766.0,134,3040208.4500000007
2026-07-06 12:21:33.177824658+05:30,456.75,457.2000000000001,450.8,454.6,7340.0,4357.0,134,3330109.6999999983
2026-07-06 12:35:33.030782288+05:30,454.9500000000001,459.85,452.85,458.35,5581.0,2975.0,134,2548957.6000000006
2026-07-06 12:51:47.536332384+05:30,458.55,460.4,454.9500000000001,457.7000000000001,6197.0,2602.0,134,2836130.099999998
2026-07-06 13:04:37.951964767+05:30,457.6,461.4500000000001,453.2000000000001,455.65,6594.0,3156.0,134,3018253.499999999
2026-07-06 13:18:32.337330999+05:30,455.2000000000001,456.6,448.5,449.0,7160.0,2527.0,134,3244270.45
2026-07-06 13:30:01.483515982+05:30,449.35,452.15,446.75,451.9500000000001,6064.0,2958.0,134,2726125.5
2026-07-06 13:43:04.595469825+05:30,452.05,460.2000000000001,451.8,459.25,6560.0,3201.0,134,2993443.600000002
2026-07-06 13:54:30.787920051+05:30,459.0,463.2000000000001,457.1,462.7000000000001,6374.0,3298.0,134,2932795.05
2026-07-06 14:05:12.455375294+05:30,462.4500000000001,462.8,456.4500000000001,456.9500000000001,7000.0,3931.0,134,3216919.0500000007
2026-07-06 14:15:45.460201315+05:30,457.15,457.4500000000001,453.9500000000001,453.9500000000001,7595.0,3141.0,134,3462228.399999999
2026-07-06 14:25:53.511125093+05:30,453.7000000000001,456.4500000000001,451.15,452.75,6007.0,3168.0,134,2727649.7499999986
2026-07-06 14:34:39.656537083+05:30,452.75,459.65,452.7000000000001,459.65,5202.0,3597.0,134,2381468.0499999993
2026-07-06 14:45:16.092957513+05:30,459.6,460.9,454.85,456.35,6279.0,3245.0,134,2875943.9
2026-07-06 14:54:04.717150987+05:30,456.05,457.1,453.25,454.1,6137.0,2240.0,134,2793454.8000000007
2026-07-06 15:00:59.340890346+05:30,454.6,457.05,451.9500000000001,456.9,5953.0,3139.0,134,2704316.7999999993
2026-07-06 15:07:27.597692715+05:30,456.9500000000001,460.6,455.65,459.4,4688.0,2486.0,134,2148257.3
2026-07-06 15:12:56.889901483+05:30,459.4500000000001,460.15,450.25,450.3,5234.0,2631.0,134,2389487.6000000006
2026-07-06 15:17:54.004034753+05:30,451.2000000000001,453.85,450.25,451.75,5216.0,2041.0,134,2356267.4000000013
2026-07-06 15:21:48.322599032+05:30,451.9500000000001,453.5,449.6,451.3,5987.0,3198.0,134,2701246.200000001
2026-07-06 15:24:39.545207499+05:30,450.75,451.4,447.9500000000001,451.3,5901.0,2951.0,134,2651830.7
2026-07-06 15:27:06.914355225+05:30,451.2000000000001,451.2000000000001,447.15,449.4,5881.0,2620.0,134,2641096.25
2026-07-06 15:28:45.085122281+05:30,449.7000000000001,450.2000000000001,445.15,445.5,6090.0,3071.0,134,2725652.2500000005
2026-07-06 15:29:39.088720716+05:30,445.5,447.55,443.5,444.75,5520.0,2821.0,134,2461368.9999999995
2026-07-06 15:29:59.556396335+05:30,444.9500000000001,447.65,443.4,443.4,5226.0,2131.0,134,2327252.4500000007
2026-07-07 09:15:04.460038418+05:30,443.4,444.55,441.15,443.1,6149.0,3825.0,134,2723849.0000000005
2026-07-07 09:15:21.313494712+05:30,443.65,444.1,439.4500000000001,439.75,5469.0,2640.0,134,2415089.2500000005
2026-07-07 09:15:59.799538311+05:30,439.7000000000001,445.85,439.55,445.8,5661.0,3439.0,134,2502185.5499999993
2026-07-07 09:16:56.260755633+05:30,445.7000000000001,447.5,441.4500000000001,442.85,5475.0,2317.0,134,2437260.6499999994
2026-07-07 09:18:24.796726422+05:30,443.4500000000001,446.2000000000001,441.35,444.5,6513.0,3544.0,134,2891833.999999999
2026-07-07 09:20:24.064111141+05:30,444.4,444.75,441.3,442.1,6746.0,3326.0,134,2985689.4
2026-07-07 09:22:21.005986905+05:30,441.25,449.55,441.25,449.55,5906.0,3322.0,134,2639587.1499999994
2026-07-07 09:25:23.508085837+05:30,449.15,449.15,441.8,441.8,5632.0,2421.0,134,2513946.0500000003
2026-07-07 09:28:34.712963983+05:30,441.4500000000001,443.35,438.75,443.35,6062.0,2771.0,134,2671040.6000000006
2026-07-07 09:32:23.514580789+05:30,443.2000000000001,449.4,442.9500000000001,448.0,5498.0,3328.0,134,2457158.2999999993
2026-07-07 09:36:55.967869757+05:30,448.25,448.6,440.85,440.85,5125.0,2179.0,134,2282994.2000000007
2026-07-07 09:41:15.644829331+05:30,440.9,440.9,434.8,435.35,5944.0,2614.0,134,2597336.9
2026-07-07 09:45:50.414815552+05:30,435.85,439.35,435.55,439.15,6401.0,3903.0,134,2800594.9499999997
2026-07-07 09:50:22.032258269+05:30,439.0,439.0,432.3,433.35,5613.0,1705.0,134,2439272.6499999994
2026-07-07 09:56:28.559793801+05:30,433.9,435.65,429.05,429.15,6702.0,3250.0,134,2897983.999999999
2026-07-07 10:02:36.018496927+05:30,429.2000000000001,431.65,424.9,424.9,6224.0,2056.0,134,2665374.0500000003
2026-07-07 10:08:13.732424916+05:30,425.05,436.3,425.0,434.65,6351.0,3812.0,134,2731736.9000000004
2026-07-07 10:15:07.100445442+05:30,435.15,441.4500000000001,435.15,441.2000000000001,5815.0,3190.0,134,2554241.5499999993
2026-07-07 10:21:28.177100671+05:30,441.4,446.5,438.8,446.5,5594.0,3526.0,134,2475445.1000000006
2026-07-07 10:29:41.070092427+05:30,446.5,446.8,440.6,440.8,6312.0,2528.0,134,2805859.9000000004
2026-07-07 10:37:26.852674314+05:30,440.9,442.7000000000001,438.15,439.2000000000001,6764.0,3517.0,134,2980563.15
2026-07-07 10:46:56.183586002+05:30,439.15,445.35,438.65,441.9,5657.0,3126.0,134,2502062.35
2026-07-07 10:54:24.942752362+05:30,441.85,449.1,441.85,447.7000000000001,5535.0,2145.0,134,2467537.35
2026-07-07 11:04:53.544371587+05:30,447.0,452.35,446.8,449.1,6187.0,3502.0,134,2777170.15
2026-07-07 11:13:49.838321158+05:30,449.2000000000001,449.5,446.7000000000001,448.35,5821.0,3080.0,134,2609012.3000000003
2026-07-07 11:23:53.921711260+05:30,448.35,448.35,443.35,444.4500000000001,7066.0,3353.0,134,3143817.7500000014
2026-07-07 11:33:14.336482663+05:30,444.2000000000001,444.2000000000001,437.5,440.7000000000001,7311.0,3502.0,134,3217274.300000001
2026-07-07 11:43:41.350391635+05:30,440.75,444.9,439.85,441.9,6064.0,3598.0,134,2685837.1999999993
2026-07-07 11:55:35.546672715+05:30,442.0,442.7000000000001,435.5,438.5,5644.0,2423.0,134,2478636.2500000005
2026-07-07 12:05:11.505680036+05:30,438.3,440.25,436.65,438.65,6163.0,3148.0,134,2702458.8000000003
2026-07-07 12:15:12.411307879+05:30,438.4,440.9500000000001,437.65,439.4,5952.0,3040.0,134,2614579.3499999996
2026-07-07 12:26:52.132408686+05:30,439.05,439.05,432.8,434.4,4720.0,2360.0,134,2059061.4000000001
2026-07-07 12:36:30.633649724+05:30,434.7000000000001,435.3,429.0,430.35,4964.0,1785.0,134,2146715.65
2026-07-07 12:47:38.242310584+05:30,430.2000000000001,430.65,425.6,427.35,5509.0,3204.0,134,2357678.8500000006
2026-07-07 12:56:52.516415421+05:30,427.6,430.25,427.1,428.4500000000001,6868.0,2937.0,134,2942702.099999999
2026-07-07 13:06:44.078712904+05:30,428.6,437.1,428.05,436.4,5931.0,4041.0,134,2564605.9999999995
2026-07-07 13:15:27.971246277+05:30,436.4500000000001,439.6,434.0,435.1,5450.0,2854.0,134,2379887.149999999
2026-07-07 13:24:56.501419625+05:30,435.35,435.7000000000001,430.1,431.1,6918.0,2755.0,134,2991984.6499999994
2026-07-07 13:34:02.564891732+05:30,431.35,435.55,429.8,433.85,5431.0,2609.0,134,2348438.55
2026-07-07 13:42:19.859951669+05:30,433.65,438.35,433.25,436.8,7880.0,4597.0,134,3437543.0999999996
2026-07-07 13:49:37.320612789+05:30,436.55,436.6,431.6,435.85,7274.0,2808.0,134,3159818.5000000005
2026-07-07 13:59:03.814579791+05:30,436.2000000000001,436.8,432.5,436.1,5672.0,2863.0,134,2462883.65
2026-07-07 14:07:19.679010431+05:30,436.0,440.25,435.6,436.6,5721.0,2659.0,134,2505855.999999999
2026-07-07 14:15:14.756409196+05:30,436.7000000000001,440.0,434.75,434.9500000000001,5545.0,2597.0,134,2424422.2
2026-07-07 14:21:56.162373809+05:30,434.85,441.1,433.1,441.1,8414.0,4391.0,134,3660890.5500000007
2026-07-07 14:28:23.676948952+05:30,441.25,441.35,437.75,439.9,6852.0,3538.0,134,3010921.4999999995
2026-07-07 14:35:23.760971008+05:30,440.5,445.35,440.4500000000001,441.55,5588.0,3081.0,134,2473110.950000001
2026-07-07 14:42:05.209579401+05:30,441.85,442.4,432.85,433.4,5799.0,3718.0,134,2533490.700000001
2026-07-07 14:47:53.319809016+05:30,433.2000000000001,433.8,428.9,429.4500000000001,5046.0,2290.0,134,2173089.5000000005
2026-07-07 14:53:14.844792353+05:30,429.6,434.3,428.9500000000001,433.2000000000001,5837.0,3186.0,134,2520719.9500000007
2026-07-07 14:58:01.224093372+05:30,433.2000000000001,434.5,428.15,434.5,6123.0,3741.0,134,2639493.200000001
2026-07-07 15:03:45.850283120+05:30,434.8,435.1,428.85,430.05,5390.0,2169.0,134,2326056.1999999993
2026-07-07 15:08:34.213516190+05:30,430.05,431.35,428.5,429.15,7015.0,3985.0,134,3016179.3000000003
2026-07-07 15:12:15.879602290+05:30,428.6,431.0,427.85,428.35,7086.0,3077.0,134,3042062.1999999997
2026-07-07 15:15:26.445819393+05:30,428.1,432.55,427.15,427.15,4611.0,2082.0,134,1983877.9500000002
2026-07-07 15:18:35.885913741+05:30,427.15,430.7000000000001,426.1,430.7000000000001,7005.0,3700.0,134,3000378.95
2026-07-07 15:20:59.547959982+05:30,430.7000000000001,433.2000000000001,429.1,432.9,6015.0,3275.0,134,2596032.5999999996
2026-07-07 15:23:39.636799157+05:30,433.05,433.55,429.4500000000001,430.25,6435.0,3334.0,134,2774854.4499999997
2026-07-07 15:25:32.750037648+05:30,429.9500000000001,431.9,427.7000000000001,427.7000000000001,6180.0,2837.0,134,2657038.3500000006
2026-07-07 15:27:12.382893420+05:30,427.4500000000001,430.3,425.9,426.9500000000001,6858.0,3516.0,134,2935543.55
2026-07-07 15:28:31.903041959+05:30,426.85,430.5,426.0,426.15,4409.0,2174.0,134,1886764.45
2026-07-07 15:29:18.672470748+05:30,425.4500000000001,425.7000000000001,419.55,420.5,6003.0,2911.0,134,2535515.05
2026-07-07 15:29:45.385178256+05:30,420.85,422.4,418.7000000000001,420.9,5686.0,3407.0,134,2392122.8
2026-07-07 15:29:58.982720240+05:30,420.9,421.85,418.9,420.3,7182.0,2364.0,134,3019691.350000001
2026-07-08 09:15:03.033625658+05:30,420.35,425.75,418.35,424.3,5962.0,3012.0,134,2515006.450000001
2026-07-08 09:15:20.576906069+05:30,423.65,427.65,422.75,424.4,5428.0,2571.0,134,2308888.6999999993
2026-07-08 09:15:56.420298159+05:30,424.5,427.4,423.9500000000001,426.4,6949.0,2907.0,134,2959842.4499999997
2026-07-08 09:16:52.719205367+05:30,426.15,428.05,425.0,426.9,6248.0,2862.0,134,2665734.6
2026-07-08 09:18:31.930108173+05:30,426.4500000000001,430.25,426.1,429.25,5756.0,3003.0,134,2461723.05
2026-07-08 09:20:14.746678798+05:30,429.5,430.4,426.85,428.4,6059.0,2571.0,134,2596448.6999999997
2026-07-08 09:22:42.979528317+05:30,428.4500000000001,432.5,427.6,431.5,5769.0,3491.0,134,2484567.35
2026-07-08 09:25:36.101493426+05:30,431.25,431.6,423.15,424.2000000000001,6452.0,2516.0,134,2753348.3499999996
2026-07-08 09:28:27.728948738+05:30,424.25,426.0,419.0,419.1,6423.0,2954.0,134,2717684.8
2026-07-08 09:32:27.179047244+05:30,419.4,421.4500000000001,417.35,420.9,5808.0,3164.0,134,2435699.0500000003
2026-07-08 09:36:02.161497113+05:30,420.65,422.4500000000001,418.8,418.8,5559.0,2577.0,134,2338424.4499999997
2026-07-08 09:41:17.859903242+05:30,418.8,421.1,415.05,416.25,5936.0,2873.0,134,2482164.45
2026-07-08 09:46:28.149023426+05:30,416.55,420.8,415.75,420.8,5904.0,3842.0,134,2470322.7000000007
2026-07-08 09:51:54.152143655+05:30,420.85,423.9500000000001,418.55,422.15,5373.0,3491.0,134,2265034.2499999995
2026-07-08 09:58:05.090051136+05:30,422.3,423.8,420.2000000000001,421.9500000000001,6096.0,2417.0,134,2573085.8999999985
2026-07-08 10:05:06.107100853+05:30,422.5,425.9,421.9500000000001,422.65,7595.0,4343.0,134,3218500.8000000026
2026-07-08 10:11:49.250326653+05:30,422.0,423.8,416.5,423.8,7465.0,4024.0,134,3138663.45
2026-07-08 10:19:26.597536528+05:30,423.55,426.3,421.6,424.9500000000001,6949.0,3404.0,134,2944621.650000001
2026-07-08 10:27:17.197503538+05:30,425.15,430.4,424.55,428.9500000000001,6169.0,2847.0,134,2632258.7
2026-07-08 10:35:46.485985129+05:30,428.8,435.1,428.7000000000001,434.35,9065.0,3476.0,134,3910368.4000000004
2026-07-08 10:45:07.731114215+05:30,434.15,435.9,432.2000000000001,434.05,4636.0,2252.0,134,2011745.9499999997
2026-07-08 10:53:57.687184293+05:30,434.0,438.5,433.35,437.35,7708.0,2806.0,134,3358180.6500000004
2026-07-08 11:03:11.877446471+05:30,436.9500000000001,438.55,430.2000000000001,431.0,5564.0,2792.0,134,2413913.8500000006
2026-07-08 11:12:01.084910344+05:30,431.2000000000001,435.8,430.65,435.8,6791.0,3683.0,134,2936664.3
2026-07-08 11:22:08.922642108+05:30,435.85,436.65,433.8,434.4500000000001,7136.0,3098.0,134,3106346.4999999995
2026-07-08 11:31:48.407278269+05:30,434.2000000000001,436.8,433.0,433.9,6204.0,3229.0,134,2697165.8
2026-07-08 11:41:32.999444998+05:30,434.25,436.85,431.55,436.1,5950.0,2965.0,134,2579425.9000000013
2026-07-08 11:52:57.350055614+05:30,435.9500000000001,437.25,433.55,435.85,6803.0,2827.0,134,2963401.500000001
2026-07-08 12:02:38.874236865+05:30,436.4500000000001,445.8,435.15,445.15,5836.0,3264.0,134,2576458.3499999996
2026-07-08 12:11:13.816225515+05:30,444.9500000000001,447.7000000000001,444.0,445.65,4114.0,2166.0,134,1833752.2
2026-07-08 12:21:03.199368357+05:30,445.4500000000001,448.1,444.75,448.1,6672.0,3102.0,134,2979485.3500000006
2026-07-08 12:32:14.165293141+05:30,448.15,448.75,443.25,443.9500000000001,5901.0,2333.0,134,2632027.1499999994
2026-07-08 12:42:11.469448301+05:30,443.6,445.4500000000001,437.5,441.9500000000001,7251.0,3216.0,134,3200858.05
2026-07-08 12:51:29.660988740+05:30,442.05,447.85,442.0,446.4500000000001,6059.0,3359.0,134,2696702.3
2026-07-08 13:00:01.762778023+05:30,446.6,449.15,444.5,444.8,4650.0,2324.0,134,2080379.5999999999
2026-07-08 13:10:08.779319514+05:30,445.2000000000001,448.2000000000001,443.05,443.5,4807.0,2436.0,134,2141706.55
2026-07-08 13:18:55.409258063+05:30,443.55,446.3,443.15,445.3,5653.0,3143.0,134,2511960.700000001
2026-07-08 13:29:30.453155765+05:30,445.4,446.05,439.9,440.0,6368.0,2994.0,134,2821187.4500000007
2026-07-08 13:38:53.048831660+05:30,439.65,442.4500000000001,439.15,439.55,6952.0,2487.0,134,3060943.6
2026-07-08 13:47:22.882169414+05:30,439.3,443.55,436.0,442.75,6713.0,3408.0,134,2952710.950000001
2026-07-08 13:55:23.988551046+05:30,442.85,446.05,439.7000000000001,440.35,6504.0,1840.0,134,2882891.5500000003
2026-07-08 14:04:16.345818325+05:30,439.6,445.5,439.5,441.85,5093.0,2517.0,134,2252861.5
2026-07-08 14:11:32.519191820+05:30,441.9500000000001,443.0,438.85,442.9500000000001,7008.0,3986.0,134,3088820.6
2026-07-08 14:19:55.302208052+05:30,443.0,445.25,442.2000000000001,444.65,5411.0,2425.0,134,2401887.6
2026-07-08 14:26:10.067605597+05:30,445.0,449.35,441.4,449.35,5349.0,2705.0,134,2382041.7500000005
2026-07-08 14:33:00.886235286+05:30,449.1,451.3,445.25,446.5,5818.0,2385.0,134,2608670.8500000006
2026-07-08 14:40:12.824120709+05:30,446.85,448.55,444.55,445.2000000000001,6194.0,2403.0,134,2764998.4499999997
2026-07-08 14:46:03.177520784+05:30,445.15,445.6,434.4500000000001,435.8,5648.0,2733.0,134,2477747.900000001
2026-07-08 14:52:08.765567200+05:30,435.6,439.05,434.4,436.35,7856.0,5440.0,134,3432496.7000000007
2026-07-08 14:57:20.140469672+05:30,436.05,440.6,435.4,439.7000000000001,5494.0,2732.0,134,2408408.4000000004
2026-07-08 15:02:31.213941270+05:30,439.35,441.55,437.3,437.7000000000001,5572.0,2530.0,134,2446705.3999999994
2026-07-08 15:07:09.461549741+05:30,437.7000000000001,438.75,433.4500000000001,433.85,6532.0,2940.0,134,2847675.400000002
2026-07-08 15:11:12.140578355+05:30,434.15,439.1,433.05,435.25,5887.0,3457.0,134,2572051.1500000004
2026-07-08 15:14:39.865802837+05:30,434.85,435.8,430.5,433.75,5090.0,2367.0,134,2206810.3000000007
2026-07-08 15:18:00.998273310+05:30,433.6,437.9500000000001,431.3,434.65,5177.0,2564.0,134,2253082.3
2026-07-08 15:20:32.594445206+05:30,434.65,435.15,426.5,430.05,5621.0,2198.0,134,2417585.45
2026-07-08 15:23:39.143199733+05:30,430.4500000000001,432.8,430.05,432.6,5265.0,2721.0,134,2271684.350000001
2026-07-08 15:25:45.995878383+05:30,432.75,435.9,431.7000000000001,431.85,6047.0,2873.0,134,2621632.8000000003
2026-07-08 15:27:21.262774281+05:30,431.7000000000001,433.05,424.65,425.05,5850.0,2471.0,134,2507946.4000000004
2026-07-08 15:28:33.855786622+05:30,425.2000000000001,426.15,420.85,421.05,5481.0,3008.0,134,2321520.850000001
2026-07-08 15:29:21.364067247+05:30,421.25,423.2000000000001,418.0,422.65,5340.0,3394.0,134,2244887.8500000006
2026-07-08 15:29:49.223330846+05:30,422.9,426.4,421.7000000000001,424.85,6474.0,3455.0,134,2747438.85
2026-07-08 15:29:59.674526371+05:30,424.9,426.65,418.6,419.4,6190.0,2971.0,134,2621385.4500000007
2026-07-09 09:15:03.006450706+05:30,418.7000000000001,423.85,417.6,423.0,6799.0,3833.0,134,2863284.8
2026-07-09 09:15:20.099727072+05:30,423.4500000000001,425.4,421.6,423.35,5708.0,2903.0,134,2417955.7000000007
2026-07-09 09:15:56.345908225+05:30,422.9,425.0,421.4500000000001,424.1,6233.0,3474.0,134,2639401.35
2026-07-09 09:16:49.197052417+05:30,423.6,429.4,422.1,428.4500000000001,5227.0,2449.0,134,2219764.6999999997
2026-07-09 09:18:20.327855894+05:30,428.4500000000001,432.8,426.9500000000001,428.9500000000001,4988.0,2324.0,134,2144922.5000000005
2026-07-09 09:20:08.007328076+05:30,429.15,432.55,428.8,428.8,6875.0,3916.0,134,2960275.7999999993
2026-07-09 09:22:05.429014317+05:30,428.9500000000001,433.65,428.35,433.3,6601.0,2588.0,134,2846382.999999999
2026-07-09 09:25:22.304525094+05:30,433.4500000000001,436.15,432.1,434.15,8224.0,4202.0,134,3566562.2499999986
2026-07-09 09:28:23.568903002+05:30,434.6,439.25,434.35,438.5,6924.0,3539.0,134,3021868.000000001
2026-07-09 09:31:14.845260646+05:30,438.75,440.8,434.05,434.05,5985.0,2872.0,134,2621161.85
2026-07-09 09:35:01.855878607+05:30,434.3,435.05,430.75,432.7000000000001,5039.0,2470.0,134,2182671.05
2026-07-09 09:39:37.244928810+05:30,432.15,433.6,428.25,428.9500000000001,6640.0,3577.0,134,2861877.2499999995
2026-07-09 09:44:59.211047101+05:30,429.1,431.0,426.85,426.85,6167.0,2662.0,134,2647224.3999999994
2026-07-09 09:50:19.681806956+05:30,427.15,429.05,424.9500000000001,426.85,5964.0,2844.0,134,2548812.600000001
2026-07-09 09:56:20.276195649+05:30,426.65,430.6,425.2000000000001,429.4500000000001,6033.0,3407.0,134,2581757.75
2026-07-09 10:02:43.193466878+05:30,429.4500000000001,429.9,426.3,427.25,7104.0,3269.0,134,3041308.600000003
2026-07-09 10:09:08.218001471+05:30,427.35,429.2000000000001,423.4,424.0,5184.0,2366.0,134,2211266.6999999997
2026-07-09 10:15:44.546549969+05:30,424.0,427.1,423.4,425.15,6433.0,3354.0,134,2738004.7499999995
2026-07-09 10:23:04.299973966+05:30,424.9500000000001,427.35,422.7000000000001,424.25,5313.0,3035.0,134,2257415.05
2026-07-09 10:29:56.697250382+05:30,424.0,425.7000000000001,422.8,425.3,5347.0,2259.0,134,2268387.8500000006
2026-07-09 10:38:03.810585653+05:30,425.1,426.8,421.4500000000001,423.4500000000001,7879.0,2971.0,134,3341496.249999999
2026-07-09 10:46:15.427957574+05:30,422.75,424.5,418.4500000000001,419.25,5613.0,3256.0,134,2365635.3
2026-07-09 10:53:36.783839694+05:30,419.2000000000001,422.0,416.35,418.85,5768.0,3005.0,134,2419500.6999999997
2026-07-09 11:02:50.451778018+05:30,419.3,422.0,418.65,418.8,5634.0,2828.0,134,2367455.650000001
2026-07-09 11:11:29.436322899+05:30,419.0,421.9500000000001,417.35,418.4500000000001,5281.0,2612.0,134,2217610.9000000004
2026-07-09 11:21:12.953539938+05:30,418.8,419.05,413.85,415.3,7400.0,3905.0,134,3083325.8000000007
2026-07-09 11:30:19.497518733+05:30,415.25,416.5,412.6,413.65,6888.0,3266.0,134,2854326.599999999
2026-07-09 11:39:15.132657392+05:30,413.15,415.15,412.5,413.05,6040.0,2921.0,134,2500330.0500000003
2026-07-09 11:48:22.967088985+05:30,413.1,415.55,410.4,414.25,6236.0,3705.0,134,2573105.7499999986
2026-07-09 11:58:00.791908186+05:30,414.2000000000001,417.8,413.35,417.75,8742.0,5948.0,134,3627706.2
2026-07-09 12:07:16.074322267+05:30,417.85,418.5,413.55,418.2000000000001,6009.0,2302.0,134,2498740.900000001
2026-07-09 12:16:43.685933949+05:30,418.25,421.5,417.6,418.75,6974.0,3445.0,134,2927299.4499999997
2026-07-09 12:26:52.119762756+05:30,418.55,420.8,418.2000000000001,420.8,5871.0,2576.0,134,2462060.8999999994
2026-07-09 12:37:53.679816582+05:30,420.85,425.2000000000001,419.55,422.75,5114.0,2910.0,134,2160789.2999999993
2026-07-09 12:49:04.597872666+05:30,422.75,425.4,422.35,424.05,5807.0,3735.0,134,2463602.0999999987
2026-07-09 12:58:32.948100587+05:30,423.9,424.75,420.25,421.4500000000001,6494.0,3563.0,134,2742432.25
2026-07-09 13:08:36.304072927+05:30,421.35,421.4500000000001,416.5,419.1,7024.0,2786.0,134,2943956.1500000013
2026-07-09 13:17:46.098113010+05:30,419.05,421.8,417.4500000000001,419.0,4716.0,2080.0,134,1976444.7999999993
2026-07-09 13:26:34.942681068+05:30,418.7000000000001,421.1,417.8,420.15,5850.0,3543.0,134,2454137.75
2026-07-09 13:35:31.906848685+05:30,420.4500000000001,421.55,416.9500000000001,417.25,6101.0,2483.0,134,2558624.3
2026-07-09 13:44:39.114677165+05:30,417.35,419.8,414.25,414.4500000000001,6199.0,2692.0,134,2588287.8499999996
2026-07-09 13:53:42.051812097+05:30,414.85,420.4,414.85,418.65,6362.0,3246.0,134,2660937.5500000003
2026-07-09 14:00:35.595332536+05:30,418.9,419.6,411.4,411.4,6783.0,2630.0,134,2825389.850000001
2026-07-09 14:08:14.053868136+05:30,411.4500000000001,416.4,410.9,415.4500000000001,7715.0,3823.0,134,3194718.0499999984
2026-07-09 14:15:49.360303417+05:30,415.35,419.15,414.5,417.8,7141.0,4124.0,134,2978939.9500000007
2026-07-09 14:23:11.747966937+05:30,417.9,420.4500000000001,416.65,419.4500000000001,4081.0,2079.0,134,1708153.65
2026-07-09 14:30:10.471353642+05:30,419.35,419.6,414.25,415.8,5297.0,1901.0,134,2207168.1499999994
2026-07-09 14:36:47.207250599+05:30,415.8,416.8,411.05,411.05,5895.0,2138.0,134,2442341.050000001
2026-07-09 14:43:23.800595996+05:30,410.85,412.15,410.15,412.05,6231.0,3291.0,134,2562184.55
2026-07-09 14:48:56.663529356+05:30,412.0,420.4500000000001,410.3,419.15,6740.0,4030.0,134,2801099.6999999997
2026-07-09 14:54:33.362475575+05:30,419.25,423.85,417.3,419.25,6081.0,3005.0,134,2556935.5000000005
2026-07-09 14:59:59.770486015+05:30,419.25,419.8,416.85,419.3,4434.0,2126.0,134,1856106.4500000004
2026-07-09 15:05:03.810057445+05:30,419.15,421.8,418.25,418.4,7195.0,3432.0,134,3020754.8500000006
2026-07-09 15:09:28.519065554+05:30,417.9,423.0,417.35,420.7000000000001,5278.0,2552.0,134,2218404.85
2026-07-09 15:13:12.766710197+05:30,420.9,421.9,419.25,419.9500000000001,6780.0,4449.0,134,2852262.6500000004
2026-07-09 15:16:39.708370113+05:30,419.4500000000001,419.4500000000001,415.35,415.6,5104.0,1640.0,134,2131333.600000001
2026-07-09 15:19:43.360168086+05:30,415.4,418.1,413.4,416.75,5779.0,2764.0,134,2398935.8
2026-07-09 15:22:17.628875245+05:30,416.55,423.2000000000001,416.25,419.7000000000001,5492.0,2743.0,134,2307780.7499999995
2026-07-09 15:24:43.878958727+05:30,420.1,420.1,415.35,415.4,6273.0,3749.0,134,2620175.5000000005
2026-07-09 15:26:20.707842854+05:30,415.35,421.0,414.6,419.3,6481.0,2737.0,134,2709538.0
2026-07-09 15:27:49.729272790+05:30,419.3,421.0,417.15,420.8,6639.0,3302.0,134,2781544.0999999987
2026-07-09 15:28:55.365558853+05:30,420.8,427.65,420.7000000000001,424.25,7146.0,4125.0,134,3022316.350000001
2026-07-09 15:29:36.411469352+05:30,424.0,426.1,422.5,422.75,5315.0,2817.0,134,2253642.0000000005
2026-07-09 15:29:55.460625649+05:30,422.9,426.0,422.6,425.7000000000001,5844.0,3310.0,134,2481382.5499999993
2026-07-10 09:15:00.904545938+05:30,425.4500000000001,436.35,424.35,434.5,5328.0,3143.0,134,2291623.2500000005
2026-07-10 09:15:46.858720124+05:30,434.35,439.5,434.35,438.2000000000001,5548.0,2722.0,134,2428958.3
2026-07-10 09:18:01.881062066+05:30,438.35,444.4500000000001,437.8,444.25,4886.0,2689.0,134,2153412.499999999
2026-07-10 09:22:05.118319651+05:30,444.5,444.5,440.05,442.8,6470.0,3069.0,134,2860289.1499999994
2026-07-10 09:27:08.960473255+05:30,442.8,445.25,439.2000000000001,445.1,5644.0,2937.0,134,2491901.15
2026-07-10 09:35:10.771181728+05:30,445.3,447.9,443.9,445.3,6384.0,3332.0,134,2845345.4999999995
2026-07-10 09:45:32.572606055+05:30,444.65,446.7000000000001,442.85,445.1,4922.0,2666.0,134,2187034.8500000015
2026-07-10 09:57:28.200841138+05:30,445.0,448.85,442.75,448.85,5804.0,3168.0,134,2588598.2500000014
2026-07-10 10:11:15.733462103+05:30,448.75,450.3,446.9500000000001,449.8,5614.0,2558.0,134,2515790.45
2026-07-10 10:25:28.356775239+05:30,450.1,450.4500000000001,444.4,446.75,5338.0,2106.0,134,2386562.349999999
2026-07-10 10:40:55.918363206+05:30,447.0,447.25,443.2000000000001,446.4500000000001,6917.0,3591.0,134,3081421.650000001
2026-07-10 10:58:23.117956217+05:30,446.65,451.5,446.4500000000001,447.15,5775.0,3152.0,134,2591790.55
2026-07-10 11:15:59.872008505+05:30,446.9,446.9,439.7000000000001,440.4500000000001,7763.0,4363.0,134,3436270.800000001
2026-07-10 11:34:49.209426013+05:30,440.65,446.15,439.7000000000001,446.1,7903.0,3201.0,134,3502638.2000000007
2026-07-10 11:55:23.504945816+05:30,446.6,446.9500000000001,439.75,440.2000000000001,4212.0,1870.0,134,1863574.4000000004
2026-07-10 12:13:18.679006874+05:30,440.25,440.7000000000001,437.4,439.65,6674.0,2998.0,134,2931095.899999999
2026-07-10 12:33:11.100568852+05:30,439.6,443.9500000000001,438.3,443.9500000000001,5066.0,2346.0,134,2228748.6500000004
2026-07-10 12:54:44.611011952+05:30,443.4500000000001,445.4,441.0,443.5,4651.0,2308.0,134,2060711.9999999998
2026-07-10 13:11:19.181658377+05:30,443.4,443.4500000000001,438.25,443.25,5944.0,3367.0,134,2622799.85
2026-07-10 13:31:36.678971180+05:30,443.15,445.75,441.3,444.75,6436.0,3457.0,134,2853089.2500000005
2026-07-10 13:48:08.698868558+05:30,445.0,449.05,444.8,447.8,5663.0,2919.0,134,2528690.1999999993
2026-07-10 14:04:02.741435348+05:30,448.15,450.6,444.75,445.85,6178.0,3530.0,134,2772485.600000001
2026-07-10 14:16:36.938887364+05:30,446.35,451.05,444.3,444.6,4908.0,2203.0,134,2197355.5500000003
2026-07-10 14:31:22.724364577+05:30,444.2000000000001,447.15,444.15,444.3,6334.0,2995.0,134,2822501.5500000003
2026-07-10 14:44:48.643054385+05:30,444.3,448.35,443.65,448.35,5772.0,3201.0,134,2570935.7500000005
2026-07-10 14:57:18.541595572+05:30,448.5,448.5,443.9,447.6,6147.0,2581.0,134,2744908.6499999994
2026-07-10 15:06:56.454813399+05:30,447.85,449.35,445.8,448.4,8153.0,4572.0,134,3648367.4000000004
2026-07-10 15:15:03.778972105+05:30,448.35,450.6,447.4,448.3,5158.0,2625.0,134,2317381.15
2026-07-10 15:20:39.368235490+05:30,448.15,448.85,445.85,447.75,6036.0,2769.0,134,2702223.7999999993
2026-07-10 15:25:24.150481560+05:30,448.05,448.75,443.8,445.35,5909.0,2422.0,134,2641205.3000000003
2026-07-10 15:28:33.237454044+05:30,444.85,447.05,440.4,444.7000000000001,5990.0,2557.0,134,2661828.7499999995
2026-07-10 15:29:46.430803608+05:30,444.55,447.25,442.8,446.75,5792.0,2576.0,134,2578951.750000001
2026-07-13 09:15:00.151063287+05:30,446.85,453.4,444.9,453.05,6118.0,3366.0,134,2738208.1499999994
2026-07-13 09:15:09.187093700+05:30,453.2000000000001,457.9500000000001,453.05,457.9500000000001,5848.0,3564.0,134,2663666.0000000005
2026-07-13 09:15:38.625643684+05:30,457.65,459.85,454.2000000000001,454.2000000000001,8250.0,5463.0,134,3771021.05
2026-07-13 09:16:47.196523586+05:30,454.2000000000001,455.0,452.15,452.35,5878.0,2579.0,134,2666069.6000000006
2026-07-13 09:18:10.623189494+05:30,452.25,456.0,452.15,454.5,6862.0,2843.0,134,3116809.250000003
2026-07-13 09:19:52.607691636+05:30,454.4500000000001,457.15,451.55,452.5,5419.0,2473.0,134,2463244.1999999997
2026-07-13 09:22:08.660075751+05:30,452.7000000000001,461.4,452.65,460.5,5957.0,2709.0,134,2727201.6499999994
2026-07-13 09:24:27.724550277+05:30,460.65,461.6,457.7000000000001,459.1,5408.0,2031.0,134,2485991.0499999993
2026-07-13 09:27:07.484561488+05:30,459.1,463.2000000000001,458.55,461.75,5875.0,3176.0,134,2706001.4499999993
2026-07-13 09:29:51.060769374+05:30,461.7000000000001,464.55,460.2000000000001,463.55,5986.0,2548.0,134,2767768.650000001
2026-07-13 09:33:38.503375879+05:30,463.25,468.9,462.7000000000001,466.75,5716.0,3387.0,134,2664501.9
2026-07-13 09:37:47.001520268+05:30,467.05,467.05,458.15,458.4500000000001,5636.0,2301.0,134,2611514.3
2026-07-13 09:43:19.926244645+05:30,458.65,462.2000000000001,453.55,454.0,5800.0,2583.0,134,2657847.6499999994
2026-07-13 09:48:43.308987302+05:30,453.9,453.9,448.1,448.9,6268.0,2884.0,134,2826063.55
2026-07-13 09:54:40.699866374+05:30,448.8,449.7000000000001,445.5,445.75,5686.0,2122.0,134,2547905.4499999997
2026-07-13 10:00:55.495516547+05:30,445.3,447.9,441.65,447.9,6779.0,3985.0,134,3014037.2500000005
2026-07-13 10:08:05.425001694+05:30,447.9,451.25,446.3,451.25,7451.0,3334.0,134,3344003.3500000006
2026-07-13 10:15:31.025086183+05:30,451.4,455.4500000000001,451.0,455.4500000000001,5951.0,3998.0,134,2697648.85
2026-07-13 10:21:35.598113269+05:30,455.1,455.1,449.9,452.4,6414.0,3922.0,134,2900831.6
2026-07-13 10:29:10.255918234+05:30,452.5,453.75,444.6,445.75,6087.0,2656.0,134,2734672.5
2026-07-13 10:38:29.169486925+05:30,444.8,449.7000000000001,444.8,448.2000000000001,7984.0,4382.0,134,3573038.7500000014
2026-07-13 10:46:34.311327638+05:30,448.4,448.8,443.05,445.35,5389.0,2543.0,134,2403822.3
2026-07-13 10:56:01.368713539+05:30,445.6,445.8,439.05,439.5,5928.0,2224.0,134,2623331.3499999973
2026-07-13 11:05:51.575683544+05:30,439.6,441.2000000000001,432.65,433.3,6235.0,2287.0,134,2735536.8000000007
2026-07-13 11:15:02.087615631+05:30,433.3,434.9,431.0,434.2000000000001,6568.0,3135.0,134,2841273.45
2026-07-13 11:23:46.149506307+05:30,434.25,437.6,433.4500000000001,436.85,6369.0,3680.0,134,2770964.4499999997
2026-07-13 11:32:31.150514046+05:30,437.25,440.9,434.1,434.1,6116.0,2462.0,134,2677093.9000000004
2026-07-13 11:41:20.255777741+05:30,434.55,441.2000000000001,433.75,438.5,4806.0,2162.0,134,2105523.2000000007
2026-07-13 11:49:47.450337384+05:30,438.85,440.9500000000001,436.9500000000001,437.9500000000001,6677.0,3492.0,134,2930359.0000000005
2026-07-13 11:59:40.987418453+05:30,438.25,446.05,438.2000000000001,444.25,6259.0,3469.0,134,2765641.85
2026-07-13 12:09:33.950704685+05:30,444.55,444.8,438.5,442.3,7778.0,3890.0,134,3438702.900000001
2026-07-13 12:19:15.129440086+05:30,442.7000000000001,443.15,439.6,441.5,6264.0,2819.0,134,2762996.4
2026-07-13 12:29:53.713467848+05:30,441.5,441.75,435.0,435.35,5637.0,2017.0,134,2469429.7500000005
2026-07-13 12:41:08.022233288+05:30,435.75,435.75,430.05,433.1,6259.0,2339.0,134,2709213.8
2026-07-13 12:50:22.465218085+05:30,433.0,433.15,425.8,426.25,5980.0,2197.0,134,2572765.200000001
2026-07-13 13:01:42.383136137+05:30,426.35,430.4500000000001,425.75,428.25,6040.0,2372.0,134,2585206.2499999995
2026-07-13 13:11:20.544264277+05:30,428.35,432.9,427.65,427.65,5296.0,2996.0,134,2278411.249999999
2026-07-13 13:21:01.788734727+05:30,427.3,427.4,424.3,426.65,6836.0,3145.0,134,2910140.0500000003
2026-07-13 13:29:51.179729309+05:30,426.25,426.25,421.15,422.65,5432.0,2619.0,134,2303301.3499999996
2026-07-13 13:39:46.365866924+05:30,422.65,424.85,421.85,424.4500000000001,4568.0,2315.0,134,1933788.4
2026-07-13 13:48:32.530653842+05:30,424.4500000000001,428.9500000000001,424.25,427.55,6288.0,3749.0,134,2680900.9499999993
2026-07-13 13:57:39.027403650+05:30,427.5,430.0,422.55,430.0,4773.0,2383.0,134,2030895.4499999993
2026-07-13 14:04:11.276716513+05:30,430.4,439.2000000000001,429.1,438.9,5948.0,2896.0,134,2581413.0999999996
2026-07-13 14:12:12.149663354+05:30,438.7000000000001,446.55,438.05,445.9500000000001,5719.0,3091.0,134,2527978.1999999993
2026-07-13 14:19:09.443461580+05:30,445.65,446.5,441.6,446.5,5011.0,2397.0,134,2222353.7999999993
2026-07-13 14:26:47.787401244+05:30,446.15,448.35,444.9,445.8,4552.0,2196.0,134,2032343.7000000002
2026-07-13 14:34:04.176381247+05:30,445.9500000000001,446.6,438.4500000000001,439.85,6548.0,2689.0,134,2897080.0999999996
2026-07-13 14:40:35.717291137+05:30,439.9,445.7000000000001,437.35,443.35,6178.0,3606.0,134,2731244.1500000004
2026-07-13 14:46:06.515534582+05:30,443.9,445.9500000000001,441.9500000000001,442.65,5742.0,3720.0,134,2552821.3000000007
2026-07-13 14:51:55.130876891+05:30,442.8,449.0,442.8,446.05,5894.0,2414.0,134,2630725.650000001
2026-07-13 14:57:40.180098678+05:30,446.0,449.3,445.4500000000001,447.5,7020.0,3321.0,134,3138034.450000001
2026-07-13 15:02:47.976725073+05:30,447.75,452.4500000000001,445.3,452.25,6896.0,3951.0,134,3093286.6499999994
2026-07-13 15:07:39.323669396+05:30,452.6,453.15,448.5,450.35,5448.0,2386.0,134,2457211.350000001
2026-07-13 15:11:32.327764612+05:30,449.9,451.1,444.55,444.55,5714.0,2413.0,134,2562439.35
2026-07-13 15:15:46.311806138+05:30,444.65,445.35,440.5,443.85,6875.0,3247.0,134,3045436.15
2026-07-13 15:19:01.165553331+05:30,443.9,447.7000000000001,443.4500000000001,446.5,5562.0,3113.0,134,2477972.7
2026-07-13 15:21:31.835314245+05:30,445.85,445.85,439.9,440.4,5929.0,2329.0,134,2621102.099999999
2026-07-13 15:23:56.298720567+05:30,440.4500000000001,442.5,438.8,441.15,5445.0,2428.0,134,2399772.8000000003
2026-07-13 15:25:41.285539593+05:30,440.85,444.75,438.4,439.8,5643.0,2324.0,134,2493462.150000002
2026-07-13 15:27:15.486457614+05:30,439.75,445.25,439.75,441.9500000000001,7566.0,2883.0,134,3350913.099999999
2026-07-13 15:28:27.966386056+05:30,441.75,443.8,439.7000000000001,440.1,8007.0,3820.0,134,3534800.4999999995
2026-07-13 15:29:17.909930098+05:30,439.75,442.9,437.85,439.85,6083.0,2820.0,134,2675786.05
2026-07-13 15:29:47.065138573+05:30,440.0,440.6,436.8,438.55,5303.0,2885.0,134,2327345.2000000007
2026-07-13 15:29:58.858545527+05:30,438.4,441.2000000000001,437.05,438.7000000000001,5214.0,2331.0,134,2288029.0
2026-07-14 09:15:05.182235468+05:30,438.85,439.0,431.85,436.65,6651.0,3488.0,134,2896238.0999999996
2026-07-14 09:15:44.426301818+05:30,436.4,436.4,431.6,435.05,5659.0,2760.0,134,2457961.800000001
2026-07-14 09:17:24.575896433+05:30,435.2000000000001,438.3,433.4,438.3,6074.0,2690.0,134,2644848.85
2026-07-14 09:20:13.420483294+05:30,438.4500000000001,439.2000000000001,433.9500000000001,435.9500000000001,7201.0,2912.0,134,3139566.9499999993
2026-07-14 09:23:58.456475572+05:30,435.75,441.9,435.3,440.75,5627.0,3295.0,134,2469623.7500000005
2026-07-14 09:28:48.290042580+05:30,440.15,444.4500000000001,440.05,440.4,5934.0,2106.0,134,2622508.35
2026-07-14 09:34:38.692834933+05:30,440.55,441.9,434.5,434.8,6598.0,2794.0,134,2891368.6
2026-07-14 09:41:35.193382907+05:30,434.55,437.3,433.85,436.85,6331.0,2905.0,134,2757256.650000001
2026-07-14 09:49:30.291574172+05:30,436.75,438.9500000000001,432.8,432.8,5302.0,2351.0,134,2314805.3000000007
2026-07-14 09:57:43.063922065+05:30,432.9,438.15,431.75,434.75,5853.0,2824.0,134,2549638.9500000007
2026-07-14 10:09:15.891051201+05:30,434.9,437.9,432.9,437.05,6230.0,2855.0,134,2709211.4499999997
2026-07-14 10:19:44.932018065+05:30,437.5,439.65,436.8,437.35,6007.0,3643.0,134,2631953.6500000013
2026-07-14 10:32:42.114058708+05:30,437.5,442.25,436.8,437.85,5923.0,2125.0,134,2601923.25
2026-07-14 10:46:13.211075339+05:30,437.75,438.85,435.6,436.3,5556.0,2235.0,134,2428982.75
2026-07-14 10:59:13.088028641+05:30,436.0,438.4500000000001,431.65,431.85,7236.0,3055.0,134,3144244.1
2026-07-14 11:12:06.030942525+05:30,431.75,432.35,429.0,431.65,5794.0,3641.0,134,2498127.8500000006
2026-07-14 11:26:14.391488290+05:30,430.9500000000001,432.55,428.5,431.6,6569.0,3998.0,134,2828402.799999999
2026-07-14 11:40:22.100004930+05:30,431.55,435.9500000000001,429.65,429.65,6620.0,3004.0,134,2866295.1000000006
2026-07-14 11:54:31.245573177+05:30,429.6,429.85,425.2000000000001,429.85,5370.0,2746.0,134,2295296.1
2026-07-14 12:12:02.523904911+05:30,430.25,432.6,429.55,430.25,6479.0,2321.0,134,2790530.0999999987
2026-07-14 12:25:57.572322445+05:30,429.9500000000001,433.9,429.9500000000001,432.9,4854.0,2950.0,134,2096219.5499999993
2026-07-14 12:39:27.698963137+05:30,433.05,437.05,431.55,434.1,6699.0,3807.0,134,2906505.2999999993
2026-07-14 12:55:35.200097964+05:30,434.1,434.9,430.2000000000001,433.8,5773.0,2915.0,134,2497061.8500000006
2026-07-14 13:10:11.902876291+05:30,433.9,437.4500000000001,433.3,433.3,6814.0,3340.0,134,2965020.9499999993
2026-07-14 13:25:49.626825987+05:30,433.0,436.6,431.75,433.35,5742.0,2960.0,134,2492832.3499999996
2026-07-14 13:40:50.534889114+05:30,433.0,434.15,430.75,432.2000000000001,5209.0,2347.0,134,2251443.0999999987
2026-07-14 13:55:15.032873925+05:30,432.25,432.75,426.55,428.0,5829.0,2496.0,134,2501375.300000001
2026-07-14 14:07:32.351508663+05:30,428.0,430.4,426.75,429.9500000000001,5478.0,2395.0,134,2347845.399999999
2026-07-14 14:19:51.385089338+05:30,429.75,434.85,429.4500000000001,432.75,6068.0,3002.0,134,2622635.4000000004
2026-07-14 14:32:14.415332309+05:30,432.75,433.4,430.4,431.5,6670.0,4004.0,134,2882701.500000001
2026-07-14 14:42:22.440998593+05:30,431.05,433.15,427.4,432.9,7345.0,3646.0,134,3168575.3499999996
2026-07-14 14:52:37.774554444+05:30,432.75,439.05,432.4,437.9,5251.0,2636.0,134,2285427.3
2026-07-14 15:01:05.373416291+05:30,437.85,439.9,435.9500000000001,437.6,7373.0,4287.0,134,3227587.5499999993
2026-07-14 15:07:28.617386602+05:30,437.65,441.15,436.65,440.55,5554.0,3312.0,134,2436771.5999999996
2026-07-14 15:13:38.246494051+05:30,440.3,441.8,435.65,438.1,6145.0,2925.0,134,2697590.9500000016
2026-07-14 15:18:58.099992089+05:30,438.3,438.6,433.1,435.75,4582.0,2516.0,134,1999495.9499999997
2026-07-14 15:22:31.837613414+05:30,435.9500000000001,437.7000000000001,432.8,435.0,6381.0,2875.0,134,2773759.299999999
2026-07-14 15:25:13.030737448+05:30,434.9,439.35,434.55,435.5,5835.0,3455.0,134,2550516.6000000006
2026-07-14 15:27:56.324769393+05:30,435.5,437.9500000000001,433.9500000000001,435.8,6646.0,3819.0,134,2898152.6499999994
2026-07-14 15:29:23.663545728+05:30,435.5,439.2000000000001,434.7000000000001,439.15,6907.0,4438.0,134,3018380.6000000006
2026-07-14 15:29:59.683992621+05:30,438.9,439.75,434.15,437.85,5358.0,2514.0,134,2341213.9499999993
2026-07-15 09:15:08.475115556+05:30,437.65,441.4500000000001,433.2000000000001,434.85,7210.0,3581.0,134,3147735.4999999995
2026-07-15 09:15:50.904146883+05:30,434.55,440.65,434.3,439.6,5425.0,2853.0,134,2374546.4
2026-07-15 09:17:05.550180575+05:30,439.75,440.25,436.3,438.0,6838.0,3222.0,134,2995909.1999999993
2026-07-15 09:18:52.988894082+05:30,438.25,443.5,438.2000000000001,440.7000000000001,6465.0,3708.0,134,2852318.2999999993
2026-07-15 09:21:26.889854976+05:30,440.4,445.35,439.85,444.35,5533.0,2764.0,134,2449753.8000000003
2026-07-15 09:25:21.470093932+05:30,444.7000000000001,445.9500000000001,439.9500000000001,445.9500000000001,5113.0,3055.0,134,2262808.8
2026-07-15 09:30:43.757191219+05:30,445.65,449.3,444.3,446.65,5823.0,3128.0,134,2600696.700000001
2026-07-15 09:35:42.436340175+05:30,446.5,448.25,441.75,443.85,4512.0,1856.0,134,2003917.75
2026-07-15 09:42:03.791850480+05:30,444.15,447.0,442.9500000000001,445.8,6067.0,3003.0,134,2700991.1
2026-07-15 09:50:12.473480661+05:30,445.9500000000001,447.35,443.25,443.65,4220.0,2062.0,134,1879187.5000000007
2026-07-15 09:57:00.266970842+05:30,443.7000000000001,443.7000000000001,438.85,440.55,4655.0,2398.0,134,2050675.3499999992
2026-07-15 10:05:18.040227904+05:30,440.6,440.9500000000001,435.8,439.85,4984.0,2264.0,134,2186365.2999999993
2026-07-15 10:13:09.389812669+05:30,440.0,440.0,434.1,435.65,5980.0,2850.0,134,2614431.5500000003
2026-07-15 10:23:14.460171559+05:30,435.7000000000001,446.55,435.7000000000001,445.65,5533.0,3944.0,134,2434770.899999999
2026-07-15 10:34:26.340313395+05:30,445.65,454.9,445.05,453.9500000000001,5447.0,3204.0,134,2452386.35
2026-07-15 10:46:42.526366385+05:30,454.15,456.35,451.2000000000001,452.9500000000001,6250.0,2377.0,134,2838264.15
2026-07-15 10:58:22.662666598+05:30,453.4500000000001,459.4,452.75,459.15,4817.0,3243.0,134,2193642.1999999997
2026-07-15 11:08:51.687475006+05:30,459.0,461.3,455.75,461.3,5865.0,4043.0,134,2687500.249999999
2026-07-15 11:21:16.846395812+05:30,461.75,469.05,461.3,468.15,6179.0,3638.0,134,2877065.4499999993
2026-07-15 11:35:49.303449758+05:30,468.05,473.1,466.4,467.65,7732.0,3965.0,134,3626392.0500000007
2026-07-15 11:48:22.808138095+05:30,467.8,473.75,467.4,469.6,6352.0,2985.0,134,2987855.65
2026-07-15 12:02:47.429137215+05:30,469.4500000000001,469.75,462.9,464.15,5905.0,3703.0,134,2755952.0000000005
2026-07-15 12:18:16.818770201+05:30,463.9,468.35,462.85,466.55,5003.0,2581.0,134,2329645.0499999984
2026-07-15 12:30:48.473229651+05:30,466.7000000000001,471.55,466.1,466.8,5398.0,2822.0,134,2527487.250000001
2026-07-15 12:48:38.074537784+05:30,466.5,467.9,463.9500000000001,464.3,6584.0,3425.0,134,3068384.7999999993
2026-07-15 13:03:00.426388603+05:30,464.4,467.2000000000001,459.3,459.35,6840.0,3384.0,134,3171402.899999999
2026-07-15 13:18:04.342495468+05:30,459.65,462.15,458.85,461.55,5763.0,3392.0,134,2655207.15
2026-07-15 13:29:02.142247322+05:30,461.6,463.9,455.05,455.75,8348.0,4244.0,134,3843098.650000001
2026-07-15 13:40:51.378994119+05:30,454.85,454.85,446.1,446.1,5485.0,1951.0,134,2477456.400000001
2026-07-15 13:52:07.756189996+05:30,446.6,448.8,441.85,443.8,5634.0,2477.0,134,2511162.049999999
2026-07-15 14:03:23.636525250+05:30,443.4,447.8,440.55,445.3,8106.0,5544.0,134,3605461.5
2026-07-15 14:13:35.164637374+05:30,445.25,446.05,440.55,440.6,5989.0,2900.0,134,2658615.1999999983
2026-07-15 14:23:54.339882982+05:30,440.85,441.4,437.4500000000001,439.05,7446.0,2996.0,134,3273460.95
2026-07-15 14:34:27.543466802+05:30,438.8,440.05,435.65,437.7000000000001,8662.0,5854.0,134,3795022.3000000007
2026-07-15 14:43:38.607995456+05:30,437.9500000000001,441.15,437.9500000000001,439.55,8125.0,4340.0,134,3571184.4499999997
2026-07-15 14:51:15.295961583+05:30,439.8,444.15,439.25,441.4500000000001,5613.0,3063.0,134,2481360.1499999994
2026-07-15 14:58:29.928353800+05:30,441.35,448.1,440.7000000000001,447.3,8773.0,4915.0,134,3903916.8
2026-07-15 15:05:27.733788041+05:30,447.6,448.8,444.7000000000001,447.15,5910.0,2109.0,134,2638903.2500000005
2026-07-15 15:10:47.425409771+05:30,446.85,447.9500000000001,441.25,441.8,6104.0,2384.0,134,2717796.5500000003
2026-07-15 15:15:27.269679368+05:30,441.35,441.6,436.7000000000001,438.8,5620.0,2530.0,134,2470265.4999999995
2026-07-15 15:19:38.378929133+05:30,438.9500000000001,440.65,436.85,438.1,6758.0,3828.0,134,2963019.900000002
2026-07-15 15:23:23.174154882+05:30,437.8,439.9,437.15,437.6,6610.0,3471.0,134,2899322.650000001
2026-07-15 15:26:30.170600389+05:30,437.05,438.65,433.5,437.5,5162.0,1943.0,134,2250937.1999999997
2026-07-15 15:28:23.641085595+05:30,437.6,440.55,434.5,439.1,5755.0,3252.0,134,2515223.2
2026-07-15 15:29:29.523194560+05:30,439.1,439.1,430.9,430.9,6611.0,3492.0,134,2876902.850000001
2026-07-15 15:29:58.575585919+05:30,430.75,433.1,427.1,431.0,5182.0,2785.0,134,2231802.3999999994
2026-07-16 09:15:01.659340538+05:30,430.75,434.15,427.05,433.9,5607.0,3081.0,134,2414735.5499999993
2026-07-16 09:15:17.304535473+05:30,433.75,434.55,430.3,433.55,5666.0,2597.0,134,2450857.75
2026-07-16 09:15:41.961878954+05:30,434.3,434.3,427.15,427.15,5625.0,2479.0,134,2426659.7000000007
2026-07-16 09:16:27.313228519+05:30,427.7000000000001,429.0,425.3,427.55,5490.0,2727.0,134,2346193.4
2026-07-16 09:17:27.426383080+05:30,427.2000000000001,430.55,425.75,426.4500000000001,6132.0,2903.0,134,2619345.350000001
2026-07-16 09:19:08.765570063+05:30,426.55,428.6,425.55,426.15,6246.0,3058.0,134,2667047.2999999984
2026-07-16 09:21:12.848732546+05:30,426.15,427.7000000000001,423.7000000000001,425.75,5509.0,2339.0,134,2346762.8
2026-07-16 09:23:51.218021234+05:30,425.4500000000001,430.8,424.65,427.15,5979.0,2990.0,134,2556635.45
2026-07-16 09:26:44.871219878+05:30,427.35,433.6,427.1,430.75,8040.0,5474.0,134,3459130.850000002
2026-07-16 09:29:45.357894503+05:30,430.65,431.9,425.3,427.25,5953.0,2894.0,134,2548160.750000001
2026-07-16 09:33:08.209340157+05:30,427.1,432.2000000000001,426.9500000000001,430.15,5401.0,2763.0,134,2318066.2500000005
2026-07-16 09:37:53.708449253+05:30,429.8,430.9,425.75,426.9500000000001,6335.0,2834.0,134,2711340.8499999996
2026-07-16 09:43:01.184061476+05:30,427.0,427.25,423.05,424.9,6775.0,3090.0,134,2882974.0500000003
2026-07-16 09:47:49.511241079+05:30,425.1,430.9,424.35,430.65,6646.0,4136.0,134,2846511.9
2026-07-16 09:52:33.218837015+05:30,430.7000000000001,432.1,427.6,428.9500000000001,6895.0,3767.0,134,2966899.7499999986
2026-07-16 09:57:16.954739189+05:30,428.6,434.9500000000001,428.05,433.9500000000001,6278.0,3737.0,134,2707019.1999999997
2026-07-16 10:03:44.945501959+05:30,434.8,434.8,427.7000000000001,429.4,5868.0,2892.0,134,2523510.65
2026-07-16 10:11:31.286534390+05:30,429.25,432.8,428.0,429.3,8012.0,4470.0,134,3448651.3500000015
2026-07-16 10:18:00.363751692+05:30,429.2000000000001,432.15,428.2000000000001,428.4500000000001,6636.0,3001.0,134,2854749.5999999996
2026-07-16 10:24:21.391404009+05:30,428.4,430.5,425.8,428.75,6844.0,3078.0,134,2930470.6000000006
2026-07-16 10:31:26.739396191+05:30,428.5,430.9,426.15,430.9,5553.0,2564.0,134,2377725.8
2026-07-16 10:39:17.431193059+05:30,430.8,434.5,430.75,432.6,6566.0,2315.0,134,2839841.1000000006
2026-07-16 10:47:25.283570709+05:30,432.4500000000001,432.65,429.4,430.5,5579.0,2612.0,134,2405067.4
2026-07-16 10:55:34.361642912+05:30,430.3,433.85,429.4500000000001,432.15,6022.0,2682.0,134,2598852.0500000003
2026-07-16 11:05:03.967276081+05:30,431.75,439.0,431.75,437.5,6044.0,3524.0,134,2638240.6
2026-07-16 11:15:09.502192446+05:30,437.55,442.6,435.7000000000001,440.0,6309.0,2844.0,134,2769473.7
2026-07-16 11:24:16.730894870+05:30,439.8,445.05,439.25,440.25,6100.0,2977.0,134,2697910.15
2026-07-16 11:32:31.144579472+05:30,440.15,442.65,437.1,439.7000000000001,6997.0,3776.0,134,3074115.2499999995
2026-07-16 11:41:20.215857689+05:30,439.9,446.4500000000001,439.35,445.7000000000001,6441.0,3601.0,134,2850854.3499999996
2026-07-16 11:50:51.115223351+05:30,445.9,447.6,445.2000000000001,446.65,7265.0,3177.0,134,3243043.7500000005
2026-07-16 12:00:35.655675449+05:30,447.4500000000001,452.35,444.6,452.35,5308.0,2738.0,134,2375487.1500000004
2026-07-16 12:11:49.857701566+05:30,451.8,451.9,448.9,449.25,5821.0,2994.0,134,2623423.65
2026-07-16 12:21:09.060088222+05:30,449.65,453.2000000000001,445.65,445.65,6031.0,2664.0,134,2709153.1999999993
2026-07-16 12:31:31.983449632+05:30,445.65,451.9,445.65,450.5,7617.0,3932.0,134,3420873.0500000003
2026-07-16 12:41:16.593621723+05:30,450.5,455.55,448.9500000000001,454.9500000000001,5913.0,3334.0,134,2669280.8499999996
2026-07-16 12:50:38.588558767+05:30,453.8,454.65,443.4500000000001,444.3,6943.0,3306.0,134,3115287.25
2026-07-16 13:00:13.343832067+05:30,444.25,448.25,443.75,445.9500000000001,8149.0,4886.0,134,3635171.050000001
2026-07-16 13:08:32.089448410+05:30,445.9500000000001,449.2000000000001,443.25,448.55,5836.0,2957.0,134,2600907.5499999993
2026-07-16 13:17:25.287388706+05:30,448.75,450.35,446.0,446.85,5815.0,3029.0,134,2602645.5500000003
2026-07-16 13:26:55.620092879+05:30,446.9500000000001,450.25,444.55,450.25,5439.0,2890.0,134,2431526.9000000013
2026-07-16 13:36:30.996012670+05:30,450.55,452.5,448.4500000000001,450.0,6059.0,2989.0,134,2728883.500000001
2026-07-16 13:45:21.691301107+05:30,450.3,452.25,446.9500000000001,450.8,5621.0,3053.0,134,2526706.3500000006
2026-07-16 13:55:08.023210366+05:30,451.05,452.55,443.6,443.6,5966.0,2667.0,134,2677517.0999999978
2026-07-16 14:03:55.398711610+05:30,443.3,446.55,442.25,442.75,6291.0,2632.0,134,2793757.349999999
2026-07-16 14:12:01.902618071+05:30,443.25,449.3,442.0,449.3,5076.0,2523.0,134,2259738.45
2026-07-16 14:18:42.341643666+05:30,449.4500000000001,453.55,448.9,451.8,5559.0,3422.0,134,2511733.95
2026-07-16 14:24:54.670830982+05:30,451.5,451.5,445.05,447.5,5569.0,2238.0,134,2493237.4999999986
2026-07-16 14:32:17.737948119+05:30,447.75,448.85,443.85,445.0,6302.0,3114.0,134,2813848.7500000014
2026-07-16 14:39:51.726066360+05:30,444.9,447.4,440.9500000000001,442.65,5922.0,2794.0,134,2630439.1500000013
2026-07-16 14:46:24.171567378+05:30,443.2000000000001,446.1,440.7000000000001,442.9,4999.0,1910.0,134,2214615.5499999993
2026-07-16 14:52:43.328459024+05:30,442.4500000000001,449.05,441.25,448.9500000000001,6297.0,3214.0,134,2798777.7
2026-07-16 14:57:30.892197964+05:30,449.0,449.1,441.8,441.8,5783.0,2811.0,134,2578975.4500000007
2026-07-16 15:02:56.000884985+05:30,441.55,443.75,438.25,438.7000000000001,5155.0,2208.0,134,2270862.0999999996
2026-07-16 15:07:44.767626568+05:30,438.7000000000001,446.0,438.25,443.15,6224.0,3650.0,134,2756163.75
2026-07-16 15:11:09.692641552+05:30,443.3,451.6,443.3,450.1,6769.0,3066.0,134,3038853.750000001
2026-07-16 15:14:48.815576594+05:30,449.75,453.3,449.25,449.8,5668.0,2781.0,134,2559695.9000000013
2026-07-16 15:18:21.179715304+05:30,449.6,449.7000000000001,444.75,448.1,6508.0,3391.0,134,2909651.0000000005
2026-07-16 15:20:56.194167184+05:30,448.35,454.25,446.4,451.6,5851.0,3413.0,134,2635822.7
2026-07-16 15:23:42.655012506+05:30,451.35,453.1,449.2000000000001,451.25,5342.0,2556.0,134,2409107.4
2026-07-16 15:25:43.354948842+05:30,451.65,456.0,450.85,455.0,5277.0,2549.0,134,2391465.1999999997
2026-07-16 15:27:21.011648003+05:30,455.5,459.4,454.5,456.0,6213.0,3615.0,134,2837471.350000001
2026-07-16 15:28:33.369588131+05:30,456.05,459.0,454.1,454.7000000000001,6085.0,2630.0,134,2781622.9
2026-07-16 15:29:21.161263459+05:30,454.4,456.0,446.55,446.9500000000001,5844.0,2863.0,134,2643872.3500000006
2026-07-16 15:29:47.745251553+05:30,447.25,451.9500000000001,447.25,448.2000000000001,6142.0,3238.0,134,2759093.0000000014
2026-07-16 15:29:59.085864233+05:30,448.25,448.8,443.0,443.5,5401.0,2420.0,134,2407262.55
2026-07-17 09:15:09.064033124+05:30,443.0,444.35,439.05,441.85,6230.0,2279.0,134,2749341.5500000007
2026-07-17 09:16:27.711970480+05:30,441.6,443.0,439.05,440.9500000000001,6017.0,2803.0,134,2652418.2999999993
2026-07-17 09:18:39.113887647+05:30,440.65,449.05,440.25,448.1,5864.0,2947.0,134,2597609.8499999996
2026-07-17 09:23:09.883559591+05:30,448.3,457.55,447.4500000000001,456.35,5690.0,2945.0,134,2570772.999999999
2026-07-17 09:27:47.715209762+05:30,456.5,459.9500000000001,455.7000000000001,456.4,5092.0,2430.0,134,2331724.0500000003
2026-07-17 09:35:13.080525546+05:30,455.8,459.6,455.8,455.9,8004.0,3596.0,134,3664586.9500000016
2026-07-17 09:42:37.593000767+05:30,456.15,456.2000000000001,452.35,454.6,6807.0,3229.0,134,3092007.4499999997
2026-07-17 09:52:25.931419809+05:30,454.65,461.85,453.15,461.85,6786.0,4176.0,134,3102551.7499999986
2026-07-17 10:02:16.487108274+05:30,461.9500000000001,464.4500000000001,460.7000000000001,461.1,6048.0,3127.0,134,2797420.750000001
2026-07-17 10:13:43.772951882+05:30,461.55,461.6,458.55,461.05,5887.0,2738.0,134,2707944.3999999994
2026-07-17 10:26:25.095208377+05:30,461.05,464.55,460.1,462.6,5572.0,3084.0,134,2575803.7500000023
2026-07-17 10:39:04.135908325+05:30,462.3,463.25,457.85,461.05,7861.0,3555.0,134,3618997.7499999986
2026-07-17 10:55:07.367129583+05:30,460.8,461.25,453.9500000000001,454.05,6318.0,2425.0,134,2887121.7500000014
2026-07-17 11:11:22.366471919+05:30,454.2000000000001,456.5,452.1,454.4500000000001,5925.0,2992.0,134,2693664.9
2026-07-17 11:28:19.352266618+05:30,454.35,458.7000000000001,454.35,456.9,5933.0,2699.0,134,2707879.9000000004
2026-07-17 11:45:48.460215493+05:30,457.4,457.9500000000001,452.75,453.55,6590.0,3050.0,134,2996804.5999999996
2026-07-17 12:05:29.758360030+05:30,453.75,453.9,445.05,445.8,7132.0,2240.0,134,3211105.8500000015
2026-07-17 12:22:34.537798710+05:30,445.8,451.9500000000001,443.15,450.5,6434.0,2869.0,134,2885722.0999999996
2026-07-17 12:40:23.856781158+05:30,450.6,458.65,450.6,458.65,6624.0,4026.0,134,3007758.799999999
2026-07-17 12:55:39.348232239+05:30,458.85,460.75,458.0,459.5,7020.0,3717.0,134,3224484.8
2026-07-17 13:14:08.418978898+05:30,459.9500000000001,464.4500000000001,458.35,464.25,6415.0,3265.0,134,2960384.4000000004
2026-07-17 13:31:01.462173649+05:30,463.8,465.85,462.05,462.85,7569.0,3738.0,134,3512498.600000001
2026-07-17 13:47:01.059158355+05:30,462.8,464.25,460.4500000000001,461.15,6314.0,3854.0,134,2920485.1
2026-07-17 14:03:13.900591356+05:30,461.2000000000001,461.6,456.9500000000001,458.9,6176.0,3471.0,134,2838368.8500000006
2026-07-17 14:17:27.979785155+05:30,459.05,461.8,458.0,461.8,5464.0,2758.0,134,2514402.3000000003
2026-07-17 14:31:33.474617518+05:30,461.9,464.5,458.65,462.5,6542.0,3724.0,134,3023679.2499999995
2026-07-17 14:43:39.475076427+05:30,462.35,465.05,458.8,459.2000000000001,6519.0,2674.0,134,3010689.599999999
2026-07-17 14:54:37.657148281+05:30,459.9500000000001,459.9500000000001,449.35,449.55,6129.0,2574.0,134,2780040.35
2026-07-17 15:03:49.241891592+05:30,449.35,450.4,446.9500000000001,449.2000000000001,6122.0,2783.0,134,2749128.55
2026-07-17 15:11:36.991276433+05:30,449.55,455.9,447.65,455.1,4614.0,2366.0,134,2086140.7999999989
2026-07-17 15:18:01.756494365+05:30,454.7000000000001,459.15,452.0,452.0,5720.0,2083.0,134,2601866.0000000014
2026-07-17 15:23:28.480643023+05:30,452.25,453.55,446.8,449.4,5681.0,2417.0,134,2560247.6000000006
2026-07-17 15:26:38.535373910+05:30,449.55,452.15,446.85,447.9,6183.0,3341.0,134,2780989.699999999
2026-07-17 15:28:36.304618177+05:30,447.75,452.25,446.15,446.15,6968.0,3368.0,134,3131689.8500000015
2026-07-17 15:29:53.376797197+05:30,446.1,447.0,443.2000000000001,445.15,5041.0,1996.0,134,2243626.549999999
2026-07-20 09:15:04.177057812+05:30,445.3,447.1,441.5,441.9,6238.0,2145.0,134,2768494.299999999
2026-07-20 09:16:02.217576444+05:30,441.9500000000001,448.9500000000001,441.9500000000001,447.9500000000001,5343.0,2801.0,134,2379641.1
2026-07-20 09:18:24.658842987+05:30,447.85,447.85,442.35,442.4500000000001,5011.0,2585.0,134,2227244.9500000007
2026-07-20 09:23:28.503449821+05:30,442.55,443.6,440.05,441.75,6270.0,2964.0,134,2769163.4999999986
2026-07-20 09:30:53.116156639+05:30,441.85,446.3,440.6,441.4500000000001,6669.0,2800.0,134,2951840.500000001
2026-07-20 09:39:04.492784879+05:30,441.2000000000001,443.35,438.15,438.75,5876.0,2498.0,134,2591095.050000001
2026-07-20 09:50:43.531347180+05:30,438.8,438.8,432.3,435.05,5279.0,2224.0,134,2297415.3000000017
2026-07-20 10:02:29.211754832+05:30,434.85,442.4500000000001,434.85,439.1,7028.0,3300.0,134,3085365.9999999986
2026-07-20 10:15:41.437719431+05:30,438.4,441.55,435.2000000000001,441.3,5660.0,2411.0,134,2476874.3
2026-07-20 10:30:47.373987340+05:30,441.55,443.2000000000001,438.9,440.9500000000001,5173.0,2270.0,134,2282217.0500000003
2026-07-20 10:46:34.138737232+05:30,440.9,444.3,438.2000000000001,438.2000000000001,5768.0,2555.0,134,2548299.9499999993
2026-07-20 11:03:15.732506317+05:30,438.4500000000001,440.6,437.5,439.35,6492.0,3646.0,134,2849384.8
2026-07-20 11:22:24.158662592+05:30,439.6,441.2000000000001,434.9,436.9,5171.0,2752.0,134,2267953.2000000007
2026-07-20 11:40:00.438638716+05:30,437.2000000000001,438.55,435.3,437.5,7008.0,3119.0,134,3063320.05
2026-07-20 11:58:43.381605018+05:30,437.25,440.85,437.25,439.85,5358.0,2376.0,134,2354035.2999999984
2026-07-20 12:16:03.741305978+05:30,439.7000000000001,440.7000000000001,436.35,437.9,6187.0,2841.0,134,2714543.3
2026-07-20 12:36:02.886715813+05:30,437.75,438.1,433.85,438.1,6385.0,4273.0,134,2784684.1500000004
2026-07-20 12:58:12.270441114+05:30,438.05,439.6,434.4500000000001,435.35,5457.0,1960.0,134,2385334.4500000007
2026-07-20 13:16:37.811670978+05:30,435.85,439.9,434.2000000000001,434.3,6245.0,2985.0,134,2724738.1499999985
2026-07-20 13:38:31.686130532+05:30,434.65,438.15,433.9500000000001,436.5,7474.0,3949.0,134,3255909.35
2026-07-20 13:53:48.648479723+05:30,436.4,438.75,435.0,437.6,6536.0,3426.0,134,2855185.900000001
2026-07-20 14:09:29.963375165+05:30,437.9,439.9,430.9,430.9,6608.0,3424.0,134,2888969.25
2026-07-20 14:24:14.129222693+05:30,431.1,432.2000000000001,428.8,429.75,5716.0,2983.0,134,2461732.249999999
2026-07-20 14:38:47.711537677+05:30,429.85,430.7000000000001,425.7000000000001,428.35,6878.0,3246.0,134,2948917.9000000004
2026-07-20 14:50:45.782593667+05:30,428.3,430.05,425.65,425.8,5111.0,2515.0,134,2188449.85
2026-07-20 15:03:25.451913355+05:30,426.05,426.4,422.4500000000001,424.0,5956.0,2762.0,134,2529498.5000000005
2026-07-20 15:12:50.482229147+05:30,423.6,425.05,422.25,423.35,5663.0,3393.0,134,2398549.45
2026-07-20 15:20:27.334737502+05:30,423.3,424.05,417.4500000000001,418.05,5172.0,2506.0,134,2174398.9
2026-07-20 15:25:21.015145254+05:30,418.25,423.9,416.55,416.55,4909.0,1939.0,134,2065683.249999999
2026-07-20 15:28:37.807206573+05:30,416.65,419.9,416.1,418.9500000000001,6221.0,3039.0,134,2600189.2500000014
2026-07-20 15:29:53.178097367+05:30,419.55,420.05,414.2000000000001,417.0,7311.0,2546.0,134,3048998.7
2026-07-21 09:15:01.825306758+05:30,417.55,422.9500000000001,417.15,421.85,5915.0,3261.0,134,2489100.1499999994
2026-07-21 09:15:16.040410809+05:30,421.7000000000001,421.7000000000001,417.9500000000001,419.3,6332.0,3146.0,134,2658297.6999999997
2026-07-21 09:15:49.845201662+05:30,419.1,421.4500000000001,417.15,419.5,6048.0,3324.0,134,2536496.8000000003
2026-07-21 09:16:50.840848981+05:30,418.9500000000001,418.9500000000001,414.3,415.65,5456.0,2886.0,134,2272195.1999999997
2026-07-21 09:18:05.351056252+05:30,416.25,417.75,414.7000000000001,417.75,5754.0,2719.0,134,2394940.15
2026-07-21 09:19:34.856149278+05:30,417.8,420.15,415.65,415.9500000000001,5755.0,2773.0,134,2407573.199999999
2026-07-21 09:21:24.840842557+05:30,416.3,416.35,410.85,410.85,7463.0,2750.0,134,3094134.0499999993
2026-07-21 09:24:03.739807401+05:30,410.2000000000001,410.3,404.6,409.2000000000001,5156.0,2540.0,134,2101912.2499999995
2026-07-21 09:27:05.182018871+05:30,409.0,411.05,407.9,409.35,6333.0,3721.0,134,2593683.3000000003
2026-07-21 09:30:15.861251271+05:30,409.25,409.85,404.3,405.6,6586.0,2235.0,134,2681107.6499999985
2026-07-21 09:33:54.166767457+05:30,405.75,410.5,405.75,409.5,4997.0,2984.0,134,2041190.0000000002
2026-07-21 09:38:03.467000129+05:30,409.5,413.65,408.4,408.4,5885.0,3375.0,134,2420199.0999999996
2026-07-21 09:43:15.371128063+05:30,408.2000000000001,410.4,404.2000000000001,404.4,6108.0,1909.0,134,2493464.349999999
2026-07-21 09:48:23.276326640+05:30,404.35,407.7000000000001,404.1,405.9500000000001,6666.0,3035.0,134,2703511.150000001
2026-07-21 09:53:23.592110707+05:30,406.1,408.2000000000001,405.0,406.75,6149.0,2635.0,134,2498582.200000001
2026-07-21 09:59:55.984767425+05:30,406.7000000000001,410.4,405.75,408.65,5106.0,2812.0,134,2082613.2999999993
2026-07-21 10:05:43.700319201+05:30,408.7000000000001,411.0,405.8,405.9,5779.0,2953.0,134,2359518.1
2026-07-21 10:12:38.206365119+05:30,406.15,406.4500000000001,403.3,404.15,6006.0,2796.0,134,2430649.9999999995
2026-07-21 10:19:12.525980172+05:30,404.2000000000001,406.65,401.3,406.0,7190.0,3325.0,134,2904622.6499999985
2026-07-21 10:25:44.987073247+05:30,406.1,407.85,404.4500000000001,406.7000000000001,5235.0,2419.0,134,2127544.5000000005
2026-07-21 10:34:08.695620290+05:30,406.7000000000001,408.35,403.4,404.05,5968.0,2894.0,134,2423352.25
2026-07-21 10:42:46.111187875+05:30,404.3,405.05,399.85,402.2000000000001,6038.0,3054.0,134,2433588.9
2026-07-21 10:51:43.280816670+05:30,402.05,402.15,394.55,394.55,6019.0,2810.0,134,2402686.8500000015
2026-07-21 10:59:20.019086520+05:30,394.55,399.9,393.5,398.8,5826.0,3262.0,134,2316957.3
2026-07-21 11:08:27.951586329+05:30,398.7000000000001,400.9500000000001,397.55,397.6,6785.0,2893.0,134,2704719.7999999993
2026-07-21 11:17:20.110701632+05:30,397.4500000000001,402.35,395.3,402.25,6295.0,3328.0,134,2511052.0
2026-07-21 11:26:19.719056140+05:30,402.0,405.9,401.9500000000001,402.05,5836.0,3051.0,134,2353859.9500000007
2026-07-21 11:34:22.107137774+05:30,402.3,407.65,401.8,406.2000000000001,6416.0,2404.0,134,2600169.300000001
2026-07-21 11:43:59.410347607+05:30,405.9,407.7000000000001,404.3,405.4500000000001,5174.0,2916.0,134,2101494.6500000004
2026-07-21 11:54:05.148388955+05:30,405.85,405.9,400.9,401.4,5938.0,2211.0,134,2391780.6999999997
2026-07-21 12:03:19.282284633+05:30,401.6,404.65,400.35,404.65,5692.0,2914.0,134,2288133.3
2026-07-21 12:11:59.019449192+05:30,405.0,407.1,403.75,405.15,6923.0,4048.0,134,2805223.1999999997
2026-07-21 12:21:48.783293862+05:30,405.05,406.9,402.0,402.0,6521.0,3442.0,134,2635977.65
2026-07-21 12:31:18.528445179+05:30,402.3,403.4500000000001,400.85,402.35,5435.0,2431.0,134,2186761.9
2026-07-21 12:38:47.510330564+05:30,402.1,402.65,400.0,401.55,4981.0,2125.0,134,2000581.7000000002
2026-07-21 12:49:33.098275770+05:30,401.6,408.9,401.4,408.4500000000001,5820.0,3636.0,134,2356066.8000000003
2026-07-21 12:58:18.604222810+05:30,408.4,410.75,406.7000000000001,409.25,4903.0,2867.0,134,2004488.85
2026-07-21 13:07:20.722940130+05:30,409.75,414.7000000000001,409.75,414.15,5252.0,2815.0,134,2164099.4000000004
2026-07-21 13:15:53.082098964+05:30,414.35,421.7000000000001,413.4,421.7000000000001,5895.0,3531.0,134,2454791.149999999
2026-07-21 13:25:48.594444979+05:30,421.8,423.0,418.35,422.75,5705.0,3046.0,134,2400279.1999999997
2026-07-21 13:34:08.068196232+05:30,422.8,426.7000000000001,422.8,425.8,5655.0,3036.0,134,2402751.1499999994
2026-07-21 13:42:10.181030519+05:30,425.65,427.75,425.25,425.4500000000001,5124.0,2723.0,134,2186243.95
2026-07-21 13:49:56.140970920+05:30,425.15,426.35,421.85,424.6,7038.0,3560.0,134,2984408.9500000007
2026-07-21 13:57:35.339673639+05:30,425.35,425.85,421.5,425.4,6289.0,3561.0,134,2663931.3999999994
2026-07-21 14:04:26.997401483+05:30,425.4500000000001,426.7000000000001,421.35,424.75,6193.0,3013.0,134,2622286.9499999997
2026-07-21 14:11:56.733860072+05:30,424.9,432.65,423.9,432.65,5680.0,2611.0,134,2431141.8000000007
2026-07-21 14:19:42.732116007+05:30,432.25,433.7000000000001,428.25,428.35,5357.0,1936.0,134,2308942.45
2026-07-21 14:27:12.818744555+05:30,428.1,428.3,420.6,422.75,5129.0,2309.0,134,2180738.35
2026-07-21 14:34:19.632203471+05:30,423.05,425.1,422.3,423.3,7237.0,3597.0,134,3064937.2499999995
2026-07-21 14:40:28.876156894+05:30,423.3,429.9,422.4,428.9,4928.0,2998.0,134,2096461.8499999994
2026-07-21 14:47:20.830931415+05:30,428.8,433.55,428.8,433.4500000000001,6305.0,3628.0,134,2718785.9499999993
2026-07-21 14:52:17.948762728+05:30,433.55,434.5,429.9500000000001,431.05,6770.0,3314.0,134,2927511.5
2026-07-21 14:58:07.753118176+05:30,431.0,437.0,430.65,435.0,6113.0,3534.0,134,2645754.5000000005
2026-07-21 15:03:39.726542258+05:30,435.05,439.15,435.05,436.35,5808.0,3158.0,134,2538413.3000000003
2026-07-21 15:07:31.954478817+05:30,436.4500000000001,441.35,435.55,439.6,6586.0,3641.0,134,2891208.849999999
2026-07-21 15:11:55.310980770+05:30,438.9,442.4,436.1,442.2000000000001,5624.0,3223.0,134,2468784.850000002
2026-07-21 15:15:35.029531419+05:30,442.8,445.4,440.9500000000001,443.15,6091.0,3110.0,134,2702628.2499999986
2026-07-21 15:18:44.592085768+05:30,442.85,444.35,437.7000000000001,438.55,6547.0,2517.0,134,2892742.85
2026-07-21 15:21:35.981514690+05:30,438.3,439.3,434.4500000000001,438.25,5616.0,2666.0,134,2453762.6500000004
2026-07-21 15:23:53.367523122+05:30,438.6,439.6,434.7000000000001,439.3,6935.0,3288.0,134,3030573.0
2026-07-21 15:25:43.153959928+05:30,439.3,440.8,435.15,435.3,6143.0,3282.0,134,2689297.9499999993
2026-07-21 15:27:24.536934657+05:30,435.5,437.2000000000001,433.1,435.9,6141.0,2829.0,134,2673556.8999999994
2026-07-21 15:28:35.872142010+05:30,435.85,438.0,434.35,438.0,6033.0,3188.0,134,2630596.0000000014
2026-07-21 15:29:19.669749754+05:30,437.8,443.1,437.8,438.5,5800.0,3159.0,134,2556796.9999999995
2026-07-21 15:29:50.466474665+05:30,438.5,440.1,437.1,438.4,6639.0,3486.0,134,2913900.4999999995
2026-07-21 15:29:59.950437208+05:30,438.3,446.15,437.6,442.35,5428.0,2619.0,134,2397149.3499999996
2026-07-22 09:15:07.551758140+05:30,442.0,446.2000000000001,441.7000000000001,445.05,5442.0,2792.0,134,2417497.849999999
2026-07-22 09:15:42.571546851+05:30,443.9,445.25,438.15,438.2000000000001,6821.0,2420.0,134,3005943.8499999996
2026-07-22 09:16:54.054796525+05:30,438.9500000000001,443.55,437.4500000000001,443.4500000000001,5649.0,2447.0,134,2490204.3000000003
2026-07-22 09:18:54.857615804+05:30,443.55,445.0,439.05,440.05,6064.0,2935.0,134,2677938.6000000006
2026-07-22 09:21:12.122850671+05:30,439.8,444.4,433.8,434.1,6522.0,2334.0,134,2862148.2500000014
2026-07-22 09:24:36.085529936+05:30,433.9,436.35,431.9,433.6,6287.0,3036.0,134,2728311.3000000007
2026-07-22 09:28:17.970533036+05:30,433.6,440.05,432.15,440.05,6466.0,2572.0,134,2817493.9500000007
2026-07-22 09:33:28.008907207+05:30,440.15,443.9500000000001,438.05,440.35,6102.0,2651.0,134,2689651.649999999
2026-07-22 09:39:17.071763783+05:30,440.8,447.85,440.4500000000001,445.7000000000001,5928.0,3701.0,134,2639092.5500000007
2026-07-22 09:46:20.138921172+05:30,446.05,451.15,445.65,450.65,7736.0,4194.0,134,3473846.700000001
2026-07-22 09:52:30.868404163+05:30,451.0,452.15,448.4,449.35,5820.0,2920.0,134,2620036.4499999997
2026-07-22 09:59:36.644452077+05:30,449.6,455.55,448.0,452.05,6193.0,2879.0,134,2793408.5499999993
2026-07-22 10:08:29.011982735+05:30,452.3,452.9500000000001,449.05,452.85,6809.0,3552.0,134,3070688.8000000017
2026-07-22 10:19:24.350794094+05:30,452.8,456.25,452.1,456.25,5257.0,2736.0,134,2385550.65
2026-07-22 10:31:04.066456823+05:30,456.6,465.15,456.6,465.15,6127.0,3672.0,134,2817469.95
2026-07-22 10:42:26.181700199+05:30,465.4,468.75,464.6,468.0,6131.0,2593.0,134,2861581.9499999997
2026-07-22 10:54:33.563504620+05:30,467.7000000000001,472.75,466.65,469.7000000000001,5872.0,2904.0,134,2756240.2000000007
2026-07-22 11:05:06.357873186+05:30,470.25,471.15,465.3,466.6,5866.0,2966.0,134,2750617.000000001
2026-07-22 11:18:30.373920085+05:30,466.6,466.6,462.4500000000001,463.3,6489.0,3089.0,134,3012133.8500000006
2026-07-22 11:29:33.658514500+05:30,463.3,466.85,462.15,466.35,4980.0,2572.0,134,2310260.7500000005
2026-07-22 11:42:39.560265419+05:30,466.35,468.2000000000001,464.4,465.9500000000001,5291.0,2982.0,134,2466968.0500000007
2026-07-22 11:56:21.357947136+05:30,465.7000000000001,467.4500000000001,463.9500000000001,466.0,6703.0,3161.0,134,3118137.599999999
2026-07-22 12:08:15.328125148+05:30,466.6,468.5,463.4,464.65,5551.0,2044.0,134,2586380.0500000003
2026-07-22 12:20:42.497098797+05:30,464.4500000000001,468.2000000000001,463.25,463.6,6835.0,3393.0,134,3183071.7
2026-07-22 12:32:27.289856618+05:30,463.35,465.35,459.3,459.7000000000001,5532.0,2553.0,134,2557235.6000000006
2026-07-22 12:46:22.023133994+05:30,459.85,463.5,457.7000000000001,459.85,5346.0,2448.0,134,2459790.1999999997
2026-07-22 12:58:05.056188093+05:30,460.05,462.2000000000001,455.4500000000001,455.9,6063.0,2475.0,134,2785770.2499999995
2026-07-22 13:10:43.125737439+05:30,456.1,461.7000000000001,456.1,461.6,6484.0,4256.0,134,2972003.2499999986
2026-07-22 13:22:40.481871874+05:30,461.4500000000001,462.9,453.55,454.4,6705.0,3185.0,134,3071997.7499999986
2026-07-22 13:33:41.928909280+05:30,454.35,454.7000000000001,446.75,447.75,5811.0,2413.0,134,2620303.2500000005
2026-07-22 13:45:23.671573487+05:30,447.8,448.3,443.85,445.9,5281.0,3385.0,134,2357943.9000000004
2026-07-22 13:56:18.177262580+05:30,445.8,449.15,443.0,448.2000000000001,6301.0,4028.0,134,2811874.6000000006
2026-07-22 14:06:56.975790849+05:30,447.25,449.15,444.35,448.5,5144.0,2096.0,134,2299210.25
2026-07-22 14:15:54.827632387+05:30,448.6,450.1,443.7000000000001,444.5,5245.0,2082.0,134,2348269.000000001
2026-07-22 14:25:56.248946208+05:30,444.25,447.35,443.1,443.4,6096.0,3254.0,134,2715795.85
2026-07-22 14:33:25.362432345+05:30,443.8,446.6,442.1,442.75,6729.0,3182.0,134,2988864.0000000014
2026-07-22 14:43:16.786752100+05:30,442.35,447.3,439.4,446.1,6687.0,2720.0,134,2964574.4499999997
2026-07-22 14:51:03.694372215+05:30,446.0,446.5,442.15,443.1,5343.0,2387.0,134,2372739.35
2026-07-22 14:58:22.870262483+05:30,442.85,442.85,437.9,440.05,5479.0,2133.0,134,2411664.55
2026-07-22 15:05:45.520549893+05:30,439.8,444.0,439.5,439.75,6902.0,3082.0,134,3048122.4499999993
2026-07-22 15:10:57.045439116+05:30,439.55,440.4,434.35,434.6,5453.0,2511.0,134,2389558.250000001
2026-07-22 15:15:52.378142827+05:30,434.4,441.15,432.4,441.15,4274.0,2249.0,134,1866677.6
2026-07-22 15:20:04.014079891+05:30,441.35,444.55,440.8,443.6,6147.0,3336.0,134,2720967.700000001
2026-07-22 15:23:14.607720981+05:30,444.0,444.0,440.05,442.3,7025.0,3590.0,134,3105868.750000001
2026-07-22 15:25:55.213756818+05:30,441.9,443.55,437.3,440.0,7680.0,3934.0,134,3385990.1500000004
2026-07-22 15:27:52.106244903+05:30,440.3,443.05,438.05,439.65,5427.0,2529.0,134,2391379.6999999997
2026-07-22 15:29:07.559567432+05:30,439.2000000000001,441.5,437.75,440.85,5335.0,2777.0,134,2345911.550000001
2026-07-22 15:29:47.480980607+05:30,441.0,442.9500000000001,435.4500000000001,437.7000000000001,4986.0,2401.0,134,2193498.95
2026-07-23 09:15:00.001625428+05:30,437.3,439.05,434.9500000000001,438.4,5727.0,2971.0,134,2502293.1999999993
2026-07-23 09:15:11.154609808+05:30,438.4500000000001,445.2000000000001,438.35,443.5,5663.0,3542.0,134,2506263.5500000007
2026-07-23 09:15:51.951533700+05:30,443.15,447.05,441.25,445.55,6405.0,3569.0,134,2843592.5500000007
2026-07-23 09:17:05.409144359+05:30,445.4,448.05,443.5,443.75,7656.0,2928.0,134,3413024.499999999
2026-07-23 09:18:45.540225579+05:30,443.65,448.05,443.65,446.1,6404.0,3501.0,134,2856676.9499999997
2026-07-23 09:20:53.176853910+05:30,445.7000000000001,451.05,444.9,448.4500000000001,7014.0,4059.0,134,3141779.65
2026-07-23 09:23:49.301162329+05:30,448.1,448.6,442.9,445.65,5864.0,2940.0,134,2612454.2
2026-07-23 09:27:10.923379691+05:30,445.75,447.9,442.75,445.85,5405.0,2454.0,134,2406993.9999999995
2026-07-23 09:31:29.319032703+05:30,445.6,447.25,442.65,446.3,5165.0,2321.0,134,2299187.65
2026-07-23 09:36:28.043746675+05:30,445.8,446.5,442.0,443.0,6951.0,2900.0,134,3086855.2500000005
2026-07-23 09:41:35.883629473+05:30,443.55,446.75,443.55,445.4500000000001,6983.0,3216.0,134,3110184.950000001
2026-07-23 09:48:22.206471329+05:30,445.1,451.35,445.1,451.15,5592.0,3462.0,134,2504791.699999999
2026-07-23 09:55:56.337472570+05:30,450.7000000000001,450.9500000000001,446.65,448.65,5520.0,2666.0,134,2478412.85
2026-07-23 10:03:02.677337390+05:30,448.2000000000001,450.05,445.6,449.4500000000001,7215.0,3144.0,134,3229789.1999999993
2026-07-23 10:11:02.964770905+05:30,449.25,451.05,447.9,449.0,5354.0,2458.0,134,2406088.400000001
2026-07-23 10:21:41.092421686+05:30,448.9500000000001,448.9500000000001,444.4500000000001,446.6,5315.0,2867.0,134,2372136.1999999997
2026-07-23 10:30:11.034146514+05:30,446.4,446.7000000000001,442.9500000000001,442.9500000000001,4888.0,2134.0,134,2174846.5499999993
2026-07-23 10:40:07.455031888+05:30,442.85,443.3,440.2000000000001,440.9500000000001,5646.0,2768.0,134,2494388.3499999996
2026-07-23 10:49:15.898026726+05:30,440.9500000000001,442.8,438.6,439.7000000000001,5873.0,3136.0,134,2589945.0
2026-07-23 10:59:49.553627382+05:30,439.35,446.4,437.4,443.8,6372.0,2845.0,134,2822706.1500000004
2026-07-23 11:09:33.312802628+05:30,443.75,443.8,438.7000000000001,440.5,5511.0,2775.0,134,2427376.9000000004
2026-07-23 11:20:16.432014696+05:30,440.5,444.4500000000001,440.15,443.05,5675.0,2550.0,134,2511593.7499999986
2026-07-23 11:32:43.801077408+05:30,442.85,445.75,439.4,439.4500000000001,6321.0,2734.0,134,2797809.7500000014
2026-07-23 11:44:48.657966353+05:30,439.1,442.55,435.65,442.35,5950.0,3073.0,134,2611943.8
2026-07-23 11:55:21.626741550+05:30,442.15,444.1,439.15,439.25,5579.0,3090.0,134,2468004.9999999995
2026-07-23 12:06:42.269895551+05:30,439.0,448.55,438.6,448.1,6446.0,3266.0,134,2862993.9499999993
2026-07-23 12:18:29.021496830+05:30,448.3,451.35,447.25,449.2000000000001,5953.0,2934.0,134,2673959.6999999997
2026-07-23 12:31:43.352187699+05:30,449.4500000000001,452.5,446.55,448.8,5765.0,2807.0,134,2593641.7499999995
2026-07-23 12:42:31.052738483+05:30,449.2000000000001,449.85,444.7000000000001,448.85,5636.0,2911.0,134,2521459.900000001
2026-07-23 12:53:56.637294471+05:30,448.9500000000001,448.9500000000001,437.2000000000001,438.9500000000001,5533.0,2691.0,134,2447499.3500000006
2026-07-23 13:05:54.547552750+05:30,439.4,440.35,436.9,436.9,6031.0,2918.0,134,2647784.1500000004
2026-07-23 13:17:18.932805639+05:30,437.25,441.5,437.25,437.55,5521.0,2719.0,134,2424336.0999999996
2026-07-23 13:30:43.821822769+05:30,437.25,438.9,434.15,435.0,5687.0,2981.0,134,2482410.9499999993
2026-07-23 13:41:41.897372848+05:30,434.75,439.3,434.55,437.75,5863.0,3446.0,134,2557698.250000001
2026-07-23 13:53:25.963005783+05:30,438.0,438.2000000000001,431.2000000000001,431.2000000000001,6528.0,2918.0,134,2839502.000000002
2026-07-23 14:03:01.331877601+05:30,431.0,432.65,424.9500000000001,424.9500000000001,5584.0,2788.0,134,2397895.7
2026-07-23 14:12:04.514215180+05:30,424.85,429.2000000000001,424.3,425.75,6269.0,2971.0,134,2676874.2499999995
2026-07-23 14:22:16.320339539+05:30,425.4500000000001,431.1,422.9500000000001,430.6,4908.0,2446.0,134,2101227.1999999997
2026-07-23 14:30:07.543842074+05:30,430.7000000000001,432.65,422.25,422.5,6476.0,2236.0,134,2770017.45
2026-07-23 14:37:34.035553622+05:30,422.35,423.4500000000001,417.75,417.9500000000001,6256.0,3232.0,134,2630663.4999999995
2026-07-23 14:45:44.122065135+05:30,417.4500000000001,419.9500000000001,416.05,416.05,6151.0,3320.0,134,2574615.050000001
2026-07-23 14:52:38.424405120+05:30,416.15,416.65,412.7000000000001,412.7000000000001,5466.0,2224.0,134,2267939.5000000005
2026-07-23 14:59:25.120817529+05:30,412.8,413.3,408.4,410.7000000000001,6212.0,3787.0,134,2551810.550000001
2026-07-23 15:05:29.858619669+05:30,410.25,413.65,409.8,410.65,5706.0,2789.0,134,2352234.6000000006
2026-07-23 15:10:49.953599217+05:30,410.25,415.15,409.65,413.85,5728.0,3567.0,134,2361902.05
2026-07-23 15:15:09.171029045+05:30,414.4,416.5,411.65,411.65,6167.0,2572.0,134,2553879.5500000007
2026-07-23 15:19:20.000745173+05:30,411.9,412.05,404.1,405.4,6357.0,2661.0,134,2593260.5000000005
2026-07-23 15:22:23.228651499+05:30,405.15,412.65,404.1,410.55,6471.0,3591.0,134,2647113.55
2026-07-23 15:24:53.720305540+05:30,410.6,415.1,408.35,415.05,6538.0,4573.0,134,2691250.099999999
2026-07-23 15:27:08.992520425+05:30,415.4500000000001,416.4,410.8,411.05,6843.0,3494.0,134,2831822.3999999994
2026-07-23 15:28:38.890386236+05:30,411.05,414.5,409.7000000000001,410.1,6779.0,2871.0,134,2794721.6
2026-07-23 15:29:35.786542429+05:30,410.0,414.05,408.35,413.05,5416.0,2616.0,134,2226577.7000000007
2026-07-23 15:29:58.340838696+05:30,413.4,413.5,409.85,412.5,6435.0,2204.0,134,2651058.750000001
2026-07-24 09:15:03.208758394+05:30,413.0,417.0,412.15,415.1,6520.0,4020.0,134,2702425.2499999995
2026-07-24 09:15:21.654298892+05:30,415.0,419.1,413.4500000000001,418.3,7475.0,3093.0,134,3112382.8499999987
2026-07-24 09:16:01.822696287+05:30,418.15,422.65,416.55,422.4,4572.0,2693.0,134,1913448.5000000005
2026-07-24 09:17:16.611541429+05:30,422.4,426.35,419.85,426.25,4925.0,2565.0,134,2081082.4000000001
2026-07-24 09:19:03.193632961+05:30,426.25,430.0,426.25,429.3,6378.0,3850.0,134,2733322.6999999997
2026-07-24 09:21:09.901572283+05:30,429.25,429.9500000000001,426.6,428.85,5029.0,2092.0,134,2153099.5000000005
2026-07-24 09:23:56.996951097+05:30,429.15,434.65,428.85,434.0,5708.0,2790.0,134,2462586.350000001
2026-07-24 09:27:21.547184216+05:30,434.35,435.9500000000001,432.4500000000001,432.65,7049.0,3787.0,134,3060293.649999999
2026-07-24 09:31:53.531228186+05:30,432.55,434.25,428.7000000000001,429.4,5821.0,3538.0,134,2512207.8500000006
2026-07-24 09:36:29.906530761+05:30,429.65,430.4500000000001,426.05,428.1,4895.0,2587.0,134,2096659.8000000005
2026-07-24 09:42:23.895208321+05:30,428.1,428.35,421.8,422.65,7083.0,2894.0,134,3010664.849999999
2026-07-24 09:48:16.237726603+05:30,422.55,427.3,422.15,426.7000000000001,6307.0,3589.0,134,2680543.3
2026-07-24 09:55:02.467895211+05:30,426.85,427.4500000000001,423.55,424.8,5130.0,2108.0,134,2181294.849999999
2026-07-24 10:02:49.579349789+05:30,424.85,426.55,423.2000000000001,424.3,6982.0,2806.0,134,2965487.7500000014
2026-07-24 10:09:28.529660988+05:30,424.4,426.85,421.85,422.2000000000001,6162.0,3057.0,134,2613964.000000001
2026-07-24 10:16:45.577716056+05:30,422.15,425.6,421.1,424.85,5947.0,3221.0,134,2519870.1999999997
2026-07-24 10:25:36.816213042+05:30,424.65,426.15,419.5,421.4,5741.0,1963.0,134,2426149.450000001
2026-07-24 10:35:12.904790034+05:30,420.85,422.5,417.4,417.8,6418.0,2576.0,134,2692531.9
2026-07-24 10:43:11.108723798+05:30,418.1,419.5,414.4,415.7000000000001,5499.0,2416.0,134,2292148.3500000006
2026-07-24 10:52:52.640175911+05:30,415.8,417.7000000000001,413.0,417.55,5939.0,2231.0,134,2464237.0500000007
2026-07-24 11:03:25.072385937+05:30,418.3,421.8,417.75,419.65,5749.0,2976.0,134,2409515.0
2026-07-24 11:13:11.051690983+05:30,419.25,420.55,416.4500000000001,420.3,5604.0,3698.0,134,2347051.9000000004
2026-07-24 11:22:58.550096961+05:30,420.35,425.1,420.25,421.85,5413.0,2569.0,134,2289199.2
2026-07-24 11:32:55.690992112+05:30,421.8,426.1,420.0,424.7000000000001,5517.0,2504.0,134,2333858.9499999997
2026-07-24 11:43:27.518362583+05:30,424.75,425.05,418.65,418.65,5440.0,3089.0,134,2297228.9499999997
2026-07-24 11:53:44.303804780+05:30,418.75,423.35,418.75,423.35,6992.0,3735.0,134,2944938.5500000007
2026-07-24 12:06:06.573028612+05:30,423.55,424.65,419.7000000000001,419.7000000000001,6356.0,2285.0,134,2680236.7499999995
2026-07-24 12:16:52.689641634+05:30,419.75,421.0,416.8,419.85,8031.0,2893.0,134,3367375.549999999
2026-07-24 12:28:29.086694721+05:30,420.1,420.1,415.0,415.6,7900.0,3972.0,134,3302732.5
2026-07-24 12:40:15.397595949+05:30,415.85,416.4500000000001,408.9500000000001,409.6,4836.0,1622.0,134,1995161.5999999994
2026-07-24 12:50:29.120344130+05:30,409.5,412.55,409.35,410.7000000000001,5830.0,2680.0,134,2396441.75
2026-07-24 13:02:28.478253760+05:30,410.9500000000001,412.35,408.9500000000001,409.5,5268.0,2686.0,134,2162857.0
2026-07-24 13:14:35.855345253+05:30,408.9,409.25,404.9,405.4500000000001,8367.0,4830.0,134,3404686.5500000017
2026-07-24 13:23:35.087870784+05:30,405.05,409.35,405.05,409.2000000000001,6134.0,3072.0,134,2499757.5500000007
2026-07-24 13:33:30.673046439+05:30,409.2000000000001,409.3,399.8,401.8,5999.0,2798.0,134,2427797.0499999993
2026-07-24 13:45:17.231736086+05:30,401.75,401.9500000000001,397.35,401.75,6816.0,3182.0,134,2724874.9
2026-07-24 13:55:14.251532960+05:30,401.65,408.35,401.25,403.75,4813.0,2754.0,134,1950788.7
2026-07-24 14:05:35.561041595+05:30,403.65,408.55,403.05,408.4500000000001,5493.0,3159.0,134,2228473.5500000003
2026-07-24 14:14:54.452156774+05:30,408.4500000000001,410.9,408.05,408.55,6483.0,3520.0,134,2654272.6499999994
2026-07-24 14:23:06.072145974+05:30,408.6,409.2000000000001,405.9500000000001,407.25,5477.0,2725.0,134,2233211.7500000005
2026-07-24 14:31:36.214621870+05:30,407.2000000000001,410.1,406.9500000000001,410.1,5643.0,3379.0,134,2305845.6500000004
2026-07-24 14:38:04.423087004+05:30,410.1,415.6,409.25,413.4500000000001,5448.0,2338.0,134,2244398.6999999997
2026-07-24 14:45:46.990483301+05:30,413.25,415.15,409.85,410.1,7313.0,2608.0,134,3010772.4499999993
2026-07-24 14:52:16.814507572+05:30,409.8,410.6,407.4,410.25,7270.0,3109.0,134,2974440.7000000007
2026-07-24 14:58:22.115968612+05:30,410.5,411.7000000000001,403.7000000000001,405.25,7375.0,4530.0,134,3010320.9499999993
2026-07-24 15:03:12.009177853+05:30,405.1,407.25,403.05,404.9,6580.0,4267.0,134,2665996.2999999993
2026-07-24 15:08:37.444146211+05:30,405.3,405.3,401.4,403.05,5996.0,2609.0,134,2417428.85
2026-07-24 15:13:22.877748433+05:30,403.2000000000001,408.6,402.15,408.25,5806.0,2958.0,134,2353065.9500000007
2026-07-24 15:16:49.681497035+05:30,408.4,408.85,401.65,403.65,6197.0,3330.0,134,2513347.2499999995
2026-07-24 15:20:20.487068363+05:30,403.4,407.15,402.85,403.15,6516.0,3577.0,134,2640554.4999999995
2026-07-24 15:23:19.980716121+05:30,403.05,405.9,402.75,404.5,5606.0,2651.0,134,2267162.0499999993
2026-07-24 15:25:42.287579069+05:30,404.2000000000001,405.85,402.8,403.4,7971.0,3600.0,134,3221698.1999999997
2026-07-24 15:27:29.243025852+05:30,403.55,404.0,400.55,402.7000000000001,5581.0,2779.0,134,2245787.0500000003
2026-07-24 15:28:37.751532584+05:30,402.75,403.9,399.2000000000001,399.2000000000001,6121.0,3314.0,134,2458192.4999999995
2026-07-24 15:29:34.502622735+05:30,399.15,402.3,398.05,400.0,5653.0,2456.0,134,2260861.750000001
2026-07-24 15:29:57.713844465+05:30,400.25,402.85,397.75,400.9500000000001,5653.0,1960.0,134,2266328.0999999996
2026-07-27 09:15:00.978779512+05:30,401.1,401.55,394.9500000000001,396.4,5201.0,2155.0,134,2071237.0500000003
2026-07-27 09:15:16.882851167+05:30,396.7000000000001,397.1,393.7000000000001,395.1,6661.0,3435.0,134,2636100.8999999994
2026-07-27 09:15:47.354542508+05:30,395.2000000000001,396.9500000000001,391.4500000000001,392.35,5492.0,2799.0,134,2168293.1500000004
2026-07-27 09:16:40.179876039+05:30,392.25,395.55,391.9,393.25,5642.0,3113.0,134,2220520.15
2026-07-27 09:18:02.307109926+05:30,393.2000000000001,394.6,391.5,392.25,6258.0,3494.0,134,2458677.45
2026-07-27 09:19:57.425368504+05:30,392.25,393.85,389.3,392.0,5989.0,3408.0,134,2345460.950000001
2026-07-27 09:22:12.729239205+05:30,392.0,393.35,387.55,388.85,6969.0,3643.0,134,2726323.7500000005
2026-07-27 09:24:52.256693930+05:30,388.55,390.4500000000001,386.25,386.75,5969.0,3129.0,134,2314844.4499999997
2026-07-27 09:27:48.091004344+05:30,386.85,394.3,386.7000000000001,393.2000000000001,7023.0,4487.0,134,2737671.999999998
2026-07-27 09:31:11.869752825+05:30,393.55,396.6,392.6,393.6,6292.0,3182.0,134,2481547.350000001
2026-07-27 09:35:55.262771564+05:30,393.55,396.25,392.5,395.15,6485.0,3328.0,134,2556506.35
2026-07-27 09:41:13.818004069+05:30,395.2000000000001,397.1,393.9500000000001,395.6,7356.0,4534.0,134,2910014.5499999993
2026-07-27 09:47:43.651279163+05:30,395.05,395.6,391.85,393.0,5257.0,2542.0,134,2069949.8500000013
2026-07-27 09:53:29.652169322+05:30,392.8,395.4,390.05,395.4,5260.0,2845.0,134,2064783.3999999992
2026-07-27 09:59:40.813077837+05:30,395.35,395.85,391.65,393.4500000000001,6212.0,2456.0,134,2447924.400000002
2026-07-27 10:07:19.962598373+05:30,393.3,397.6,393.2000000000001,394.1,6148.0,3474.0,134,2431770.0499999993
2026-07-27 10:14:11.902767953+05:30,393.5,394.6,391.05,391.25,7654.0,3189.0,134,3011608.3000000007
2026-07-27 10:21:15.426380055+05:30,391.0,397.75,390.0,397.4,6636.0,4377.0,134,2609165.9
2026-07-27 10:28:59.278417098+05:30,397.55,398.4,394.4500000000001,394.8,6599.0,2616.0,134,2617488.1000000006
2026-07-27 10:37:22.625373325+05:30,395.25,399.85,394.9,399.0,5662.0,3676.0,134,2251412.8
2026-07-27 10:46:03.509808092+05:30,398.9,400.75,397.7000000000001,398.15,5190.0,2218.0,134,2071476.3000000005
2026-07-27 10:55:29.273356933+05:30,397.9500000000001,404.4,396.2000000000001,402.9,5355.0,2926.0,134,2144866.2500000005
2026-07-27 11:05:56.531808697+05:30,402.9500000000001,404.85,401.85,404.1,5431.0,2734.0,134,2192737.8000000007
2026-07-27 11:17:13.500086746+05:30,403.85,406.8,402.4500000000001,406.05,6886.0,3356.0,134,2787413.4499999997
2026-07-27 11:26:14.587912576+05:30,405.65,406.7000000000001,403.35,406.4,7378.0,4528.0,134,2989545.9000000004
2026-07-27 11:37:36.809467318+05:30,406.5,408.3,403.55,407.85,7346.0,4352.0,134,2981937.05
2026-07-27 11:49:20.236261813+05:30,407.75,408.7000000000001,406.2000000000001,408.3,5192.0,3110.0,134,2113852.65
2026-07-27 11:59:57.246701271+05:30,408.55,414.65,406.65,412.0,5624.0,3023.0,134,2313631.499999999
2026-07-27 12:10:14.337165626+05:30,411.9,415.05,409.1,414.7000000000001,7443.0,3741.0,134,3065394.5500000007
2026-07-27 12:21:15.519204715+05:30,415.7000000000001,418.85,415.65,415.8,4988.0,2225.0,134,2079483.85
2026-07-27 12:29:51.681412924+05:30,415.75,422.1,415.35,419.75,7297.0,3708.0,134,3050707.449999999
2026-07-27 12:40:27.351029964+05:30,419.8,419.8,413.15,413.4500000000001,6420.0,2546.0,134,2678309.650000001
2026-07-27 12:49:38.889734213+05:30,413.55,418.15,412.4,418.15,7048.0,3277.0,134,2928981.750000001
2026-07-27 13:02:11.638382708+05:30,418.05,420.9,415.75,417.2000000000001,5670.0,2188.0,134,2376322.4500000007
2026-07-27 13:13:02.570178055+05:30,417.4500000000001,420.8,416.35,420.55,6060.0,3246.0,134,2538824.800000001
2026-07-27 13:25:45.929349194+05:30,420.25,424.35,417.3,417.5,5055.0,2319.0,134,2128091.5000000005
2026-07-27 13:35:47.725242396+05:30,417.5,420.8,416.6,420.15,6950.0,3699.0,134,2910468.8
2026-07-27 13:45:01.962846120+05:30,420.5,422.9500000000001,417.8,418.15,6256.0,2870.0,134,2635439.85
2026-07-27 13:55:16.626700637+05:30,418.35,421.9500000000001,417.2000000000001,420.85,6116.0,3202.0,134,2567647.2000000016
2026-07-27 14:04:52.459902762+05:30,421.25,427.4,421.1,426.5,5670.0,3357.0,134,2406697.0000000005
2026-07-27 14:12:27.172052563+05:30,426.3,430.85,424.9500000000001,430.85,6110.0,3098.0,134,2612814.0
2026-07-27 14:20:32.802777120+05:30,430.9500000000001,433.4500000000001,427.35,429.25,5164.0,2162.0,134,2227689.8000000003
2026-07-27 14:29:39.439045864+05:30,429.4500000000001,433.3,428.85,431.85,6356.0,2885.0,134,2738533.2999999993
2026-07-27 14:37:04.543701076+05:30,431.7000000000001,434.55,429.7000000000001,430.9,4760.0,2047.0,134,2058844.6000000006
2026-07-27 14:44:25.126751215+05:30,430.8,432.35,427.3,431.35,6493.0,3355.0,134,2794281.95
2026-07-27 14:50:28.412960598+05:30,431.3,431.65,422.15,423.05,6094.0,2105.0,134,2602214.0999999987
2026-07-27 14:56:35.090257027+05:30,423.5,430.15,422.85,428.55,7480.0,3760.0,134,3192248.449999998
2026-07-27 15:02:05.774604474+05:30,428.4500000000001,436.65,428.05,434.9,6480.0,3403.0,134,2803147.75
2026-07-27 15:07:25.011998110+05:30,434.7000000000001,440.9,434.1,440.35,5690.0,3451.0,134,2490917.5500000003
2026-07-27 15:11:58.262016854+05:30,440.55,441.75,436.5,436.9500000000001,6019.0,2638.0,134,2645315.799999999
2026-07-27 15:15:59.277468859+05:30,437.05,440.25,436.05,439.7000000000001,6282.0,4137.0,134,2748443.6
2026-07-27 15:19:24.534244391+05:30,439.75,439.75,428.2000000000001,428.2000000000001,5441.0,1994.0,134,2359127.3
2026-07-27 15:22:54.579124924+05:30,428.85,431.0,424.0,424.9,4995.0,2096.0,134,2135144.1499999985
2026-07-27 15:25:05.069996079+05:30,424.75,424.9500000000001,416.65,416.65,5504.0,2549.0,134,2316798.3999999994
2026-07-27 15:27:01.857604087+05:30,416.9,420.65,415.9,420.5,5814.0,3045.0,134,2434373.2
2026-07-27 15:28:25.217635581+05:30,420.6,421.4,416.7000000000001,419.7000000000001,6507.0,2768.0,134,2726527.3499999987
2026-07-27 15:29:17.553389260+05:30,419.3,422.9500000000001,415.85,422.05,6605.0,3794.0,134,2770892.550000001
2026-07-27 15:29:52.002585603+05:30,422.6,428.05,419.15,427.65,5741.0,3441.0,134,2426687.7999999993
2026-07-28 09:15:00.004751585+05:30,427.35,430.9,427.05,429.3,6623.0,3491.0,134,2842584.7000000016
2026-07-28 09:15:34.058056313+05:30,429.25,430.7000000000001,426.4500000000001,429.15,6642.0,3683.0,134,2847633.9000000004
2026-07-28 09:17:56.295917948+05:30,429.35,429.35,422.25,423.3,4470.0,2085.0,134,1901933.5000000002
2026-07-28 09:21:53.292382423+05:30,423.05,423.8,419.55,423.65,5799.0,2955.0,134,2446886.749999999
2026-07-28 09:27:29.652901380+05:30,423.85,429.5,423.7000000000001,427.5,5818.0,2884.0,134,2483265.0
2026-07-28 09:34:04.213979822+05:30,427.55,431.85,427.15,431.35,7649.0,4061.0,134,3287996.2000000007
2026-07-28 09:42:50.628770060+05:30,431.1,433.3,428.9,429.35,7385.0,3717.0,134,3179484.0
2026-07-28 09:52:52.464964549+05:30,429.7000000000001,433.1,428.15,433.05,7511.0,4793.0,134,3234843.3999999994
2026-07-28 10:05:23.871750882+05:30,432.25,433.0,428.05,429.05,5081.0,2575.0,134,2186628.4999999995
2026-07-28 10:18:43.005272355+05:30,428.85,428.85,422.25,422.35,5860.0,2205.0,134,2495275.2500000014
2026-07-28 10:31:14.563067877+05:30,422.4500000000001,424.55,421.65,422.65,6340.0,3166.0,134,2683350.099999999
2026-07-28 10:49:35.739580113+05:30,422.55,425.75,421.2000000000001,425.65,8465.0,2932.0,134,3589232.4999999995
2026-07-28 11:09:10.228710359+05:30,425.05,431.7000000000001,424.7000000000001,431.4500000000001,4657.0,2549.0,134,1993406.1499999994
2026-07-28 11:26:06.350439140+05:30,431.35,431.35,426.8,430.4,5329.0,2403.0,134,2286630.8
2026-07-28 11:44:54.877133831+05:30,430.6,432.9,428.65,432.6,5374.0,3075.0,134,2315114.6
2026-07-28 12:03:24.830816250+05:30,432.8,432.8,426.1,428.25,5905.0,2668.0,134,2525769.1999999993
2026-07-28 12:20:16.557815084+05:30,428.4500000000001,430.35,425.5,427.9,5720.0,2871.0,134,2448129.05
2026-07-28 12:37:28.122843808+05:30,427.55,428.7000000000001,424.35,426.05,5454.0,2122.0,134,2326631.9499999993
2026-07-28 12:53:17.582329644+05:30,425.9,431.6,425.05,429.9500000000001,7639.0,4584.0,134,3272347.3
2026-07-28 13:15:47.911434088+05:30,429.9500000000001,431.05,420.65,421.4500000000001,4780.0,2117.0,134,2041292.8999999994
2026-07-28 13:36:49.862159082+05:30,421.4500000000001,421.6,415.6,415.6,6617.0,1716.0,134,2766176.55
2026-07-28 13:54:59.951490790+05:30,416.05,427.9500000000001,416.05,424.9,6869.0,4526.0,134,2913778.1999999997
2026-07-28 14:09:23.460976359+05:30,425.0,427.2000000000001,423.4500000000001,427.2000000000001,4810.0,2575.0,134,2043294.2000000004
2026-07-28 14:25:35.584435144+05:30,427.5,430.65,426.75,429.9,5741.0,3291.0,134,2463222.700000001
2026-07-28 14:40:18.537755099+05:30,429.9500000000001,432.75,429.05,431.5,5646.0,3277.0,134,2429021.8499999996
2026-07-28 14:53:24.552438801+05:30,431.2000000000001,432.75,429.4,429.5,5484.0,3227.0,134,2364517.4499999997
2026-07-28 15:03:27.195307720+05:30,429.4500000000001,429.4500000000001,421.2000000000001,423.05,6423.0,3000.0,134,2725147.8000000007
2026-07-28 15:12:11.003799208+05:30,423.0,423.0,415.85,417.3,5375.0,2622.0,134,2248524.6999999997
2026-07-28 15:18:35.594471335+05:30,417.6,420.25,416.55,419.0,5084.0,2657.0,134,2125619.3499999996
2026-07-28 15:23:42.003073390+05:30,418.6,420.15,415.65,416.85,6320.0,3701.0,134,2642583.0000000005
2026-07-28 15:27:21.563590952+05:30,416.85,420.15,416.0,419.35,7215.0,3039.0,134,3017037.4000000004
2026-07-28 15:29:13.280091194+05:30,420.05,424.85,418.9,424.5,4855.0,2070.0,134,2047934.3
2026-07-28 15:29:57.408439532+05:30,424.7000000000001,428.2000000000001,423.4,425.25,5634.0,2452.0,134,2397067.7000000007
2026-07-29 09:15:09.227340608+05:30,425.4500000000001,427.9500000000001,421.9500000000001,425.9500000000001,5670.0,2481.0,134,2409081.15
2026-07-29 09:16:15.255652315+05:30,426.1,426.65,418.4500000000001,418.9,4876.0,2181.0,134,2060928.9999999995
2026-07-29 09:19:10.298588304+05:30,418.85,424.0,418.8,423.0,5942.0,3854.0,134,2504947.3000000003
2026-07-29 09:24:36.083310803+05:30,422.65,424.4500000000001,420.35,421.65,7680.0,3581.0,134,3242629.9999999995
2026-07-29 09:30:37.418632939+05:30,421.3,424.75,420.05,422.2000000000001,6123.0,3125.0,134,2588657.4499999993
2026-07-29 09:37:57.209063735+05:30,422.2000000000001,424.0,419.35,419.75,5336.0,2938.0,134,2250956.4499999997
2026-07-29 09:47:19.310832600+05:30,419.65,421.7000000000001,416.8,419.4500000000001,6623.0,3648.0,134,2778497.6999999997
2026-07-29 09:57:23.480842103+05:30,419.3,422.7000000000001,418.1,421.0,6604.0,3846.0,134,2773677.8000000003
2026-07-29 10:10:09.598062384+05:30,421.25,422.2000000000001,418.5,420.8,6025.0,2957.0,134,2532088.7999999993
2026-07-29 10:23:36.151466893+05:30,421.1,423.65,419.9500000000001,423.6,6868.0,3512.0,134,2895302.1499999994
2026-07-29 10:38:08.692841549+05:30,423.35,427.9500000000001,421.4,427.15,4959.0,2303.0,134,2106088.6999999997
2026-07-29 10:56:12.024391589+05:30,427.05,427.9,423.05,426.1,6666.0,3910.0,134,2834242.349999999
2026-07-29 11:10:52.674538938+05:30,425.9500000000001,431.65,425.9500000000001,430.7000000000001,5734.0,2719.0,134,2462685.4499999997
2026-07-29 11:30:49.536418124+05:30,430.6,433.4500000000001,429.75,430.5,5148.0,2255.0,134,2219467.6
2026-07-29 11:50:14.962397808+05:30,430.55,433.7000000000001,429.65,430.8,6347.0,3284.0,134,2737425.2999999993
2026-07-29 12:13:16.423657237+05:30,430.35,432.2000000000001,425.2000000000001,428.85,8058.0,4096.0,134,3456168.049999999
2026-07-29 12:34:49.855619230+05:30,428.7000000000001,428.9,425.05,426.0,6398.0,2731.0,134,2729844.4000000013
2026-07-29 12:52:50.535852212+05:30,425.85,427.4500000000001,423.25,424.8,5728.0,2907.0,134,2435653.05
2026-07-29 13:09:54.321157491+05:30,425.3,425.9,420.85,420.9,6339.0,3363.0,134,2682662.4499999993
2026-07-29 13:30:30.345951048+05:30,420.65,432.15,420.65,432.15,7474.0,3776.0,134,3200150.4000000004
2026-07-29 13:47:55.483645919+05:30,432.05,432.5,425.6,431.15,5323.0,2652.0,134,2285629.4999999995
2026-07-29 14:07:05.859016240+05:30,431.35,431.7000000000001,428.3,431.65,5653.0,2338.0,134,2433468.35
2026-07-29 14:21:52.738936703+05:30,431.85,434.5,429.15,429.3,5998.0,3070.0,134,2591573.5499999993
2026-07-29 14:34:41.270010893+05:30,429.2000000000001,429.6,426.4500000000001,427.1,6060.0,2923.0,134,2595599.25
2026-07-29 14:46:34.947026856+05:30,427.0,428.2000000000001,422.85,423.9,6541.0,2862.0,134,2782023.0500000003
2026-07-29 14:56:57.884354353+05:30,423.9,426.85,422.75,424.55,5951.0,2661.0,134,2527558.4000000004
2026-07-29 15:07:12.940596962+05:30,424.55,433.25,423.65,433.25,7100.0,4660.0,134,3040309.6
2026-07-29 15:14:45.841300301+05:30,433.05,435.35,431.4500000000001,431.4500000000001,6053.0,3834.0,134,2622872.749999999
2026-07-29 15:20:40.047472829+05:30,431.35,431.85,426.4500000000001,428.35,6412.0,2168.0,134,2748139.3000000003
2026-07-29 15:24:53.787994235+05:30,428.3,429.25,424.25,429.25,5955.0,2911.0,134,2540067.9500000007
2026-07-29 15:27:56.396525315+05:30,429.3,430.9500000000001,423.9500000000001,427.05,6795.0,2613.0,134,2906743.1000000015
2026-07-29 15:29:35.341566569+05:30,427.05,434.1,426.15,431.9,6144.0,3703.0,134,2643294.95
2026-07-30 09:15:00.039986562+05:30,431.4500000000001,435.0,428.85,429.7000000000001,6927.0,2343.0,134,2998654.8499999978
2026-07-30 09:15:12.863238422+05:30,429.85,432.65,427.4,432.65,5675.0,2889.0,134,2435389.700000001
2026-07-30 09:15:43.630658100+05:30,432.7000000000001,434.4500000000001,430.2000000000001,434.4,6525.0,4226.0,134,2818737.400000001
2026-07-30 09:16:43.587940529+05:30,434.9,439.9500000000001,434.4500000000001,438.5,5470.0,3454.0,134,2391771.85
2026-07-30 09:18:18.943873326+05:30,437.8,439.4500000000001,436.1,436.9,6522.0,2932.0,134,2854965.25
2026-07-30 09:20:28.049985625+05:30,436.7000000000001,441.7000000000001,435.1,439.9,5346.0,2837.0,134,2344488.499999999
2026-07-30 09:22:28.518877938+05:30,439.9,440.1,434.5,437.9500000000001,5709.0,2636.0,134,2492093.9000000004
2026-07-30 09:25:47.338289415+05:30,438.15,439.9,435.3,438.5,5732.0,2712.0,134,2507087.1500000013
2026-07-30 09:28:49.688968552+05:30,438.75,440.4500000000001,438.2000000000001,438.9,7537.0,4060.0,134,3311671.400000002
2026-07-30 09:32:44.311493951+05:30,438.9500000000001,442.65,438.25,439.4,5609.0,2736.0,134,2470291.7
2026-07-30 09:36:45.173800899+05:30,439.9500000000001,450.3,439.6,448.55,5608.0,3234.0,134,2502961.0500000007
2026-07-30 09:41:57.416945467+05:30,448.8,449.75,444.35,446.7000000000001,5772.0,2758.0,134,2578120.5
2026-07-30 09:47:04.394754533+05:30,446.25,451.4500000000001,446.1,451.0,5405.0,3327.0,134,2427001.8000000003
2026-07-30 09:52:36.549428311+05:30,450.8,451.4500000000001,445.8,447.05,6264.0,2160.0,134,2809065.5500000007
2026-07-30 09:59:19.835652671+05:30,447.15,450.15,446.25,447.15,5431.0,2707.0,134,2432825.749999999
2026-07-30 10:06:14.873551497+05:30,447.5,450.55,445.2000000000001,446.9,4528.0,2056.0,134,2028770.0499999996
2026-07-30 10:13:12.718876617+05:30,447.05,451.8,446.5,446.9,5913.0,2821.0,134,2655981.3500000015
2026-07-30 10:20:24.880442107+05:30,447.3,453.7000000000001,446.25,453.65,7146.0,3479.0,134,3210432.8999999985
2026-07-30 10:28:02.489459470+05:30,454.15,454.15,445.6,447.9,4890.0,2142.0,134,2195063.4000000004
2026-07-30 10:37:37.847523426+05:30,448.05,449.9,445.1,447.6,7011.0,2413.0,134,3139069.5999999996
2026-07-30 10:46:20.452105537+05:30,447.3,448.0,442.2000000000001,443.0,7284.0,2775.0,134,3246758.1
2026-07-30 10:56:32.691149472+05:30,443.4,444.1,436.35,439.05,6693.0,3225.0,134,2946520.35
2026-07-30 11:05:25.998160888+05:30,438.2000000000001,441.0,437.9,439.2000000000001,5512.0,2479.0,134,2422376.75
2026-07-30 11:16:20.843227990+05:30,439.65,447.35,439.25,446.75,5915.0,3491.0,134,2625562.8000000007
2026-07-30 11:25:57.365416676+05:30,446.6,450.0,443.7000000000001,448.1,7069.0,2947.0,134,3157832.449999999
2026-07-30 11:35:36.868723574+05:30,448.05,450.3,444.3,444.4,6573.0,3507.0,134,2944549.149999999
2026-07-30 11:45:47.652728763+05:30,444.15,449.0,443.0,448.15,6071.0,3364.0,134,2705848.45
2026-07-30 11:56:29.816514036+05:30,448.2000000000001,462.65,447.5,462.55,6001.0,3576.0,134,2720579.349999999
2026-07-30 12:06:49.698997694+05:30,462.4500000000001,468.0,462.4500000000001,466.3,7650.0,2761.0,134,3562981.1500000004
2026-07-30 12:16:10.811819677+05:30,465.9500000000001,469.9500000000001,464.1,469.8,5667.0,2817.0,134,2644147.5500000003
2026-07-30 12:26:04.232915400+05:30,469.9,474.4,469.1,470.9,7657.0,4608.0,134,3610526.349999999
2026-07-30 12:36:32.590331754+05:30,470.2000000000001,476.25,469.65,474.65,5575.0,3216.0,134,2640104.3000000007
2026-07-30 12:48:29.515198555+05:30,475.0,478.0,473.65,475.2000000000001,6768.0,3901.0,134,3219453.5999999987
2026-07-30 12:59:36.383624597+05:30,474.9500000000001,478.9,472.75,477.7000000000001,6896.0,2703.0,134,3276094.700000001
2026-07-30 13:10:37.283132944+05:30,477.6,480.4,471.35,474.7000000000001,5418.0,2095.0,134,2578196.1499999994
2026-07-30 13:19:56.885333086+05:30,474.3,480.2000000000001,471.9500000000001,480.2000000000001,7028.0,2778.0,134,3336416.95
2026-07-30 13:30:54.403495276+05:30,480.55,480.9,475.0,477.4500000000001,5392.0,1976.0,134,2574623.95
2026-07-30 13:42:45.350716957+05:30,477.8,478.9500000000001,472.9500000000001,473.9,6752.0,2922.0,134,3207871.899999999
2026-07-30 13:52:28.273369322+05:30,473.75,475.65,467.7000000000001,468.75,5398.0,2246.0,134,2544800.5500000003
2026-07-30 14:01:58.365489425+05:30,468.1,472.85,467.1,468.9,6416.0,2960.0,134,3019187.5500000003
2026-07-30 14:09:37.629549876+05:30,468.0,468.0,463.4500000000001,466.3,5364.0,2728.0,134,2497422.250000001
2026-07-30 14:17:55.973383186+05:30,466.35,468.8,461.25,462.15,6171.0,3190.0,134,2869270.85
2026-07-30 14:26:21.914961007+05:30,462.2000000000001,465.1,457.75,458.85,5078.0,2489.0,134,2337933.35
2026-07-30 14:33:47.746258067+05:30,458.4500000000001,459.5,455.1,456.9500000000001,5532.0,2648.0,134,2529148.4000000004
2026-07-30 14:40:52.435181711+05:30,457.55,463.4,456.4,461.35,5726.0,3140.0,134,2634480.2000000007
2026-07-30 14:47:23.259733468+05:30,460.9500000000001,464.05,460.3,463.2000000000001,7116.0,3416.0,134,3289481.9499999993
2026-07-30 14:54:07.994978224+05:30,463.2000000000001,465.15,461.35,464.4500000000001,5958.0,2614.0,134,2760280.0999999987
2026-07-30 14:59:55.591760244+05:30,463.8,468.15,463.3,467.5,6840.0,2863.0,134,3184433.0
2026-07-30 15:05:38.398867892+05:30,467.4,467.4,460.15,461.0,6447.0,2799.0,134,2982125.1999999997
2026-07-30 15:10:42.543496685+05:30,460.8,461.85,458.05,459.9,6879.0,3408.0,134,3162306.200000001
2026-07-30 15:14:42.635927515+05:30,459.85,462.65,459.35,459.9,5507.0,3056.0,134,2538927.0500000003
2026-07-30 15:18:30.542033310+05:30,459.4500000000001,461.35,453.5,453.5,6954.0,2920.0,134,3182089.9000000004
2026-07-30 15:21:38.261370217+05:30,453.4500000000001,455.4,448.15,455.3,4966.0,2026.0,134,2239240.7499999995
2026-07-30 15:24:08.840691351+05:30,455.05,455.15,449.25,449.85,4582.0,1999.0,134,2069396.2000000004
2026-07-30 15:26:05.550206076+05:30,448.9500000000001,452.5,448.7000000000001,451.85,5352.0,2972.0,134,2411561.399999999
2026-07-30 15:27:46.939253513+05:30,451.55,452.05,446.9,447.05,6117.0,2556.0,134,2751609.650000001
2026-07-30 15:29:02.731147443+05:30,447.0,447.4,443.3,445.65,5185.0,2416.0,134,2310074.900000001
2026-07-30 15:29:47.629885012+05:30,445.5,448.35,444.2000000000001,448.35,5517.0,3589.0,134,2458239.1
2026-07-30 15:29:59.782646389+05:30,448.25,450.75,447.15,447.85,5491.0,2525.0,134,2465880.5000000005
2026-07-31 09:15:04.695124676+05:30,448.25,452.05,446.9500000000001,448.05,5665.0,3367.0,134,2548896.6500000004
2026-07-31 09:15:36.624778480+05:30,448.1,452.55,447.75,449.35,6745.0,4065.0,134,3035948.3500000006
2026-07-31 09:16:35.137743975+05:30,449.7000000000001,450.9,444.6,446.8,7292.0,3284.0,134,3263027.0000000023
2026-07-31 09:17:59.838520228+05:30,447.25,451.0,446.9,449.35,4775.0,2597.0,134,2143292.0499999993
2026-07-31 09:19:45.198864579+05:30,449.1,449.1,440.35,440.4500000000001,6731.0,2429.0,134,2991221.5500000003
2026-07-31 09:22:13.940201109+05:30,440.4,443.85,440.4,443.3,5042.0,2769.0,134,2230800.6
2026-07-31 09:25:09.960494205+05:30,443.4,444.35,441.7000000000001,441.85,5623.0,2879.0,134,2490498.2999999993
2026-07-31 09:29:24.175601422+05:30,441.65,445.75,440.6,441.8,6281.0,3290.0,134,2786945.4500000016
2026-07-31 09:33:46.691927207+05:30,441.5,447.15,440.65,447.05,6132.0,2430.0,134,2722008.1000000006
2026-07-31 09:38:13.108523614+05:30,446.75,456.05,446.75,455.75,7158.0,3348.0,134,3236434.000000001
2026-07-31 09:43:08.586799949+05:30,455.5,462.0,454.15,462.0,4425.0,2137.0,134,2026399.4499999995
2026-07-31 09:48:43.973217244+05:30,462.05,474.65,461.8,472.35,6012.0,3621.0,134,2817016.6999999997
2026-07-31 09:55:27.764293421+05:30,472.6,473.2000000000001,467.9,470.75,5986.0,4060.0,134,2817781.650000001
2026-07-31 10:02:41.015400239+05:30,470.8,474.05,470.2000000000001,470.9,5508.0,2964.0,134,2599083.0499999993
2026-07-31 10:09:51.728546272+05:30,470.35,470.55,467.0,469.05,5741.0,2986.0,134,2690702.9
2026-07-31 10:16:36.034459754+05:30,469.1,475.85,468.7000000000001,473.75,6918.0,4457.0,134,3269251.449999999
2026-07-31 10:24:03.060584910+05:30,474.15,480.0,473.0,477.35,5013.0,2538.0,134,2389034.5
2026-07-31 10:33:04.867503956+05:30,478.4500000000001,481.0,474.4500000000001,474.4500000000001,5775.0,2549.0,134,2762604.9499999983
2026-07-31 10:42:57.528509750+05:30,473.9500000000001,475.75,472.05,474.25,5659.0,2543.0,134,2681110.4000000004
2026-07-31 10:52:27.009924412+05:30,474.55,475.35,472.25,475.25,6125.0,3066.0,134,2903006.9500000016
2026-07-31 11:01:57.025484028+05:30,475.1,480.7000000000001,470.75,478.8,6461.0,3564.0,134,3068631.3999999994
2026-07-31 11:11:12.619705145+05:30,479.2000000000001,481.4,473.85,473.85,5884.0,2380.0,134,2813611.9499999997
2026-07-31 11:22:16.044023951+05:30,473.2000000000001,479.1,470.8,478.35,6590.0,2975.0,134,3121233.9499999997
2026-07-31 11:31:31.463214029+05:30,478.15,478.35,471.65,472.05,5541.0,2913.0,134,2633468.7999999984
2026-07-31 11:41:37.436339564+05:30,471.6,474.4,468.85,473.35,5717.0,2837.0,134,2698015.0
2026-07-31 11:52:20.091799116+05:30,473.35,476.6,469.8,475.0,5863.0,3878.0,134,2773728.900000001
2026-07-31 12:04:59.153713976+05:30,474.75,475.05,465.4500000000001,466.75,6807.0,3058.0,134,3194791.5500000003
2026-07-31 12:16:15.842312071+05:30,466.75,467.25,462.5,464.3,6613.0,3293.0,134,3076435.1000000015
2026-07-31 12:27:41.686154160+05:30,464.1,464.4500000000001,459.65,461.4,5510.0,2365.0,134,2546910.100000001
2026-07-31 12:38:31.962474389+05:30,461.4,461.8,456.9500000000001,460.0,5707.0,2045.0,134,2621932.25
2026-07-31 12:48:38.125074260+05:30,460.05,460.35,450.85,457.4500000000001,6126.0,3534.0,134,2788935.8999999994
2026-07-31 13:00:08.023416656+05:30,457.6,458.4500000000001,451.4500000000001,454.8,5010.0,2267.0,134,2278667.049999999
2026-07-31 13:10:19.776287702+05:30,454.7000000000001,456.4500000000001,452.25,456.2000000000001,5912.0,2814.0,134,2685853.8000000003
2026-07-31 13:20:24.810887619+05:30,456.05,457.85,454.15,455.2000000000001,6803.0,3353.0,134,3100943.150000001
2026-07-31 13:30:56.723986026+05:30,455.4,455.7000000000001,447.4,448.05,7284.0,3176.0,134,3292399.650000001
2026-07-31 13:40:30.360159483+05:30,448.9,452.4500000000001,446.7000000000001,450.0,5588.0,2904.0,134,2514190.2
2026-07-31 13:49:14.758333192+05:30,450.0,450.25,443.9500000000001,444.2000000000001,6129.0,2999.0,134,2743710.2000000007
2026-07-31 13:58:44.255778028+05:30,444.4500000000001,449.0,442.3,448.25,6335.0,3312.0,134,2825062.5
2026-07-31 14:07:13.226048648+05:30,449.0,450.55,447.5,449.4500000000001,5831.0,3580.0,134,2618643.6500000004
2026-07-31 14:14:46.389723990+05:30,450.0,452.5,441.9,442.35,5398.0,1699.0,134,2412569.0000000005
2026-07-31 14:24:32.309002658+05:30,442.6,444.3,440.7000000000001,444.1,5338.0,2617.0,134,2363118.1999999993
2026-07-31 14:32:26.257043287+05:30,443.9,446.8,441.9500000000001,443.65,5947.0,2960.0,134,2639395.1499999994
2026-07-31 14:39:06.277428085+05:30,443.9,445.2000000000001,441.6,443.1,4859.0,2386.0,134,2154334.199999999
2026-07-31 14:46:22.065672586+05:30,443.4500000000001,451.8,443.3,449.6,6081.0,3060.0,134,2723664.3499999996
2026-07-31 14:52:51.307788647+05:30,449.4,452.1,447.4500000000001,449.4,5655.0,2978.0,134,2544055.2
2026-07-31 14:59:20.955475030+05:30,448.75,449.5,445.7000000000001,445.7000000000001,7645.0,3782.0,134,3419690.0999999987
2026-07-31 15:04:32.499184666+05:30,445.8,446.9500000000001,442.5,444.4,5391.0,2991.0,134,2396456.9499999997
2026-07-31 15:09:21.920978702+05:30,444.65,444.75,432.5,432.8,4996.0,1762.0,134,2190856.0
2026-07-31 15:14:24.585133291+05:30,432.8,433.3,428.85,430.85,5913.0,2788.0,134,2552842.6500000004
2026-07-31 15:17:36.364248194+05:30,430.9500000000001,431.6,429.2000000000001,430.05,4643.0,2432.0,134,1997743.7499999998
2026-07-31 15:20:55.574139591+05:30,430.7000000000001,439.3,429.5,438.6,6026.0,3981.0,134,2619463.85
2026-07-31 15:23:36.199927618+05:30,438.35,438.75,429.25,429.25,6322.0,1907.0,134,2741646.2999999993
2026-07-31 15:25:35.418294665+05:30,428.9,430.15,427.05,428.9500000000001,5906.0,2946.0,134,2531495.5
2026-07-31 15:27:01.679765751+05:30,429.4500000000001,430.0,423.35,423.65,5133.0,1697.0,134,2183329.6999999993
2026-07-31 15:28:28.748191616+05:30,423.55,423.9,420.0,422.0,7544.0,3061.0,134,3188100.2500000005
2026-07-31 15:29:20.147870423+05:30,422.2000000000001,424.6,421.55,423.0,5813.0,3638.0,134,2458937.95
2026-07-31 15:29:51.137739542+05:30,422.9500000000001,424.55,417.3,417.75,6779.0,2735.0,134,2852706.5499999984
2026-08-03 09:15:00.013253727+05:30,417.6,418.6,414.35,418.6,6414.0,3555.0,134,2669421.2000000007
2026-08-03 09:15:08.374105625+05:30,418.9500000000001,424.25,418.9500000000001,424.2000000000001,5657.0,3384.0,134,2383078.2500000005
2026-08-03 09:15:36.293628997+05:30,423.65,423.8,420.4500000000001,420.55,7151.0,2669.0,134,3018717.5500000003
2026-08-03 09:16:38.105073970+05:30,420.8,420.8,416.15,416.85,6183.0,3102.0,134,2583904.9500000016
2026-08-03 09:17:45.094010023+05:30,416.9,420.75,416.85,418.3,6341.0,3721.0,134,2657501.8499999987
2026-08-03 09:19:46.879036158+05:30,417.8,418.65,415.8,416.25,6034.0,2974.0,134,2517654.85
2026-08-03 09:22:05.516557880+05:30,415.9,415.9,412.75,415.1,6002.0,2744.0,134,2485461.75
2026-08-03 09:25:01.583538504+05:30,415.3,417.35,413.5,415.25,6309.0,2753.0,134,2618703.3000000017
2026-08-03 09:28:21.173774407+05:30,415.0,415.25,410.2000000000001,411.2000000000001,5716.0,3256.0,134,2358431.5000000005
2026-08-03 09:32:13.744453467+05:30,410.75,416.35,408.9500000000001,416.35,7165.0,4766.0,134,2951954.8500000006
2026-08-03 09:36:12.762818752+05:30,416.5,416.65,412.05,413.2000000000001,5434.0,2415.0,134,2252696.65
2026-08-03 09:40:48.122216887+05:30,413.0,415.4,411.4500000000001,413.75,5454.0,3239.0,134,2252048.0500000007
2026-08-03 09:46:44.289940804+05:30,413.7000000000001,419.2000000000001,411.4500000000001,419.2000000000001,7013.0,5188.0,134,2904208.0999999996
2026-08-03 09:51:50.979316379+05:30,418.75,420.75,417.3,420.4500000000001,6438.0,3133.0,134,2698265.8999999994
2026-08-03 09:57:58.533703872+05:30,420.4500000000001,423.4500000000001,419.9500000000001,421.15,6675.0,3155.0,134,2814747.0499999993
2026-08-03 10:05:23.250627950+05:30,420.9,422.3,418.25,418.25,5293.0,1986.0,134,2226311.5000000005
2026-08-03 10:13:06.425875184+05:30,418.25,421.4500000000001,415.9,421.1,6290.0,3308.0,134,2629700.35
2026-08-03 10:20:27.835016033+05:30,421.7000000000001,425.35,420.8,420.9,6252.0,2910.0,134,2643328.7999999993
2026-08-03 10:28:07.017704823+05:30,420.55,430.5,419.35,430.05,6490.0,3581.0,134,2750774.9000000004
2026-08-03 10:36:07.359462638+05:30,430.2000000000001,436.65,429.85,436.3,6433.0,3822.0,134,2786042.25
2026-08-03 10:43:38.787744469+05:30,436.05,438.4500000000001,433.55,436.0,6097.0,3359.0,134,2661380.35
2026-08-03 10:52:25.930707365+05:30,435.9500000000001,436.9500000000001,432.8,434.9500000000001,6692.0,3947.0,134,2911213.7
2026-08-03 11:01:29.653302625+05:30,434.55,435.2000000000001,428.05,431.1,6338.0,2204.0,134,2731853.150000001
2026-08-03 11:10:23.413992437+05:30,431.4500000000001,434.75,430.85,434.3,5703.0,3111.0,134,2465167.35
2026-08-03 11:18:32.073868847+05:30,434.05,436.4500000000001,430.85,436.1,6534.0,4141.0,134,2831815.1000000015
2026-08-03 11:30:00.171803032+05:30,435.8,443.35,434.8,440.3,6346.0,4299.0,134,2784008.3499999996
2026-08-03 11:39:01.179294606+05:30,439.75,443.3,438.9500000000001,439.85,5610.0,2529.0,134,2473289.5500000007
2026-08-03 11:48:04.947953949+05:30,440.0,442.6,439.65,439.9,5418.0,2486.0,134,2391527.5999999996
2026-08-03 11:57:14.838837124+05:30,440.0,441.2000000000001,436.55,437.9,6678.0,3597.0,134,2928598.950000001
2026-08-03 12:06:37.394949667+05:30,437.8,438.2000000000001,433.3,434.65,5402.0,2458.0,134,2352162.199999999
2026-08-03 12:17:12.480417154+05:30,435.4500000000001,437.4500000000001,433.9,437.35,5362.0,2984.0,134,2336346.3999999994
2026-08-03 12:26:01.106118054+05:30,437.2000000000001,438.5,435.85,436.55,6190.0,2766.0,134,2705013.400000001
2026-08-03 12:35:54.102737846+05:30,436.3,436.5,427.8,432.15,6200.0,3561.0,134,2681331.450000001
2026-08-03 12:44:47.087167859+05:30,432.05,439.55,431.65,438.6,5576.0,3136.0,134,2425513.2500000005
2026-08-03 12:54:33.583739964+05:30,439.2000000000001,443.7000000000001,438.65,442.8,5766.0,3495.0,134,2540255.149999999
2026-08-03 13:05:25.993068935+05:30,442.55,451.3,442.55,451.05,6895.0,3981.0,134,3091075.3000000003
2026-08-03 13:15:54.256897386+05:30,450.5,457.4500000000001,450.25,456.85,6397.0,3289.0,134,2899084.9999999977
2026-08-03 13:25:59.127622917+05:30,456.35,460.9500000000001,455.65,459.6,6190.0,4314.0,134,2836119.549999999
2026-08-03 13:34:24.032440285+05:30,458.8,463.0,458.0,460.3,6401.0,2230.0,134,2951554.7999999984
2026-08-03 13:44:07.002550035+05:30,460.15,463.3,458.25,463.3,5723.0,2745.0,134,2638163.45
2026-08-03 13:52:55.843086739+05:30,462.9500000000001,465.35,460.55,465.35,7520.0,4210.0,134,3478561.0500000003
2026-08-03 14:02:28.544155014+05:30,466.1,466.7000000000001,458.9,459.35,7329.0,2263.0,134,3389987.1
2026-08-03 14:11:35.551126363+05:30,459.35,460.35,451.55,452.05,5193.0,2017.0,134,2367982.8999999994
2026-08-03 14:19:36.420983276+05:30,451.85,453.4500000000001,448.85,449.1,5584.0,1974.0,134,2519909.849999999
2026-08-03 14:27:02.116135838+05:30,449.25,450.9,445.75,445.8,8403.0,4133.0,134,3768879.8499999996
2026-08-03 14:34:16.045233142+05:30,445.9500000000001,447.9,445.2000000000001,446.35,5915.0,2708.0,134,2640008.05
2026-08-03 14:40:50.324045900+05:30,446.7000000000001,447.3,438.75,441.15,6702.0,2487.0,134,2967012.750000002
2026-08-03 14:47:13.697063146+05:30,441.2000000000001,441.85,437.7000000000001,438.4,5534.0,2137.0,134,2430646.5499999993
2026-08-03 14:53:37.120285802+05:30,438.25,444.35,437.25,442.4500000000001,5298.0,3005.0,134,2332233.600000001
2026-08-03 14:59:05.281639712+05:30,442.05,444.0,440.05,442.55,5166.0,2856.0,134,2282365.85
2026-08-03 15:04:22.488734223+05:30,442.0,443.4500000000001,436.75,437.7000000000001,4972.0,1924.0,134,2182859.2000000007
2026-08-03 15:08:35.742693851+05:30,438.2000000000001,439.5,435.1,435.85,5599.0,3352.0,134,2446457.0500000003
2026-08-03 15:13:01.863195106+05:30,435.5,438.3,435.4500000000001,435.9,5428.0,2960.0,134,2372149.35
2026-08-03 15:17:22.816908644+05:30,435.9,436.8,433.35,434.75,5737.0,2611.0,134,2495015.699999999
2026-08-03 15:20:35.181591645+05:30,434.9,436.85,431.55,431.55,6176.0,2674.0,134,2683031.5500000003
2026-08-03 15:23:10.580294592+05:30,431.9500000000001,434.1,429.7000000000001,431.75,5856.0,3384.0,134,2530126.3
2026-08-03 15:25:30.384240416+05:30,432.35,436.7000000000001,432.0,436.7000000000001,6471.0,3507.0,134,2809125.1499999994
2026-08-03 15:27:21.404137110+05:30,437.7000000000001,440.9500000000001,436.7000000000001,438.35,5967.0,2809.0,134,2619160.1499999994
2026-08-03 15:28:41.278388091+05:30,438.6,443.75,438.1,441.65,5592.0,3222.0,134,2470410.9999999995
2026-08-03 15:29:29.592530181+05:30,441.4500000000001,449.65,440.85,449.1,6213.0,3527.0,134,2766714.150000001
2026-08-03 15:29:55.259955315+05:30,449.35,449.4500000000001,445.85,446.8,4699.0,2244.0,134,2102330.1499999994
2026-08-04 09:15:00.187280830+05:30,446.85,450.2000000000001,445.55,449.7000000000001,5851.0,2668.0,134,2618658.050000001
2026-08-04 09:15:24.014430218+05:30,449.65,456.6,448.15,456.6,5794.0,3264.0,134,2619181.4499999993
2026-08-04 09:16:26.852884615+05:30,456.75,457.05,449.7000000000001,450.3,7114.0,4104.0,134,3230373.0499999993
2026-08-04 09:18:00.911018698+05:30,450.35,451.8,449.1,449.55,5559.0,3428.0,134,2503171.9000000004
2026-08-04 09:20:52.383516795+05:30,449.05,450.25,444.5,445.25,6036.0,3050.0,134,2698676.5000000005
2026-08-04 09:24:01.733315791+05:30,445.6,447.65,439.05,439.4,6357.0,2679.0,134,2830521.5999999978
2026-08-04 09:28:28.635859857+05:30,438.9,439.9500000000001,434.4,439.9500000000001,6814.0,4049.0,134,2982668.1000000006
2026-08-04 09:32:36.891794886+05:30,439.9,442.2000000000001,437.1,440.7000000000001,4513.0,1806.0,134,1986491.8
2026-08-04 09:39:12.875684404+05:30,440.9500000000001,441.65,436.35,437.75,6197.0,3293.0,134,2720000.75
2026-08-04 09:46:20.432230513+05:30,437.75,438.75,435.1,437.75,5168.0,2949.0,134,2258787.799999999
2026-08-04 09:54:05.298858974+05:30,438.15,438.4,433.55,436.25,6474.0,3771.0,134,2822653.650000002
2026-08-04 10:02:36.887386002+05:30,436.4500000000001,437.55,433.9,436.3,5661.0,2852.0,134,2467132.3000000007
2026-08-04 10:11:47.108402919+05:30,436.5,437.9,433.4500000000001,435.0,6599.0,3907.0,134,2872382.4499999993
2026-08-04 10:21:12.865510876+05:30,434.9,438.3,433.75,438.3,6112.0,3350.0,134,2663302.0500000007
2026-08-04 10:30:14.086876341+05:30,438.25,442.4500000000001,437.9500000000001,441.4500000000001,6411.0,3450.0,134,2820160.7499999986
2026-08-04 10:41:03.845214813+05:30,441.8,442.1,437.15,439.15,5920.0,2839.0,134,2596996.349999999
2026-08-04 10:53:27.275070359+05:30,439.15,440.1,433.55,436.4,6495.0,3695.0,134,2834357.649999998
2026-08-04 11:05:39.574938685+05:30,436.3,436.3,431.05,433.35,6164.0,3199.0,134,2671176.5499999993
2026-08-04 11:17:51.123989551+05:30,433.6,435.15,430.6,434.85,7146.0,3503.0,134,3093276.4
2026-08-04 11:31:04.613587263+05:30,434.85,436.0,431.2000000000001,431.3,6406.0,3160.0,134,2780234.249999999
2026-08-04 11:43:48.830179085+05:30,431.15,431.35,423.8,426.25,7471.0,3928.0,134,3185060.749999998
2026-08-04 11:57:43.682339802+05:30,426.2000000000001,430.8,425.2000000000001,430.8,6216.0,3411.0,134,2660339.899999999
2026-08-04 12:09:33.365177893+05:30,430.9,437.35,428.9,437.35,5281.0,3405.0,134,2286074.0999999996
2026-08-04 12:23:48.766607757+05:30,437.4500000000001,440.05,435.1,438.15,5466.0,2765.0,134,2392189.4000000004
2026-08-04 12:36:04.246688817+05:30,437.9500000000001,438.55,435.9500000000001,437.4,6360.0,2453.0,134,2780748.0999999987
2026-08-04 12:50:28.674677179+05:30,437.4,442.4500000000001,437.4,441.0,5742.0,2788.0,134,2526898.85
2026-08-04 13:02:40.212915331+05:30,440.9500000000001,442.2000000000001,439.6,440.75,6132.0,3440.0,134,2704775.750000001
2026-08-04 13:15:08.354858175+05:30,440.5,441.25,435.85,437.25,6515.0,2884.0,134,2852341.25
2026-08-04 13:28:03.585301962+05:30,437.3,438.85,430.55,431.8,5222.0,2702.0,134,2272756.8999999994
2026-08-04 13:42:33.409427108+05:30,431.85,432.1,428.0,428.65,5238.0,2527.0,134,2255928.6999999997
2026-08-04 13:55:32.213691551+05:30,428.25,432.3,427.15,427.9,5068.0,2262.0,134,2176938.0499999993
2026-08-04 14:06:01.336016193+05:30,427.4500000000001,427.75,424.5,425.25,6347.0,2748.0,134,2703853.7
2026-08-04 14:16:42.050453383+05:30,425.5,425.55,421.9500000000001,422.4500000000001,5588.0,2280.0,134,2368789.9499999997
2026-08-04 14:28:18.431759215+05:30,422.0,424.65,417.3,417.4,5940.0,3543.0,134,2507329.2000000016
2026-08-04 14:38:19.039481224+05:30,416.8,422.0,416.25,421.5,5516.0,2641.0,134,2313524.9
2026-08-04 14:48:14.129547638+05:30,421.2000000000001,423.8,418.75,419.25,5654.0,2941.0,134,2381256.4000000004
2026-08-04 14:56:41.713482615+05:30,419.5,424.5,419.3,422.65,6580.0,2417.0,134,2781129.0999999987
2026-08-04 15:03:09.772819735+05:30,422.55,423.15,420.5,421.25,6209.0,2614.0,134,2619389.700000001
2026-08-04 15:10:02.696763895+05:30,421.1,423.15,417.65,419.3,6942.0,4203.0,134,2916842.500000001
2026-08-04 15:15:41.114034027+05:30,419.15,419.3,415.85,417.55,5545.0,1902.0,134,2314655.7
2026-08-04 15:20:02.598738063+05:30,417.9500000000001,420.15,415.5,417.65,7409.0,2874.0,134,3098560.2
2026-08-04 15:23:25.396491340+05:30,418.0,423.15,417.3,422.65,5392.0,2541.0,134,2266262.6
2026-08-04 15:26:01.086537117+05:30,422.1,422.9,419.9,422.75,5817.0,2521.0,134,2451650.900000001
2026-08-04 15:28:01.123240637+05:30,422.8,423.05,419.65,419.65,4661.0,2130.0,134,1964125.0499999993
2026-08-04 15:29:14.480595354+05:30,420.1,420.2000000000001,416.9,420.15,6292.0,2833.0,134,2633149.0000000014
2026-08-04 15:29:52.480816496+05:30,420.05,420.85,416.75,420.4500000000001,4763.0,1934.0,134,1994044.1000000008
2026-08-05 09:15:00.179426645+05:30,420.1,420.2000000000001,412.85,412.9500000000001,5656.0,1912.0,134,2354873.400000001
2026-08-05 09:15:08.335826102+05:30,412.65,415.0,412.05,413.3,7442.0,3663.0,134,3077253.15
2026-08-05 09:15:36.385849837+05:30,414.0,418.8,412.35,418.3,6374.0,3442.0,134,2645843.9000000004
2026-08-05 09:16:31.725289439+05:30,418.05,419.9,414.4500000000001,415.3,6445.0,2994.0,134,2689855.9500000007
2026-08-05 09:17:42.731395699+05:30,415.15,417.15,413.75,415.65,6192.0,3090.0,134,2572133.1500000004
2026-08-05 09:19:13.801161501+05:30,415.8,416.65,411.85,414.0,6100.0,2630.0,134,2525117.0500000007
2026-08-05 09:21:16.205951759+05:30,414.1,415.9500000000001,411.25,413.75,5580.0,3292.0,134,2309000.7000000007
2026-08-05 09:23:46.780827023+05:30,413.65,416.85,412.1,415.85,5106.0,2387.0,134,2115734.349999999
2026-08-05 09:27:26.383990063+05:30,416.3,418.1,413.65,416.9500000000001,6067.0,3774.0,134,2524691.0499999993
2026-08-05 09:30:50.564610028+05:30,416.55,425.65,416.55,424.3,5426.0,3282.0,134,2290096.3000000003
2026-08-05 09:34:42.241350194+05:30,423.9,427.0,423.05,423.35,6240.0,2258.0,134,2652981.150000002
2026-08-05 09:39:18.071711166+05:30,423.6,428.75,422.85,428.25,7529.0,3947.0,134,3206494.9499999993
2026-08-05 09:44:24.655432099+05:30,427.75,432.6,427.2000000000001,429.65,5622.0,3201.0,134,2417863.5500000003
2026-08-05 09:50:03.996585920+05:30,429.9,434.05,429.9,431.05,4993.0,2455.0,134,2159291.8500000015
2026-08-05 09:55:41.611316228+05:30,430.8,430.85,427.1,428.3,6240.0,2454.0,134,2675870.55
2026-08-05 10:02:35.812796708+05:30,428.25,432.05,426.9500000000001,430.9,6009.0,2792.0,134,2578806.3499999996
2026-08-05 10:08:44.477110177+05:30,431.0,437.85,430.4500000000001,437.8,5029.0,2530.0,134,2187123.6000000006
2026-08-05 10:15:44.082937838+05:30,437.8,441.4500000000001,437.75,440.7000000000001,5530.0,3218.0,134,2434022.749999999
2026-08-05 10:24:12.042824340+05:30,440.85,445.15,440.05,441.8,6712.0,3801.0,134,2969364.950000001
2026-08-05 10:31:23.346829971+05:30,442.1,444.4500000000001,439.6,443.6,5837.0,2855.0,134,2582656.9499999997
2026-08-05 10:39:40.825930738+05:30,443.15,445.1,442.1,444.8,6391.0,4229.0,134,2837964.8000000007
2026-08-05 10:49:10.048503814+05:30,444.8,447.7000000000001,439.55,442.4,6533.0,3579.0,134,2906757.0500000026
2026-08-05 10:58:02.260169363+05:30,442.1,443.0,439.75,442.5,5027.0,2561.0,134,2220019.3000000007
2026-08-05 11:06:10.074868517+05:30,442.55,446.4,441.85,446.4,5811.0,3064.0,134,2581122.9
2026-08-05 11:15:36.834336251+05:30,446.85,451.35,445.4,450.25,8184.0,4023.0,134,3673889.45
2026-08-05 11:26:27.336558180+05:30,450.4,458.05,450.4,454.5,6366.0,3708.0,134,2898049.5999999978
2026-08-05 11:36:23.817137666+05:30,453.9,453.9,445.0,446.3,7507.0,3359.0,134,3378793.499999999
2026-08-05 11:46:20.677363698+05:30,447.15,452.6,446.4,449.4,6284.0,3432.0,134,2826318.65
2026-08-05 11:57:43.893329820+05:30,449.75,449.9,444.9,445.9500000000001,5962.0,2489.0,134,2670348.7999999993
2026-08-05 12:06:38.674418500+05:30,445.9500000000001,450.2000000000001,442.6,448.4500000000001,6027.0,2549.0,134,2686487.85
2026-08-05 12:17:11.648691698+05:30,448.55,452.65,446.75,449.55,6651.0,2605.0,134,2985571.5
2026-08-05 12:27:19.100635533+05:30,450.1,451.15,448.3,448.5,6071.0,2651.0,134,2732184.0500000007
2026-08-05 12:35:47.897780248+05:30,448.9500000000001,452.0,446.15,451.9,6755.0,3709.0,134,3027913.349999998
2026-08-05 12:47:11.109692240+05:30,451.65,456.55,451.6,455.75,5181.0,3079.0,134,2356874.3500000006
2026-08-05 12:58:31.517359882+05:30,456.6,461.65,456.55,458.4,6699.0,3505.0,134,3079132.0000000014
2026-08-05 13:08:27.258056186+05:30,458.6,465.85,457.8,463.85,5898.0,3863.0,134,2717278.3000000007
2026-08-05 13:17:19.361703776+05:30,463.65,464.65,454.4,454.4,5304.0,2844.0,134,2440134.4000000004
2026-08-05 13:28:15.696231567+05:30,454.4,458.05,450.6,457.35,5944.0,3037.0,134,2703778.9999999995
2026-08-05 13:39:29.359466251+05:30,457.15,459.9500000000001,451.9500000000001,455.6,6521.0,2944.0,134,2977969.25
2026-08-05 13:48:42.674049996+05:30,455.4,465.6,455.4,463.9500000000001,5721.0,3540.0,134,2641858.600000001
2026-08-05 13:57:41.614825854+05:30,464.05,466.0,459.25,460.35,8152.0,4260.0,134,3768094.099999999
2026-08-05 14:06:30.464348192+05:30,460.65,464.55,460.0,464.35,5567.0,3269.0,134,2569735.850000001
2026-08-05 14:14:32.545993209+05:30,464.55,465.85,462.4,462.9500000000001,4938.0,2565.0,134,2293228.9
2026-08-05 14:21:49.329902411+05:30,463.4500000000001,464.15,454.75,455.3,5341.0,2523.0,134,2457288.200000001
2026-08-05 14:29:12.684592433+05:30,455.2000000000001,456.35,453.6,455.35,5752.0,2629.0,134,2616393.0000000005
2026-08-05 14:37:17.931063958+05:30,455.3,459.65,454.3,457.9,6767.0,4429.0,134,3095659.8000000017
2026-08-05 14:44:06.865606761+05:30,457.8,458.85,453.85,458.75,7693.0,3738.0,134,3510895.0500000003
2026-08-05 14:49:34.974557935+05:30,458.85,461.4,454.75,455.65,7025.0,3054.0,134,3213039.5500000003
2026-08-05 14:55:21.561925364+05:30,456.05,456.3,451.35,453.5,7000.0,2781.0,134,3173954.750000001
2026-08-05 15:01:57.111791229+05:30,453.35,453.4500000000001,446.4500000000001,446.55,6958.0,2975.0,134,3129582.05
2026-08-05 15:06:16.018195752+05:30,447.4,448.75,444.4,444.5,5699.0,2253.0,134,2545406.5999999996
2026-08-05 15:10:28.964538960+05:30,445.15,445.15,441.75,444.85,6778.0,3187.0,134,3005288.8000000007
2026-08-05 15:14:26.330731273+05:30,445.3,446.6,442.7000000000001,443.0,6651.0,2363.0,134,2956829.6500000004
2026-08-05 15:18:03.914666767+05:30,443.05,443.3,438.1,439.85,6832.0,3400.0,134,3010763.899999999
2026-08-05 15:20:52.215791707+05:30,439.85,439.85,433.4500000000001,436.25,6325.0,3552.0,134,2758115.700000001
2026-08-05 15:23:12.517409852+05:30,436.4,438.7000000000001,432.9,435.35,6219.0,2889.0,134,2706460.9
2026-08-05 15:25:11.727835024+05:30,435.8,438.5,433.05,436.75,5691.0,2891.0,134,2480807.0499999993
2026-08-05 15:27:06.818303539+05:30,437.75,440.2000000000001,433.7000000000001,434.3,4723.0,2292.0,134,2062436.5999999996
2026-08-05 15:28:24.503298005+05:30,434.25,434.4500000000001,431.85,434.4500000000001,6767.0,3734.0,134,2930628.8999999994
2026-08-05 15:29:20.581124900+05:30,433.9,434.5,429.2000000000001,433.3,5662.0,2359.0,134,2448647.4000000004
2026-08-05 15:29:50.462736537+05:30,433.05,435.1,432.25,433.05,5739.0,2599.0,134,2487635.399999999
2026-08-05 15:29:59.885846308+05:30,433.3,434.15,430.6,432.9,5490.0,2412.0,134,2373123.9999999995
2026-08-06 09:15:08.735028951+05:30,433.05,436.25,429.5,434.9500000000001,5646.0,3025.0,134,2438820.0499999984
2026-08-06 09:15:46.201151895+05:30,435.1,436.05,432.2000000000001,435.1,4712.0,2624.0,134,2046890.7000000004
2026-08-06 09:16:53.383590193+05:30,434.9500000000001,437.25,433.75,434.0,5374.0,2120.0,134,2339705.2000000007
2026-08-06 09:18:53.642232864+05:30,434.4,436.5,432.7000000000001,434.2000000000001,5824.0,3125.0,134,2530720.649999999
2026-08-06 09:21:35.604384741+05:30,434.5,434.5,426.4,428.6,5471.0,1859.0,134,2346804.149999999
2026-08-06 09:24:37.546090633+05:30,428.8,429.0,422.4500000000001,422.5,5710.0,2660.0,134,2428275.600000001
2026-08-06 09:28:57.587409790+05:30,422.55,422.75,417.7000000000001,419.7000000000001,5065.0,2229.0,134,2126541.5500000003
2026-08-06 09:33:08.748181593+05:30,419.65,427.05,419.6,424.4500000000001,5624.0,3769.0,134,2376891.3499999996
2026-08-06 09:38:25.998725345+05:30,424.5,428.4,423.05,428.05,6001.0,2829.0,134,2551229.6999999993
2026-08-06 09:43:29.193047861+05:30,428.15,433.55,427.4500000000001,432.75,7137.0,3511.0,134,3073867.1000000006
2026-08-06 09:49:11.422697748+05:30,432.4500000000001,437.1,432.1,433.8,6701.0,4004.0,134,2911349.899999999
2026-08-06 09:56:48.560965670+05:30,433.75,436.9500000000001,430.75,436.25,7903.0,4013.0,134,3425213.049999999
2026-08-06 10:03:10.260022823+05:30,436.35,438.25,428.9500000000001,429.9500000000001,6158.0,2639.0,134,2672918.899999999
2026-08-06 10:10:34.010851815+05:30,430.65,436.85,430.65,436.4500000000001,4573.0,2508.0,134,1983823.5499999993
2026-08-06 10:20:43.813669195+05:30,436.05,436.55,431.75,433.7000000000001,5325.0,2718.0,134,2310383.850000001
2026-08-06 10:29:36.392416019+05:30,433.9,436.2000000000001,431.7000000000001,435.8,4740.0,3018.0,134,2055172.1
2026-08-06 10:38:39.029592759+05:30,436.05,437.65,433.1,435.65,7526.0,4634.0,134,3277774.600000002
2026-08-06 10:46:53.523846229+05:30,435.4,437.5,430.15,431.05,4392.0,1618.0,134,1901665.0499999998
2026-08-06 10:57:30.135736442+05:30,431.0,433.65,428.6,432.85,5624.0,1996.0,134,2421229.5499999993
2026-08-06 11:06:56.039156944+05:30,432.9500000000001,435.75,431.55,431.65,7737.0,3512.0,134,3349332.550000001
2026-08-06 11:19:10.840044755+05:30,431.8,432.7000000000001,430.35,432.1,6757.0,3507.0,134,2917750.649999999
2026-08-06 11:29:42.915533972+05:30,432.3,435.4500000000001,429.8,434.5,7333.0,3017.0,134,3172787.6499999985
2026-08-06 11:41:35.614180782+05:30,434.75,436.6,432.15,432.4500000000001,5096.0,2944.0,134,2210365.2499999986
2026-08-06 11:52:51.519012127+05:30,432.15,434.4500000000001,430.5,433.55,6262.0,3025.0,134,2709973.6499999994
2026-08-06 12:05:16.340798256+05:30,433.4,435.55,430.85,431.2000000000001,6544.0,2411.0,134,2834910.0500000003
2026-08-06 12:19:40.980154336+05:30,431.5,432.15,428.2000000000001,430.4,6084.0,3133.0,134,2614520.599999999
2026-08-06 12:32:07.953155231+05:30,430.65,431.4500000000001,425.7000000000001,426.1,6356.0,2581.0,134,2720581.2499999977
2026-08-06 12:45:52.276937521+05:30,425.85,427.65,424.4,425.35,5525.0,2261.0,134,2353110.8
2026-08-06 12:58:05.959922298+05:30,425.4,428.4500000000001,425.4,426.55,7219.0,3530.0,134,3082114.8000000003
2026-08-06 13:09:35.849848947+05:30,426.1,430.05,424.75,430.05,6544.0,3200.0,134,2793679.6
2026-08-06 13:19:49.441610241+05:30,429.8,431.3,427.9,429.75,5106.0,2224.0,134,2193802.5499999993
2026-08-06 13:30:34.802166762+05:30,429.9500000000001,430.15,426.65,428.35,5378.0,3403.0,134,2302975.4499999993
2026-08-06 13:41:45.028679719+05:30,427.8,428.1,422.25,423.15,7064.0,3134.0,134,2997251.4
2026-08-06 13:51:54.787104897+05:30,423.3,424.4500000000001,420.85,423.25,6985.0,3747.0,134,2956534.8500000006
2026-08-06 14:01:28.799310567+05:30,423.55,427.7000000000001,421.6,427.7000000000001,5811.0,3910.0,134,2469438.0
2026-08-06 14:10:49.092116854+05:30,427.3,428.85,423.9,424.05,6435.0,2887.0,134,2745709.450000001
2026-08-06 14:20:57.132932683+05:30,423.75,428.1,421.55,427.85,5253.0,2556.0,134,2233683.85
2026-08-06 14:30:01.324925628+05:30,427.6,432.05,427.6,431.0,6937.0,3023.0,134,2982794.5000000005
2026-08-06 14:37:30.439509713+05:30,430.85,437.15,428.3,437.15,7547.0,5056.0,134,3266722.0000000005
2026-08-06 14:44:42.223561853+05:30,437.25,438.5,433.15,438.5,5495.0,2668.0,134,2396455.65
2026-08-06 14:52:05.276778246+05:30,438.0,438.3,432.65,435.05,5852.0,2702.0,134,2546884.349999999
2026-08-06 14:58:29.205729965+05:30,434.55,436.7000000000001,433.3,434.55,5565.0,3085.0,134,2422358.1499999994
2026-08-06 15:05:02.714648611+05:30,434.2000000000001,436.1,431.7000000000001,432.65,6244.0,2936.0,134,2711275.5000000005
2026-08-06 15:10:42.378009065+05:30,432.85,438.05,431.3,434.8,6727.0,3140.0,134,2923515.1999999997
2026-08-06 15:15:25.440747532+05:30,434.15,435.9,430.0,433.4500000000001,5621.0,2350.0,134,2433257.499999999
2026-08-06 15:19:22.190734176+05:30,433.3,433.3,428.4500000000001,430.25,5876.0,3062.0,134,2526673.9499999997
2026-08-06 15:23:01.742934697+05:30,430.25,433.25,429.5,432.65,5560.0,2528.0,134,2399318.2
2026-08-06 15:25:33.250172477+05:30,432.4,437.1,432.3,435.6,6315.0,3467.0,134,2745185.800000001
2026-08-06 15:27:26.647804259+05:30,435.4,437.35,433.4500000000001,434.4500000000001,5856.0,3426.0,134,2550140.849999998
2026-08-06 15:28:48.449437378+05:30,434.6,434.6,430.65,430.9,9427.0,3693.0,134,4075721.65
2026-08-06 15:29:39.288299021+05:30,430.2000000000001,431.65,425.6,427.05,5176.0,1980.0,134,2216768.15
2026-08-06 15:29:59.671909438+05:30,426.9500000000001,427.85,423.5,426.4500000000001,5165.0,1999.0,134,2196775.8000000003
2026-08-07 09:15:06.215977292+05:30,426.9,430.85,424.3,429.55,7161.0,4841.0,134,3062659.000000001
2026-08-07 09:15:30.504963352+05:30,429.65,435.9500000000001,428.5,435.9500000000001,5520.0,2978.0,134,2385000.7499999995
2026-08-07 09:16:24.349375148+05:30,435.8,436.2000000000001,431.9,433.6,4982.0,2360.0,134,2161616.3500000006
2026-08-07 09:17:52.367372395+05:30,433.2000000000001,435.85,431.0,433.25,5910.0,3051.0,134,2557215.0999999987
2026-08-07 09:19:39.396222401+05:30,433.6,434.8,427.7000000000001,428.4500000000001,4610.0,1707.0,134,1990057.5499999996
2026-08-07 09:22:18.173333691+05:30,427.9,431.8,427.9,429.2000000000001,5390.0,2883.0,134,2317402.9499999997
2026-08-07 09:25:26.541153988+05:30,429.35,430.9500000000001,426.9,428.8,5749.0,2824.0,134,2466552.4500000007
2026-08-07 09:28:59.493389313+05:30,428.65,431.8,427.25,429.65,5041.0,2602.0,134,2163771.4
2026-08-07 09:34:01.725743650+05:30,429.5,429.9,424.8,425.25,6492.0,3335.0,134,2775713.3999999994
2026-08-07 09:39:21.514724447+05:30,425.35,427.15,421.4,421.4,6049.0,2898.0,134,2567589.5
2026-08-07 09:45:52.065916433+05:30,421.4,422.7000000000001,417.75,420.55,7650.0,4359.0,134,3212369.6999999993
2026-08-07 09:52:53.457631201+05:30,420.4500000000001,422.75,418.85,420.8,5888.0,2819.0,134,2477499.150000001
2026-08-07 09:59:14.180157925+05:30,421.25,423.6,415.65,418.35,5418.0,2704.0,134,2269537.0500000007
2026-08-07 10:06:14.593167972+05:30,418.4500000000001,419.0,413.3,413.3,5480.0,3423.0,134,2282418.9999999995
2026-08-07 10:14:22.248267635+05:30,413.25,418.75,412.0,418.75,5337.0,2288.0,134,2216740.35
2026-08-07 10:21:30.631678414+05:30,419.1,419.65,416.2000000000001,416.2000000000001,5566.0,2182.0,134,2326426.5000000005
2026-08-07 10:28:55.708078294+05:30,416.0,421.0,415.65,419.8,5659.0,2298.0,134,2370108.8999999994
2026-08-07 10:37:52.442845558+05:30,420.15,420.15,416.25,418.05,5821.0,2915.0,134,2434801.7499999995
2026-08-07 10:47:45.779564787+05:30,417.9500000000001,420.0,416.25,417.4500000000001,6161.0,3679.0,134,2573147.899999999
2026-08-07 10:57:41.418168990+05:30,417.35,420.55,417.35,417.6,5823.0,2825.0,134,2440211.999999999
2026-08-07 11:07:01.134479019+05:30,417.3,417.65,413.2000000000001,413.55,6375.0,2801.0,134,2651963.5499999993
2026-08-07 11:18:13.532895117+05:30,413.9500000000001,413.9500000000001,407.1,408.9,5646.0,2286.0,134,2311678.3499999996
2026-08-07 11:30:51.217464132+05:30,409.3,409.9500000000001,405.6,408.85,5951.0,3194.0,134,2428266.5000000014
2026-08-07 11:42:38.792503935+05:30,408.65,411.25,407.65,408.8,4977.0,2502.0,134,2037266.5999999996
2026-08-07 11:54:43.408637715+05:30,408.9,409.4500000000001,403.9,405.25,5964.0,2719.0,134,2425048.3500000006
2026-08-07 12:06:18.261768196+05:30,405.5,405.9500000000001,403.9500000000001,404.75,7399.0,3833.0,134,2995042.799999999
2026-08-07 12:17:06.103192053+05:30,404.75,408.25,404.05,405.65,7679.0,4489.0,134,3118041.55
2026-08-07 12:27:19.649611198+05:30,405.55,410.65,405.35,405.9500000000001,5252.0,1973.0,134,2142549.1000000006
2026-08-07 12:38:09.936994880+05:30,406.35,413.3,405.75,411.4500000000001,5773.0,4157.0,134,2367332.7
2026-08-07 12:49:04.366442256+05:30,412.0,412.0,407.2000000000001,408.4500000000001,5125.0,2314.0,134,2097874.5500000007
2026-08-07 13:00:40.798516938+05:30,408.8,410.7000000000001,408.15,408.65,5572.0,2856.0,134,2280562.650000001
2026-08-07 13:10:53.563039382+05:30,408.9500000000001,411.85,407.6,411.4,6814.0,2991.0,134,2791545.55
2026-08-07 13:19:43.653253402+05:30,411.6,412.25,408.55,409.35,5285.0,2750.0,134,2167911.5499999993
2026-08-07 13:30:54.916025551+05:30,409.6,410.25,405.05,406.35,5530.0,2517.0,134,2250596.75
2026-08-07 13:41:42.278946399+05:30,406.3,413.1,406.3,412.9,7025.0,3379.0,134,2876178.5500000007
2026-08-07 13:51:39.318341920+05:30,413.35,414.55,411.25,413.4,4401.0,2498.0,134,1817296.2000000007
2026-08-07 14:00:53.188426705+05:30,413.4500000000001,414.1,408.15,408.7000000000001,6795.0,3513.0,134,2795127.95
2026-08-07 14:09:10.881738844+05:30,408.85,409.55,405.9500000000001,408.15,5411.0,2596.0,134,2204819.400000001
2026-08-07 14:18:32.874108812+05:30,408.4500000000001,408.75,404.75,406.9,5145.0,2915.0,134,2091739.5500000007
2026-08-07 14:26:03.732626144+05:30,406.6,409.15,404.2000000000001,409.15,5452.0,3485.0,134,2218078.2
2026-08-07 14:33:59.219859387+05:30,410.25,410.25,406.85,406.85,5773.0,3132.0,134,2356556.6500000004
2026-08-07 14:41:09.205477699+05:30,406.4,412.4500000000001,405.9500000000001,411.25,5917.0,4247.0,134,2419632.3999999994
2026-08-07 14:48:11.139100246+05:30,411.5,415.4500000000001,410.1,411.6,7157.0,4758.0,134,2955221.6000000006
2026-08-07 14:54:50.926628367+05:30,411.6,417.8,411.5,416.05,6968.0,3114.0,134,2887357.1499999994
2026-08-07 15:01:06.984081405+05:30,416.05,416.9,410.65,413.2000000000001,5415.0,2885.0,134,2238337.800000001
2026-08-07 15:06:32.215658285+05:30,413.15,417.4,408.05,417.4,6623.0,2859.0,134,2727648.0500000003
2026-08-07 15:11:43.120687720+05:30,417.5,420.5,416.7000000000001,416.8,5942.0,2412.0,134,2485017.85
2026-08-07 15:16:15.080197669+05:30,416.85,420.15,415.3,418.2000000000001,5425.0,2471.0,134,2267166.3499999987
2026-08-07 15:19:43.044794175+05:30,418.25,423.55,416.55,423.4,5073.0,3305.0,134,2128779.15
2026-08-07 15:22:53.073017089+05:30,423.65,424.05,420.25,421.65,6096.0,2951.0,134,2572266.450000002
2026-08-07 15:25:26.051660796+05:30,421.55,430.35,421.35,429.9,5992.0,3241.0,134,2551774.900000001
2026-08-07 15:27:19.127746518+05:30,429.9500000000001,433.35,428.1,432.9500000000001,6199.0,3497.0,134,2666873.249999998
2026-08-07 15:28:44.060021672+05:30,433.4500000000001,433.75,429.2000000000001,430.85,7199.0,3827.0,134,3104815.15
2026-08-07 15:29:38.219934230+05:30,430.85,432.65,430.1,431.75,6861.0,2280.0,134,2961642.200000001
2026-08-07 15:29:58.481576564+05:30,431.85,436.35,426.5,426.55,6604.0,2507.0,134,2856681.6500000022
2026-08-10 09:15:02.331128368+05:30,426.0,430.75,424.3,424.3,6298.0,3025.0,134,2696452.1500000004
2026-08-10 09:15:31.021372843+05:30,423.9,429.6,423.9,427.85,6633.0,2600.0,134,2835482.05
2026-08-10 09:16:32.251248862+05:30,427.85,431.3,427.25,429.4500000000001,5340.0,2961.0,134,2291187.450000001
2026-08-10 09:17:59.188337963+05:30,428.8,428.8,425.3,427.05,4992.0,2202.0,134,2132255.8500000006
2026-08-10 09:20:19.754205485+05:30,427.3,433.05,426.9,430.35,5060.0,2922.0,134,2176543.6999999997
2026-08-10 09:23:17.995442902+05:30,430.15,430.4,426.15,426.3,6428.0,3157.0,134,2751334.9000000013
2026-08-10 09:27:14.827403683+05:30,426.5,429.65,426.4500000000001,428.75,7272.0,3218.0,134,3112308.4499999993
2026-08-10 09:32:06.088854374+05:30,428.9500000000001,431.25,426.3,430.4,6483.0,2825.0,134,2780376.3999999985
2026-08-10 09:37:39.609608615+05:30,430.2000000000001,431.1,427.25,428.25,6139.0,2439.0,134,2633734.7999999993
2026-08-10 09:43:23.520996670+05:30,428.5,429.7000000000001,422.15,422.15,6680.0,2065.0,134,2848003.4999999995
2026-08-10 09:49:47.695420613+05:30,422.1,424.8,421.0,422.35,7133.0,3165.0,134,3015982.85
2026-08-10 09:58:49.670979216+05:30,422.25,424.15,420.05,422.15,5511.0,2953.0,134,2326350.0500000003
2026-08-10 10:07:29.706418969+05:30,422.15,424.1,417.25,420.4500000000001,6467.0,2866.0,134,2718664.9
2026-08-10 10:16:22.183064293+05:30,420.55,420.55,414.35,414.35,6290.0,3400.0,134,2625393.5499999993
2026-08-10 10:27:05.225203922+05:30,414.35,415.8,411.9,412.5,5250.0,2218.0,134,2171337.9000000004
2026-08-10 10:38:05.210366228+05:30,412.35,415.25,409.0,414.85,4817.0,2605.0,134,1981596.8000000003
2026-08-10 10:48:56.598585307+05:30,415.0,418.65,414.4500000000001,418.1,6572.0,3225.0,134,2739625.75
2026-08-10 11:00:40.965814076+05:30,418.3,418.85,414.55,415.3,6363.0,3069.0,134,2648247.050000001
2026-08-10 11:11:01.206592357+05:30,415.25,417.6,414.75,416.3,7258.0,3919.0,134,3020426.9000000004
2026-08-10 11:22:30.138636818+05:30,416.5,417.35,414.6,415.3,6116.0,2589.0,134,2542815.250000001
2026-08-10 11:35:27.452186572+05:30,415.9,421.65,415.9,419.3,5051.0,2302.0,134,2119235.9500000007
2026-08-10 11:46:56.292888462+05:30,419.4,419.9500000000001,413.35,413.7000000000001,5603.0,2566.0,134,2335701.400000002
2026-08-10 12:00:18.869657630+05:30,413.0,415.65,411.25,414.75,5875.0,2640.0,134,2429055.000000002
2026-08-10 12:14:39.094033173+05:30,414.6,416.15,409.75,411.5,6575.0,2800.0,134,2715653.5500000003
2026-08-10 12:26:22.713190687+05:30,411.3,414.1,409.9,413.4500000000001,6549.0,3057.0,134,2695762.3999999994
2026-08-10 12:39:05.021508226+05:30,413.3,415.15,411.25,412.25,5799.0,2954.0,134,2397923.05
2026-08-10 12:51:01.149814968+05:30,412.5,416.9500000000001,411.55,412.3,6847.0,2462.0,134,2836408.4499999997
2026-08-10 13:05:31.930120915+05:30,412.2000000000001,414.9,409.4500000000001,410.0,4990.0,2347.0,134,2057198.2000000002
2026-08-10 13:15:55.726008994+05:30,410.1,414.9500000000001,409.65,413.75,5000.0,2736.0,134,2064482.4499999995
2026-08-10 13:28:17.733046767+05:30,413.75,413.8,411.35,412.9500000000001,6800.0,3289.0,134,2805973.4000000004
2026-08-10 13:42:50.196205633+05:30,412.9500000000001,418.05,412.9500000000001,417.3,6510.0,3127.0,134,2710981.4499999993
2026-08-10 13:54:31.710739893+05:30,417.3,419.5,416.05,416.6,7026.0,3039.0,134,2934089.5999999987
2026-08-10 14:04:34.969934769+05:30,416.4500000000001,417.0,413.65,415.3,5932.0,3340.0,134,2463556.2999999993
2026-08-10 14:14:45.153354591+05:30,415.15,418.1,414.2000000000001,415.9500000000001,6534.0,3103.0,134,2719948.199999999
2026-08-10 14:23:44.916631880+05:30,415.55,415.9500000000001,410.9500000000001,411.3,4878.0,2365.0,134,2017061.0999999996
2026-08-10 14:33:26.682943144+05:30,410.85,412.2000000000001,406.55,408.05,5620.0,2673.0,134,2305304.2500000005
2026-08-10 14:42:35.249336523+05:30,407.8,408.65,405.2000000000001,406.3,6042.0,3156.0,134,2461012.700000001
2026-08-10 14:50:38.302847270+05:30,405.65,408.15,403.7000000000001,403.7000000000001,4848.0,2770.0,134,1969309.8999999994
2026-08-10 14:58:10.196998407+05:30,403.5,405.2000000000001,400.6,401.3,6360.0,2453.0,134,2564573.35
2026-08-10 15:05:20.700153722+05:30,401.1,403.6,396.35,396.4500000000001,5344.0,2285.0,134,2139936.25
2026-08-10 15:10:40.907675084+05:30,396.4500000000001,396.55,393.15,395.4,5939.0,3052.0,134,2345068.25
2026-08-10 15:15:28.599548806+05:30,395.2000000000001,397.05,394.15,396.7000000000001,5577.0,3010.0,134,2207981.650000001
2026-08-10 15:19:35.836918616+05:30,396.7000000000001,407.9,396.4,407.4500000000001,6379.0,3774.0,134,2567880.0
2026-08-10 15:23:08.068263065+05:30,407.5,409.65,405.4500000000001,408.35,5524.0,2923.0,134,2253108.95
2026-08-10 15:25:48.696663364+05:30,408.15,409.2000000000001,404.25,404.9,5234.0,2277.0,134,2129435.100000001
2026-08-10 15:27:42.751950030+05:30,405.15,408.4,401.55,403.4500000000001,5831.0,2493.0,134,2361976.699999999
2026-08-10 15:29:01.758691878+05:30,403.2000000000001,408.15,401.3,405.3,6187.0,3530.0,134,2500183.649999999
2026-08-10 15:29:46.250750146+05:30,405.25,409.3,404.85,405.55,6865.0,4017.0,134,2789690.8000000007
2026-08-10 15:29:59.903491539+05:30,406.25,410.9,406.25,409.15,7135.0,4357.0,134,2915940.2999999984
2026-08-11 09:15:17.347834420+05:30,409.1,414.1,408.8,413.05,6890.0,3414.0,134,2832146.1
2026-08-11 09:16:21.033417627+05:30,413.3,413.9500000000001,410.5,413.7000000000001,6198.0,3242.0,134,2554625.55
2026-08-11 09:18:20.830078417+05:30,413.4,414.3,410.4,413.85,5331.0,2560.0,134,2199124.3999999994
2026-08-11 09:21:11.590061606+05:30,413.8,415.15,411.1,412.25,6003.0,3098.0,134,2480255.2499999995
2026-08-11 09:24:57.024797970+05:30,412.1,412.35,408.85,410.9500000000001,6480.0,2566.0,134,2660137.8000000017
2026-08-11 09:29:18.439942350+05:30,410.9500000000001,414.2000000000001,409.2000000000001,409.8,6142.0,2990.0,134,2529839.250000001
2026-08-11 09:34:51.688370817+05:30,409.85,411.3,406.9500000000001,407.7000000000001,5939.0,3050.0,134,2430276.2000000007
2026-08-11 09:42:33.198361263+05:30,407.9,412.4,407.4500000000001,410.1,6050.0,3277.0,134,2482126.000000001
2026-08-11 09:50:47.012562233+05:30,409.6,410.6,405.55,406.4,4878.0,2329.0,134,1990913.7000000007
2026-08-11 09:59:42.957710057+05:30,406.6,408.3,404.85,408.0,6132.0,3505.0,134,2493033.2
2026-08-11 10:09:48.994087903+05:30,408.1,408.5,400.65,401.35,7498.0,3644.0,134,3027849.100000001
2026-08-11 10:21:04.060141271+05:30,401.3,403.55,400.4500000000001,403.55,5791.0,2931.0,134,2328032.649999999
2026-08-11 10:31:40.472787883+05:30,403.5,405.85,402.55,404.1,5283.0,2669.0,134,2134523.1999999997
2026-08-11 10:47:03.740264674+05:30,404.05,404.05,398.2000000000001,402.3,6060.0,2845.0,134,2430586.5999999996
2026-08-11 11:00:49.186832922+05:30,402.55,403.55,398.8,400.35,6800.0,3953.0,134,2731929.6
2026-08-11 11:14:50.280956173+05:30,400.4,404.75,399.85,403.1,5688.0,3590.0,134,2286665.7
2026-08-11 11:27:47.664585162+05:30,402.4,406.55,401.75,406.4500000000001,5902.0,2722.0,134,2383325.2499999986
2026-08-11 11:42:57.359558760+05:30,406.85,408.55,404.85,407.35,5367.0,2418.0,134,2180975.5500000007
2026-08-11 11:57:25.080704236+05:30,407.4,410.05,406.3,408.9500000000001,6661.0,3504.0,134,2718294.4
2026-08-11 12:13:38.219433452+05:30,408.9,412.7000000000001,407.8,411.35,5704.0,2654.0,134,2338487.05
2026-08-11 12:29:29.257797790+05:30,411.25,420.75,411.1,420.75,6512.0,4431.0,134,2704875.65
2026-08-11 12:46:20.135146843+05:30,420.4,429.85,419.55,428.85,7243.0,4807.0,134,3081917.949999999
2026-08-11 13:01:25.442441590+05:30,428.7000000000001,432.1,427.05,429.05,5526.0,2716.0,134,2374111.15
2026-08-11 13:14:50.687381134+05:30,428.85,432.85,428.05,431.05,5447.0,2380.0,134,2343815.65
2026-08-11 13:29:46.699195418+05:30,431.2000000000001,431.4500000000001,424.2000000000001,425.35,4817.0,1886.0,134,2056946.7000000004
2026-08-11 13:44:11.665254076+05:30,425.05,427.15,424.1,425.05,7257.0,3297.0,134,3087445.8000000003
2026-08-11 13:57:31.321509056+05:30,424.75,429.5,423.8,429.0,6255.0,3625.0,134,2666256.1499999985
2026-08-11 14:09:39.523885412+05:30,429.4,436.5,429.35,433.65,6102.0,2743.0,134,2643631.4999999986
2026-08-11 14:21:46.335310740+05:30,433.5,433.5,427.1,428.35,7126.0,3094.0,134,3069280.15
2026-08-11 14:32:43.603475663+05:30,428.8,430.75,427.35,428.3,5037.0,1838.0,134,2161149.2500000005
2026-08-11 14:43:11.982151206+05:30,428.25,430.4500000000001,426.8,428.1,5266.0,2362.0,134,2255244.9500000007
2026-08-11 14:51:50.718416924+05:30,427.75,429.4,424.4,429.0,5680.0,3103.0,134,2428930.899999999
2026-08-11 14:59:57.175821360+05:30,428.85,435.3,426.55,434.65,6034.0,4021.0,134,2598383.9000000004
2026-08-11 15:06:40.078776066+05:30,435.1,438.4500000000001,434.8,437.0,6897.0,3678.0,134,3013041.3
2026-08-11 15:12:20.550821096+05:30,437.25,440.6,435.8,439.4,7240.0,3255.0,134,3169242.6499999985
2026-08-11 15:18:06.278072294+05:30,439.3,445.55,438.75,444.1,6770.0,3862.0,134,2990422.15
2026-08-11 15:22:30.066366698+05:30,443.9500000000001,449.05,443.1,446.6,6316.0,2972.0,134,2817295.5500000003
2026-08-11 15:25:44.733019493+05:30,446.05,447.4500000000001,440.7000000000001,440.7000000000001,6367.0,2560.0,134,2832875.15
2026-08-11 15:27:56.462447068+05:30,440.4,448.9,439.85,446.4500000000001,5047.0,2282.0,134,2239240.6499999994
2026-08-11 15:29:14.611304691+05:30,446.0,446.9500000000001,443.3,443.3,6315.0,2463.0,134,2812563.2500000005
2026-08-11 15:29:56.098745170+05:30,443.15,447.2000000000001,441.4500000000001,444.85,5932.0,3401.0,134,2635851.6
2026-08-12 09:15:01.554689377+05:30,444.8,446.55,443.4,443.4,6115.0,3571.0,134,2722516.8
2026-08-12 09:15:18.479075021+05:30,444.35,447.4500000000001,444.2000000000001,446.55,5519.0,3157.0,134,2461279.8
2026-08-12 09:15:54.662176380+05:30,446.2000000000001,453.15,446.2000000000001,453.15,5642.0,3060.0,134,2530785.65
2026-08-12 09:16:54.456176752+05:30,452.9500000000001,453.65,446.65,447.3,4716.0,2532.0,134,2123409.15
2026-08-12 09:18:21.306112425+05:30,447.8,449.25,444.2000000000001,449.2000000000001,5623.0,3052.0,134,2510705.300000001
2026-08-12 09:20:01.347206161+05:30,449.3,450.35,447.25,450.25,4732.0,2319.0,134,2124154.999999999
2026-08-12 09:21:49.618397950+05:30,450.35,452.15,447.5,452.15,7377.0,3273.0,134,3314483.9499999997
2026-08-12 09:24:09.414939973+05:30,451.9,455.05,449.9,455.05,6108.0,2983.0,134,2762233.850000001
2026-08-12 09:27:01.028720784+05:30,455.7000000000001,455.85,451.55,452.25,6372.0,3389.0,134,2893741.3000000003
2026-08-12 09:30:18.619249288+05:30,452.55,453.05,447.4,450.6,6594.0,3486.0,134,2964313.0000000005
2026-08-12 09:33:53.438820124+05:30,450.7000000000001,457.5,450.6,457.5,5193.0,2925.0,134,2354193.4000000004
2026-08-12 09:37:26.167900573+05:30,457.35,461.25,454.3,460.4500000000001,4406.0,2023.0,134,2015631.050000001
2026-08-12 09:42:39.307861530+05:30,460.3,461.2000000000001,456.5,457.4500000000001,5677.0,3171.0,134,2603633.500000001
2026-08-12 09:46:35.234352521+05:30,456.4500000000001,457.5,453.3,454.05,6475.0,2255.0,134,2952107.049999998
2026-08-12 09:51:22.184850395+05:30,454.05,457.15,450.9,456.35,6072.0,3443.0,134,2751701.7499999995
2026-08-12 09:57:43.381879008+05:30,455.75,458.9,453.15,458.55,6562.0,4381.0,134,2994289.850000002
2026-08-12 10:03:23.522152635+05:30,458.2000000000001,463.25,457.65,462.9500000000001,5653.0,3534.0,134,2603239.65
2026-08-12 10:10:19.596121303+05:30,463.05,464.7000000000001,459.9,463.0,5187.0,2787.0,134,2399822.15
2026-08-12 10:16:38.540690089+05:30,463.2000000000001,472.9,463.2000000000001,470.85,6826.0,4169.0,134,3200836.0999999996
2026-08-12 10:24:03.181581955+05:30,470.35,472.65,469.5,472.25,5679.0,3211.0,134,2673208.0499999993
2026-08-12 10:31:09.127610663+05:30,472.3,474.0,468.35,468.9,5130.0,2718.0,134,2421436.8000000003
2026-08-12 10:38:29.342660673+05:30,469.35,469.7000000000001,465.4,469.7000000000001,5379.0,3181.0,134,2513364.9499999993
2026-08-12 10:46:00.511807361+05:30,469.9,470.3,463.9500000000001,464.25,6466.0,2949.0,134,3017962.5500000003
2026-08-12 10:53:17.948863761+05:30,464.0,468.1,462.55,466.65,5455.0,2705.0,134,2536953.5500000007
2026-08-12 11:01:06.886299643+05:30,466.1,468.9,463.8,466.4,6351.0,3221.0,134,2960391.8000000007
2026-08-12 11:08:36.074767821+05:30,466.4500000000001,467.7000000000001,461.85,462.15,7299.0,3086.0,134,3396044.499999999
2026-08-12 11:16:49.306282389+05:30,462.25,467.4,461.4,465.05,5299.0,3117.0,134,2461517.4
2026-08-12 11:26:22.028729840+05:30,464.55,471.75,462.9500000000001,471.5,6217.0,3257.0,134,2898956.949999999
2026-08-12 11:35:45.722438031+05:30,471.4500000000001,475.6,470.4,475.6,5861.0,3689.0,134,2774986.5
2026-08-12 11:44:07.715616594+05:30,475.5,482.3,474.6,481.6,5455.0,2771.0,134,2604985.4499999997
2026-08-12 11:53:46.607759124+05:30,482.5,485.0,478.9500000000001,482.2000000000001,6304.0,3273.0,134,3036969.4500000007
2026-08-12 12:02:51.517837613+05:30,482.4500000000001,487.1,480.65,484.9500000000001,5542.0,3350.0,134,2687470.900000001
2026-08-12 12:12:15.506146589+05:30,484.55,488.35,481.25,487.3,6183.0,3414.0,134,2999246.3000000003
2026-08-12 12:21:50.348317330+05:30,487.75,489.25,483.7000000000001,486.4500000000001,6985.0,3813.0,134,3397248.3
2026-08-12 12:31:56.048861275+05:30,486.4500000000001,486.4500000000001,480.1,482.25,5696.0,2454.0,134,2750172.05
2026-08-12 12:42:40.241839130+05:30,481.9,482.9500000000001,476.85,477.5,6333.0,2436.0,134,3037183.2499999986
2026-08-12 12:51:25.981313955+05:30,477.65,479.6,474.35,475.65,4857.0,2433.0,134,2314334.999999999
2026-08-12 13:00:12.047907547+05:30,475.1,475.7000000000001,471.55,475.7000000000001,6540.0,3860.0,134,3094709.4999999995
2026-08-12 13:07:51.369875624+05:30,475.4,479.25,474.35,478.65,6616.0,4212.0,134,3157765.700000001
2026-08-12 13:17:17.783899778+05:30,478.6,484.15,475.75,483.4,7097.0,3611.0,134,3407104.4999999995
2026-08-12 13:25:43.372742111+05:30,483.05,483.9500000000001,479.85,482.9,5922.0,2903.0,134,2855943.8499999996
2026-08-12 13:35:21.746345063+05:30,482.75,485.8,481.55,484.05,4851.0,2182.0,134,2343873.5999999996
2026-08-12 13:43:40.451721491+05:30,483.85,490.4,483.4500000000001,488.7000000000001,6312.0,3732.0,134,3073888.849999999
2026-08-12 13:50:22.452312979+05:30,488.9,490.75,486.7000000000001,487.7000000000001,6136.0,2088.0,134,2996616.0999999978
2026-08-12 13:58:54.701414649+05:30,487.9500000000001,490.9,486.4,490.55,6652.0,2910.0,134,3246474.3000000007
2026-08-12 14:06:42.793161353+05:30,489.25,492.55,486.4500000000001,486.4500000000001,7320.0,3668.0,134,3591482.7499999995
2026-08-12 14:13:31.003687785+05:30,486.75,489.9500000000001,486.75,489.9500000000001,6510.0,2575.0,134,3181758.75
2026-08-12 14:20:40.766932476+05:30,489.75,490.35,486.4,486.9,6308.0,2615.0,134,3083625.249999999
2026-08-12 14:28:50.050551559+05:30,487.2000000000001,491.6,486.6,488.05,5439.0,2366.0,134,2658817.699999999
2026-08-12 14:34:21.876603612+05:30,487.9500000000001,487.9500000000001,479.15,481.5,6296.0,3194.0,134,3036344.3500000006
2026-08-12 14:40:25.189505480+05:30,481.35,485.4500000000001,479.55,481.65,5667.0,2553.0,134,2733833.3000000003
2026-08-12 14:47:25.463386623+05:30,481.4500000000001,482.75,469.5,470.2000000000001,5223.0,2258.0,134,2492630.7500000005
2026-08-12 14:52:47.858148106+05:30,470.1,473.75,468.9500000000001,472.85,7407.0,3916.0,134,3486634.1999999993
2026-08-12 14:57:58.073954367+05:30,473.05,475.55,469.9500000000001,471.05,6083.0,3494.0,134,2879983.2000000007
2026-08-12 15:02:45.611954136+05:30,471.4,471.85,469.15,470.05,5163.0,2433.0,134,2428716.55
2026-08-12 15:06:20.225448774+05:30,470.15,470.65,466.25,470.65,6492.0,3443.0,134,3038097.0999999996
2026-08-12 15:11:09.627170101+05:30,470.55,471.9,468.4500000000001,471.8,4866.0,2672.0,134,2287839.4
2026-08-12 15:15:12.634950102+05:30,471.6,472.8,464.9,464.9,6025.0,2883.0,134,2829617.1
2026-08-12 15:18:25.676332362+05:30,464.9500000000001,470.35,462.85,470.35,6255.0,3621.0,134,2915634.5499999993
2026-08-12 15:21:20.469988331+05:30,470.3,474.25,468.55,474.0,5308.0,2744.0,134,2502196.750000001
2026-08-12 15:23:47.475555496+05:30,473.9,474.85,471.9,471.9500000000001,5641.0,2163.0,134,2672937.2999999993
2026-08-12 15:25:56.269204610+05:30,471.9500000000001,471.9500000000001,465.0,469.6,5586.0,2404.0,134,2610788.550000001
2026-08-12 15:27:26.368301312+05:30,469.3,470.0,464.3,467.2000000000001,6536.0,3646.0,134,3051483.8499999996
2026-08-12 15:28:27.695205272+05:30,467.05,475.65,466.9500000000001,473.15,7086.0,3845.0,134,3344958.4500000016
2026-08-12 15:29:17.233741605+05:30,473.1,477.65,469.65,476.8,5172.0,2370.0,134,2448230.8000000003
2026-08-12 15:29:47.969383897+05:30,477.15,478.75,475.1,476.25,7837.0,5005.0,134,3739841.15
2026-08-12 15:29:59.057601379+05:30,476.4500000000001,478.75,476.15,477.6,6744.0,2690.0,134,3220353.1999999997
2026-08-13 09:15:01.325640702+05:30,477.7000000000001,479.15,473.35,478.4,6783.0,3312.0,134,3236444.650000002
2026-08-13 09:15:20.384590882+05:30,478.35,482.8,476.05,482.35,7145.0,4077.0,134,3424052.3499999996
2026-08-13 09:15:56.228997263+05:30,483.1,486.6,481.75,486.5,4741.0,2642.0,134,2291874.7
2026-08-13 09:16:44.233875349+05:30,486.7000000000001,493.55,484.75,492.25,6143.0,3627.0,134,3012117.550000001
2026-08-13 09:18:07.570493416+05:30,492.05,492.9,488.25,489.15,5356.0,2496.0,134,2628556.8
2026-08-13 09:19:58.944407215+05:30,489.5,494.4,487.6,487.6,5133.0,2791.0,134,2519670.900000001
2026-08-13 09:22:09.125852472+05:30,487.4500000000001,490.9,484.6,490.25,6566.0,3158.0,134,3202183.2500000023
2026-08-13 09:24:41.628605108+05:30,490.05,490.4500000000001,485.15,488.65,6206.0,3425.0,134,3024526.9
2026-08-13 09:27:20.622386942+05:30,488.65,489.9500000000001,485.3,486.85,5275.0,2519.0,134,2570673.4499999993
2026-08-13 09:30:41.176521319+05:30,486.85,488.3,484.9,485.2000000000001,6634.0,2744.0,134,3228176.5999999996
2026-08-13 09:34:21.738884317+05:30,485.05,488.6,484.85,487.4500000000001,6259.0,3095.0,134,3046975.5
2026-08-13 09:38:21.119251937+05:30,486.8,488.55,481.5,485.5,5199.0,2463.0,134,2522280.2
2026-08-13 09:43:17.518119769+05:30,485.15,490.9500000000001,484.2000000000001,488.4500000000001,5238.0,2945.0,134,2555986.1000000006
2026-08-13 09:47:28.365915244+05:30,488.4500000000001,490.05,487.0,487.5,6120.0,2700.0,134,2990174.7
2026-08-13 09:52:39.548845524+05:30,487.3,495.25,487.3,494.0,6240.0,3141.0,134,3065022.0000000005
2026-08-13 09:57:46.257510776+05:30,493.7000000000001,495.4500000000001,490.35,493.25,6649.0,3128.0,134,3278154.900000001
2026-08-13 10:04:23.832968935+05:30,492.2000000000001,492.9,485.75,487.8,6174.0,2374.0,134,3020817.0500000003
2026-08-13 10:10:23.101386366+05:30,488.05,490.3,483.8,490.3,4646.0,2292.0,134,2259066.799999999
2026-08-13 10:17:22.119251073+05:30,490.3,493.15,489.9500000000001,492.15,5658.0,2842.0,134,2781464.099999999
2026-08-13 10:24:38.246500110+05:30,491.55,492.6,485.0,485.2000000000001,5586.0,2874.0,134,2728372.8500000006
2026-08-13 10:31:26.628674087+05:30,485.15,486.15,480.8,481.4500000000001,5812.0,2299.0,134,2808243.7500000014
2026-08-13 10:40:05.873357493+05:30,481.0,488.5,479.65,487.3,5263.0,2781.0,134,2544771.5499999993
2026-08-13 10:48:02.652722212+05:30,487.4500000000001,490.35,486.7000000000001,488.35,5812.0,3254.0,134,2839169.1999999993
2026-08-13 10:55:40.464614378+05:30,488.4500000000001,493.35,487.9500000000001,490.15,5550.0,3058.0,134,2722665.9
2026-08-13 11:02:56.700362844+05:30,490.4,493.3,488.0,489.9,6317.0,3148.0,134,3094830.2499999995
2026-08-13 11:12:20.548971139+05:30,489.75,491.6,484.0,489.05,4786.0,2741.0,134,2335018.0500000003
2026-08-13 11:20:09.593641896+05:30,489.15,491.65,483.25,484.7000000000001,7080.0,3260.0,134,3453626.7499999995
2026-08-13 11:28:31.777471079+05:30,484.15,486.25,481.4,483.3,6391.0,2976.0,134,3090209.0000000005
2026-08-13 11:37:21.331680522+05:30,483.55,488.35,482.05,483.0,5111.0,2355.0,134,2480112.349999999
2026-08-13 11:47:38.254468570+05:30,483.15,484.25,480.3,482.9,6078.0,2750.0,134,2930554.45
2026-08-13 11:56:26.474634745+05:30,482.9,482.9,476.6,477.25,5536.0,2491.0,134,2654152.0500000007
2026-08-13 12:05:54.480948199+05:30,477.0,477.6,472.65,475.0,6752.0,3752.0,134,3206872.5000000005
2026-08-13 12:15:11.256007609+05:30,474.6,480.5,474.6,479.3,6356.0,2443.0,134,3037845.6999999997
2026-08-13 12:27:07.064154329+05:30,479.4,479.75,475.2000000000001,478.2000000000001,4572.0,2354.0,134,2184247.849999998
2026-08-13 12:37:13.078590219+05:30,478.2000000000001,479.05,474.1,475.05,7002.0,2912.0,134,3338668.700000001
2026-08-13 12:46:49.512536463+05:30,474.9500000000001,476.25,470.65,472.0,5474.0,2606.0,134,2592297.9999999986
2026-08-13 12:56:30.510775871+05:30,472.85,476.9,471.8,476.9,6007.0,4071.0,134,2846846.8000000003
2026-08-13 13:04:48.718108318+05:30,476.4,480.55,476.05,478.4500000000001,6394.0,3687.0,134,3060138.1000000024
2026-08-13 13:16:09.962569083+05:30,478.4,482.0,477.65,479.5,6398.0,3935.0,134,3069578.9499999997
2026-08-13 13:26:18.601967203+05:30,479.7000000000001,486.85,479.7000000000001,486.85,7142.0,4514.0,134,3450471.649999999
2026-08-13 13:35:12.633207026+05:30,486.65,494.9500000000001,486.65,494.9500000000001,6100.0,3508.0,134,2993182.999999998
2026-08-13 13:43:57.948291811+05:30,495.2000000000001,502.55,493.9,501.65,6664.0,4512.0,134,3320906.95
2026-08-13 13:52:49.823640643+05:30,501.9,505.9,501.75,504.9,5985.0,3621.0,134,3014462.5
2026-08-13 14:01:32.106220662+05:30,504.85,505.7000000000001,500.2000000000001,501.65,6128.0,3236.0,134,3085464.7
2026-08-13 14:09:23.104560667+05:30,501.65,508.25,501.6,505.85,6241.0,3206.0,134,3152205.750000003
2026-08-13 14:17:58.220485014+05:30,505.85,507.55,500.6,502.1,5603.0,2017.0,134,2822259.599999999
2026-08-13 14:25:22.587570175+05:30,502.55,506.55,500.4,505.75,5937.0,2573.0,134,2986943.499999999
2026-08-13 14:33:16.050057870+05:30,505.55,508.8,502.6,505.8,6518.0,3994.0,134,3298257.849999999
2026-08-13 14:39:06.860930625+05:30,506.0,506.85,501.0,501.85,6011.0,2873.0,134,3026087.1500000004
2026-08-13 14:46:04.019105966+05:30,501.75,503.7000000000001,494.55,495.7000000000001,6636.0,3283.0,134,3317676.2499999995
2026-08-13 14:51:46.950880533+05:30,496.15,497.05,491.6,495.9500000000001,6826.0,2660.0,134,3371991.399999999
2026-08-13 14:57:55.616010575+05:30,496.05,501.4500000000001,492.5,493.6,5089.0,2069.0,134,2524725.9499999997
2026-08-13 15:02:37.515848251+05:30,493.4,493.9500000000001,488.7000000000001,493.6,7520.0,3577.0,134,3696035.9
2026-08-13 15:07:12.995208404+05:30,493.3,493.9,484.85,488.9,7702.0,3193.0,134,3771878.850000001
2026-08-13 15:11:47.125415484+05:30,489.5,494.9500000000001,489.35,494.4500000000001,6028.0,2805.0,134,2969909.1000000006
2026-08-13 15:15:37.789967367+05:30,494.0,497.7000000000001,492.3,494.55,6351.0,3179.0,134,3142117.25
2026-08-13 15:18:55.231637909+05:30,494.4,496.55,493.15,495.9,4962.0,2711.0,134,2456651.9
2026-08-13 15:21:42.464278988+05:30,496.35,499.1,495.65,497.4,7238.0,4157.0,134,3601210.949999999
2026-08-13 15:24:08.149751904+05:30,497.55,499.0,491.9500000000001,493.05,6381.0,3048.0,134,3165776.05
2026-08-13 15:26:17.112180022+05:30,493.3,500.0,492.85,493.4,6273.0,3015.0,134,3112969.9500000007
2026-08-13 15:27:43.187786672+05:30,492.7000000000001,497.15,491.5,492.25,7161.0,3634.0,134,3539659.5000000005
2026-08-13 15:28:47.059173678+05:30,492.55,498.85,491.65,496.15,6358.0,3205.0,134,3144650.3
2026-08-13 15:29:30.770477556+05:30,496.25,497.4,493.6,494.65,6525.0,2940.0,134,3231441.6
2026-08-13 15:29:53.893449895+05:30,494.75,498.85,493.5,493.8,8297.0,3597.0,134,4112626.8000000007
2026-08-14 09:15:00.013162771+05:30,493.65,495.9,491.0,491.1,7186.0,3715.0,134,3547197.9
2026-08-14 09:15:12.581091152+05:30,491.0,491.0,483.9500000000001,483.9500000000001,6293.0,2990.0,134,3072965.9
2026-08-14 09:15:47.350437660+05:30,484.2000000000001,487.6,479.8,487.6,6690.0,2892.0,134,3228527.95
2026-08-14 09:16:42.428374451+05:30,487.4,487.4,480.05,480.85,6411.0,2174.0,134,3095504.549999999
2026-08-14 09:18:24.805982519+05:30,481.25,484.4,478.4500000000001,481.9,5486.0,2901.0,134,2640406.3500000006
2026-08-14 09:20:25.064996877+05:30,481.25,483.05,478.7000000000001,480.75,5961.0,2466.0,134,2868145.6500000004
2026-08-14 09:22:40.765247087+05:30,480.4500000000001,487.4500000000001,476.5,487.25,4978.0,2772.0,134,2392442.9000000004
2026-08-14 09:26:06.241760500+05:30,487.5,490.8,485.1,489.9,6026.0,3889.0,134,2940379.15
2026-08-14 09:29:21.291088027+05:30,489.9500000000001,497.15,489.9,494.5,6025.0,3587.0,134,2981328.75
2026-08-14 09:33:54.514282205+05:30,495.0,496.2000000000001,492.4500000000001,492.7000000000001,7049.0,4340.0,134,3488188.6999999997
2026-08-14 09:39:01.537822569+05:30,492.25,499.4500000000001,492.0,499.05,4925.0,3013.0,134,2441968.2499999995
2026-08-14 09:44:49.910701187+05:30,500.25,500.9500000000001,496.9,499.4,5502.0,2922.0,134,2743148.9000000004
2026-08-14 09:51:39.148404381+05:30,499.0,501.05,494.7000000000001,495.35,6217.0,2383.0,134,3096597.350000001
2026-08-14 09:57:47.840088476+05:30,495.75,496.35,491.75,493.9500000000001,5924.0,3041.0,134,2926262.6500000004
2026-08-14 10:05:28.319111033+05:30,493.9,496.85,492.15,495.9,5610.0,2715.0,134,2773282.5500000007
2026-08-14 10:13:55.615092054+05:30,495.65,498.5,493.0,493.7000000000001,7170.0,3064.0,134,3556201.399999999
2026-08-14 10:23:15.734283988+05:30,493.6,498.35,493.25,496.85,6759.0,3197.0,134,3354754.499999999
2026-08-14 10:33:11.132292119+05:30,496.8,497.6,491.65,492.15,4832.0,2559.0,134,2386386.2499999995
2026-08-14 10:43:48.047286037+05:30,491.9500000000001,493.4,488.25,489.1,6656.0,2410.0,134,3264148.3499999996
2026-08-14 10:53:43.798254850+05:30,489.2000000000001,494.35,487.85,494.35,6322.0,3639.0,134,3100181.9000000022
2026-08-14 11:06:56.460919224+05:30,494.0,494.4500000000001,489.0,491.75,5542.0,3086.0,134,2726776.85
2026-08-14 11:16:28.009702342+05:30,491.5,495.05,490.5,493.7000000000001,6113.0,3049.0,134,3015316.150000001
2026-08-14 11:29:22.538765875+05:30,494.15,498.75,494.15,496.4500000000001,5426.0,2827.0,134,2692988.749999999
2026-08-14 11:39:21.914649837+05:30,496.65,497.9500000000001,489.8,490.55,6117.0,2639.0,134,3017980.899999999
2026-08-14 11:51:18.981235737+05:30,490.3,494.5,488.7000000000001,492.1,6083.0,3299.0,134,2990455.75
2026-08-14 12:03:44.832824651+05:30,492.35,495.55,491.25,492.7000000000001,5245.0,2693.0,134,2590059.7000000016
2026-08-14 12:15:39.567310187+05:30,492.55,495.25,489.8,493.3,5789.0,2476.0,134,2852724.550000001
2026-08-14 12:28:56.256570014+05:30,493.05,493.6,486.9,492.5,5975.0,1899.0,134,2928826.8500000006
2026-08-14 12:41:31.106257763+05:30,492.15,495.1,490.65,492.4500000000001,6811.0,3586.0,134,3358016.1000000006
2026-08-14 12:55:09.890945839+05:30,492.15,494.5,490.4500000000001,491.5,5130.0,2457.0,134,2525568.8000000007
2026-08-14 13:06:58.912301925+05:30,491.5,491.75,487.9,489.15,6073.0,2710.0,134,2973979.099999999
2026-08-14 13:17:57.798136011+05:30,489.1,492.5,482.7000000000001,482.7000000000001,7080.0,3750.0,134,3451869.25
2026-08-14 13:29:37.917581222+05:30,482.7000000000001,483.5,475.7000000000001,477.4,7401.0,2421.0,134,3548623.6999999993
2026-08-14 13:40:47.454014854+05:30,477.25,481.3,476.55,478.05,5170.0,1999.0,134,2477159.4499999997
2026-08-14 13:51:04.087679130+05:30,478.4500000000001,479.1,473.9,476.0,5474.0,2140.0,134,2609743.600000001
2026-08-14 14:03:03.555614323+05:30,476.0,477.35,469.7000000000001,469.9500000000001,6928.0,3261.0,134,3286439.5500000007
2026-08-14 14:12:06.014746350+05:30,470.3,473.0,468.0,469.0,6626.0,4015.0,134,3115438.05
2026-08-14 14:20:39.048852393+05:30,469.4500000000001,470.2000000000001,464.7000000000001,465.3,6856.0,3503.0,134,3207829.6500000013
2026-08-14 14:28:30.890517765+05:30,465.55,467.0,462.6,463.1,5485.0,2032.0,134,2548804.95
2026-08-14 14:37:14.107057434+05:30,463.5,472.9,463.25,472.35,5087.0,2891.0,134,2382067.7000000016
2026-08-14 14:45:04.980389344+05:30,472.5,484.4,472.5,483.65,6481.0,4124.0,134,3103748.4
2026-08-14 14:51:48.721271516+05:30,483.7000000000001,488.05,482.35,487.25,6967.0,3437.0,134,3375657.1499999994
2026-08-14 14:58:20.704109877+05:30,486.9500000000001,489.75,484.05,484.7000000000001,7335.0,4728.0,134,3575288.5
2026-08-14 15:04:54.393177031+05:30,484.4,484.85,476.65,478.0,7449.0,2860.0,134,3586262.250000001
2026-08-14 15:09:57.686056128+05:30,478.8,480.7000000000001,475.65,478.4,5811.0,2922.0,134,2780377.8499999996
2026-08-14 15:14:12.871782804+05:30,478.6,483.3,476.05,477.65,5809.0,3080.0,134,2785361.45
2026-08-14 15:18:19.203660577+05:30,477.8,478.3,475.55,476.05,5320.0,2802.0,134,2537092.6500000004
2026-08-14 15:21:26.601676714+05:30,476.35,476.75,468.7000000000001,468.85,5397.0,2234.0,134,2554346.250000001
2026-08-14 15:24:10.464015966+05:30,468.25,471.25,463.9500000000001,465.05,6733.0,2600.0,134,3147723.5499999984
2026-08-14 15:26:23.709918110+05:30,464.6,467.75,459.55,459.55,5229.0,2254.0,134,2421147.850000002
2026-08-14 15:28:07.968276506+05:30,459.55,459.55,455.65,458.75,8923.0,4698.0,134,4081124.2999999993
2026-08-14 15:29:14.615238996+05:30,458.35,459.6,453.2000000000001,453.25,5317.0,2020.0,134,2424827.1499999994
2026-08-14 15:29:50.941369542+05:30,453.8,457.65,453.15,455.1,7173.0,4013.0,134,3266910.099999999
2026-08-14 15:29:59.999090656+05:30,454.55,455.3,447.35,447.7000000000001,6881.0,2975.0,134,3107242.200000001
2026-08-17 09:15:17.967972275+05:30,447.4,453.6,447.4,450.6,5157.0,3080.0,134,2327896.7999999993
2026-08-17 09:16:32.751635556+05:30,450.5,458.65,449.25,457.2000000000001,6005.0,3904.0,134,2730991.2000000016
2026-08-17 09:18:45.880512859+05:30,456.85,457.65,454.4,457.15,6969.0,4036.0,134,3178300.649999998
2026-08-17 09:22:32.706555793+05:30,457.35,459.1,450.8,451.3,5289.0,2451.0,134,2410461.9
2026-08-17 09:26:59.436065380+05:30,450.9,457.65,450.85,456.9500000000001,6094.0,4253.0,134,2769009.55
2026-08-17 09:32:16.122112778+05:30,456.9,458.3,453.1,453.35,6311.0,2817.0,134,2876241.0
2026-08-17 09:39:05.443332013+05:30,453.15,457.0,452.85,455.65,4991.0,2530.0,134,2269314.099999999
2026-08-17 09:46:44.546025758+05:30,455.7000000000001,455.8,447.35,448.65,6164.0,2320.0,134,2781584.8
2026-08-17 09:55:43.426091826+05:30,448.9,449.55,440.9,443.15,5619.0,2823.0,134,2493906.7500000005
2026-08-17 10:06:36.049249023+05:30,443.05,444.2000000000001,441.25,442.8,6278.0,2861.0,134,2777753.2
2026-08-17 10:16:23.631340617+05:30,442.85,446.75,440.35,445.7000000000001,6608.0,4180.0,134,2929393.6499999994
2026-08-17 10:25:55.298722937+05:30,445.4,450.1,443.15,449.0,6684.0,3601.0,134,2989770.1499999994
2026-08-17 10:40:40.690675459+05:30,449.2000000000001,456.4,448.7000000000001,455.5,5875.0,2788.0,134,2655992.8500000006
2026-08-17 10:53:39.551585209+05:30,455.9,458.55,453.75,458.3,5452.0,3030.0,134,2485244.1499999985
2026-08-17 11:06:19.253761495+05:30,458.4,461.3,455.5,460.75,4933.0,2615.0,134,2260671.15
2026-08-17 11:21:33.253017884+05:30,460.4,463.15,456.65,463.15,5878.0,3683.0,134,2701579.4000000004
2026-08-17 11:40:42.577866475+05:30,463.5,465.3,461.6,463.35,6345.0,4023.0,134,2940293.3499999996
2026-08-17 11:54:50.265800510+05:30,463.15,468.15,461.25,462.0,7029.0,3218.0,134,3266021.3000000003
2026-08-17 12:13:38.668546379+05:30,462.2000000000001,462.85,460.2000000000001,461.2000000000001,7091.0,2838.0,134,3273155.900000001
2026-08-17 12:30:07.215619812+05:30,460.9500000000001,461.8,458.4500000000001,459.75,5461.0,2980.0,134,2511836.6999999997
2026-08-17 12:46:06.644214945+05:30,459.9,464.85,459.3,464.0,6629.0,3120.0,134,3063441.050000002
2026-08-17 13:00:38.591570407+05:30,463.9500000000001,464.9500000000001,460.4,461.4500000000001,5836.0,2695.0,134,2699742.650000001
2026-08-17 13:15:40.860407871+05:30,461.9,461.9,452.5,454.35,6291.0,3075.0,134,2875484.4999999995
2026-08-17 13:32:17.390983792+05:30,454.65,457.2000000000001,451.4500000000001,457.0,5229.0,2976.0,134,2376889.85
2026-08-17 13:48:42.291790959+05:30,456.8,458.0,451.75,452.35,6748.0,2621.0,134,3071660.5
2026-08-17 14:01:09.857175036+05:30,452.35,453.15,446.55,447.65,7043.0,3674.0,134,3168725.9
2026-08-17 14:12:17.432445488+05:30,447.6,449.7000000000001,446.35,449.7000000000001,6142.0,2603.0,134,2750298.95
2026-08-17 14:23:11.437172453+05:30,449.7000000000001,455.0,449.2000000000001,453.4,7788.0,4337.0,134,3523846.4999999986
2026-08-17 14:33:47.309106201+05:30,453.4,456.7000000000001,445.0,445.25,5210.0,2779.0,134,2356032.4
2026-08-17 14:44:39.769714645+05:30,445.8,447.3,439.3,440.05,6069.0,2002.0,134,2689860.9000000004
2026-08-17 14:53:51.279494117+05:30,439.5,444.7000000000001,439.3,441.8,6625.0,2884.0,134,2928439.0500000003
2026-08-17 15:03:10.402058689+05:30,442.0,442.85,438.8,441.75,5190.0,2601.0,134,2287199.9500000007
2026-08-17 15:11:12.493689262+05:30,441.9,441.9,430.8,431.2000000000001,6720.0,2286.0,134,2927517.4500000007
2026-08-17 15:17:25.197407300+05:30,431.05,435.7000000000001,429.4500000000001,435.2000000000001,5555.0,2564.0,134,2396969.5999999996
2026-08-17 15:22:04.009443438+05:30,434.9,437.75,433.5,435.7000000000001,6525.0,2861.0,134,2842256.650000002
2026-08-17 15:25:16.413344995+05:30,434.85,445.85,434.4,444.0,6224.0,4022.0,134,2740934.5000000005
2026-08-17 15:27:58.876576477+05:30,443.9,449.55,443.0,447.65,6278.0,3797.0,134,2803969.5500000017
2026-08-17 15:29:21.865984640+05:30,447.5,455.0,447.5,454.25,6692.0,4214.0,134,3020100.0999999996
2026-08-17 15:29:58.289385413+05:30,454.4500000000001,456.15,450.85,453.15,7139.0,3367.0,134,3236000.5500000007
2026-08-18 09:15:05.374090682+05:30,453.4,453.75,447.5,450.75,6381.0,2837.0,134,2871586.2999999993
2026-08-18 09:15:40.350284564+05:30,450.55,454.2000000000001,449.6,452.1,6911.0,3329.0,134,3124046.5499999993
2026-08-18 09:16:49.500930572+05:30,452.0,458.1,452.0,457.1,4561.0,2276.0,134,2073721.2000000007
2026-08-18 09:18:36.453280124+05:30,457.25,462.8,456.0,462.7000000000001,6369.0,3322.0,134,2923200.1999999993
2026-08-18 09:21:31.651340520+05:30,462.7000000000001,463.5,458.15,458.3,6220.0,1929.0,134,2866972.55
2026-08-18 09:24:35.596275256+05:30,457.65,465.05,457.15,464.55,6313.0,3580.0,134,2915167.65
2026-08-18 09:28:56.642869629+05:30,464.1,464.1,458.25,461.25,6216.0,3013.0,134,2866882.9500000007
2026-08-18 09:33:05.458620444+05:30,461.15,463.6,458.7000000000001,458.9500000000001,5881.0,2107.0,134,2710873.5000000005
2026-08-18 09:39:17.041003269+05:30,459.1,459.7000000000001,454.9500000000001,458.2000000000001,5934.0,2754.0,134,2714317.4499999997
2026-08-18 09:45:42.901445997+05:30,458.2000000000001,459.8,455.2000000000001,459.4,6227.0,3418.0,134,2844486.5
2026-08-18 09:53:14.333829404+05:30,459.25,462.4500000000001,459.25,460.9,5252.0,2547.0,134,2420812.75
2026-08-18 10:01:22.274683726+05:30,460.2000000000001,460.65,458.0,459.3,5832.0,2649.0,134,2678596.2499999995
2026-08-18 10:09:34.282881899+05:30,459.0,459.9500000000001,456.8,458.0,7104.0,3593.0,134,3254638.100000001
2026-08-18 10:18:06.580532305+05:30,458.6,464.9500000000001,458.0,463.5,7604.0,4472.0,134,3509939.1499999994
2026-08-18 10:27:03.040668735+05:30,463.4500000000001,464.0,459.8,460.3,5249.0,2481.0,134,2426706.350000001
2026-08-18 10:38:33.671641065+05:30,459.9,468.4500000000001,459.9,467.05,5109.0,2786.0,134,2369472.0000000005
2026-08-18 10:50:53.334934739+05:30,467.2000000000001,469.75,465.6,469.3,7242.0,2877.0,134,3388410.150000001
2026-08-18 11:01:34.182730260+05:30,468.6,469.2000000000001,464.75,465.35,6184.0,3727.0,134,2887332.3000000007
2026-08-18 11:12:48.100463187+05:30,464.9500000000001,464.9500000000001,454.9500000000001,454.9500000000001,5993.0,2360.0,134,2756264.8500000006
2026-08-18 11:24:15.000396852+05:30,454.8,454.85,448.9500000000001,454.15,5894.0,2579.0,134,2664925.400000001
2026-08-18 11:36:34.401072882+05:30,453.75,456.35,452.15,454.4,6203.0,3658.0,134,2816801.5500000017
2026-08-18 11:49:48.962359123+05:30,454.55,460.05,453.9500000000001,459.85,7015.0,3583.0,134,3203199.3499999996
2026-08-18 12:02:03.911973524+05:30,459.4,463.9500000000001,457.55,463.35,5240.0,2975.0,134,2415563.15
2026-08-18 12:16:58.817001471+05:30,463.25,463.75,455.05,457.85,5795.0,2960.0,134,2662312.5999999996
2026-08-18 12:31:15.753259833+05:30,457.75,458.2000000000001,454.1,457.0,6835.0,3625.0,134,3121918.7999999993
2026-08-18 12:43:26.651991779+05:30,457.1,458.25,450.15,450.5,5427.0,2987.0,134,2473358.600000001
2026-08-18 12:56:27.064157477+05:30,450.6,455.5,450.35,454.9,5228.0,2970.0,134,2371723.650000001
2026-08-18 13:09:18.679533149+05:30,455.0,458.9,454.15,458.9,5269.0,3345.0,134,2405381.7000000007
2026-08-18 13:19:58.350821839+05:30,459.05,459.1,454.0,454.2000000000001,6527.0,2874.0,134,2980705.6500000013
2026-08-18 13:31:43.245829245+05:30,454.1,455.4500000000001,448.55,451.75,6602.0,2571.0,134,2987077.4000000013
2026-08-18 13:45:31.524976876+05:30,451.5,455.1,450.2000000000001,455.05,7594.0,3251.0,134,3435143.4499999997
2026-08-18 13:57:00.382957726+05:30,454.9500000000001,455.3,448.6,448.85,6435.0,3277.0,134,2911405.950000002
2026-08-18 14:06:52.748511631+05:30,449.35,453.4500000000001,448.35,451.7000000000001,8454.0,4551.0,134,3814609.299999999
2026-08-18 14:15:38.402281138+05:30,451.4,454.1,450.4,451.85,7665.0,2519.0,134,3463350.649999999
2026-08-18 14:26:30.331884904+05:30,451.85,452.3,446.8,449.55,5234.0,2478.0,134,2355127.900000001
2026-08-18 14:36:01.271762279+05:30,449.9500000000001,458.15,448.5,456.75,7749.0,3907.0,134,3503782.5500000017
2026-08-18 14:43:22.300095022+05:30,456.6,457.5,447.25,447.9,6162.0,1984.0,134,2789110.5999999996
2026-08-18 14:51:18.321427984+05:30,447.85,456.1,446.9500000000001,453.7000000000001,7030.0,3854.0,134,3177594.8499999996
2026-08-18 14:58:12.560974264+05:30,453.9,453.9,445.85,447.05,6090.0,2646.0,134,2740424.25
2026-08-18 15:05:10.098998557+05:30,446.9,450.7000000000001,443.05,444.2000000000001,5461.0,2567.0,134,2437868.85
2026-08-18 15:10:06.544922443+05:30,444.1,445.6,441.4500000000001,444.25,5910.0,2592.0,134,2623421.4000000004
2026-08-18 15:15:19.346903704+05:30,444.65,446.65,440.1,440.1,5694.0,2433.0,134,2528191.250000001
2026-08-18 15:19:43.966573615+05:30,440.1,442.05,439.55,440.4500000000001,5384.0,2458.0,134,2372867.05
2026-08-18 15:23:28.193106967+05:30,440.55,447.0,440.55,442.25,5970.0,3619.0,134,2643934.1999999997
2026-08-18 15:25:56.899728872+05:30,442.55,447.65,441.75,444.15,5654.0,2962.0,134,2515138.6999999993
2026-08-18 15:28:17.502826895+05:30,444.0,452.8,443.25,451.8,5924.0,4401.0,134,2654879.7000000007
2026-08-18 15:29:26.053646193+05:30,453.0,454.5,449.25,450.15,4881.0,2243.0,134,2208435.0999999996
2026-08-18 15:29:55.585319523+05:30,450.3,456.3,449.4500000000001,455.4,5799.0,3260.0,134,2628429.6499999994
2026-08-19 09:15:00.715531507+05:30,455.65,457.4500000000001,452.3,457.4500000000001,7498.0,4783.0,134,3413374.8000000007
2026-08-19 09:15:19.349113569+05:30,457.5,461.1,453.3,461.0,6755.0,3514.0,134,3089424.799999999
2026-08-19 09:16:11.640885941+05:30,460.7000000000001,465.55,460.7000000000001,462.05,5885.0,2687.0,134,2728011.6499999994
2026-08-19 09:17:31.077005311+05:30,462.6,468.1,462.6,467.55,5489.0,3008.0,134,2557055.35
2026-08-19 09:19:22.790281360+05:30,467.2000000000001,467.4,462.25,465.15,6178.0,2264.0,134,2871355.3
2026-08-19 09:22:13.432647430+05:30,465.65,471.2000000000001,464.15,471.05,5620.0,3227.0,134,2624208.3000000017
2026-08-19 09:25:46.414668546+05:30,471.4,472.4,464.9500000000001,466.05,5253.0,2606.0,134,2469022.450000001
2026-08-19 09:30:05.795556330+05:30,466.4500000000001,469.25,466.3,468.35,5806.0,3073.0,134,2716100.0999999987
2026-08-19 09:35:12.222355808+05:30,468.8,471.9500000000001,468.0,469.4500000000001,6315.0,3170.0,134,2962309.9999999986
2026-08-19 09:41:23.070406676+05:30,469.3,474.9,468.4,474.6,4863.0,2414.0,134,2293956.45
2026-08-19 09:47:51.302157359+05:30,474.8,478.8,474.55,477.85,7553.0,4238.0,134,3604899.3000000003
2026-08-19 09:54:53.637355610+05:30,478.35,481.75,475.8,476.05,4762.0,3029.0,134,2280989.6
2026-08-19 10:03:03.471045071+05:30,475.3,481.8,474.9,480.35,6044.0,3168.0,134,2887640.9499999997
2026-08-19 10:12:35.247387090+05:30,480.25,480.7000000000001,473.6,476.9500000000001,6036.0,3474.0,134,2874150.9
2026-08-19 10:21:58.203282087+05:30,476.85,483.15,476.75,482.55,5884.0,4022.0,134,2822558.750000001
2026-08-19 10:33:08.375437373+05:30,482.9500000000001,489.8,481.15,487.9500000000001,7004.0,4140.0,134,3404279.150000001
2026-08-19 10:44:14.825722964+05:30,488.4500000000001,491.05,487.8,490.75,6185.0,3462.0,134,3028304.05
2026-08-19 10:54:08.196112209+05:30,490.6,490.75,486.9,488.2000000000001,5167.0,1949.0,134,2526742.9000000013
2026-08-19 11:05:30.482425608+05:30,489.15,489.4,486.8,488.2000000000001,6569.0,3673.0,134,3206591.2999999993
2026-08-19 11:18:29.249989940+05:30,488.05,488.1,481.25,481.75,5477.0,2340.0,134,2654627.0500000003
2026-08-19 11:31:50.244067818+05:30,481.75,481.75,476.25,481.35,5789.0,3003.0,134,2769189.7
2026-08-19 11:43:19.020739855+05:30,481.55,482.05,476.55,476.7000000000001,7113.0,3967.0,134,3419028.6500000022
2026-08-19 11:55:43.396221381+05:30,476.6,478.6,474.05,478.05,6241.0,2969.0,134,2976879.349999999
2026-08-19 12:07:17.059711159+05:30,478.25,481.5,477.6,479.65,5002.0,2491.0,134,2399828.5499999993
2026-08-19 12:19:31.252896047+05:30,479.5,479.9500000000001,476.05,477.25,5577.0,2965.0,134,2667247.6500000004
2026-08-19 12:32:43.652467087+05:30,477.4500000000001,478.5,472.7000000000001,476.7000000000001,5077.0,2207.0,134,2413932.4999999995
2026-08-19 12:43:50.469026336+05:30,476.55,477.75,472.75,476.9,5369.0,2404.0,134,2553235.749999999
2026-08-19 12:58:31.704730262+05:30,476.65,482.4500000000001,475.1,482.15,6435.0,4202.0,134,3076228.3
2026-08-19 13:10:14.424643334+05:30,482.4,490.05,481.8,485.9500000000001,6089.0,3238.0,134,2961366.250000001
2026-08-19 13:23:23.143834139+05:30,485.65,485.65,481.8,482.4,6186.0,3047.0,134,2991406.9
2026-08-19 13:33:10.974392664+05:30,482.4,488.25,481.8,487.25,5729.0,2568.0,134,2776708.6000000006
2026-08-19 13:43:02.892276814+05:30,487.1,488.3,483.2000000000001,484.4500000000001,6394.0,3099.0,134,3102533.95
2026-08-19 13:54:29.131573129+05:30,484.4,490.4500000000001,483.85,489.2000000000001,6103.0,3930.0,134,2974982.0
2026-08-19 14:06:35.491461265+05:30,489.0,490.05,483.85,485.25,5900.0,3579.0,134,2874354.3
2026-08-19 14:17:53.155909184+05:30,485.4500000000001,488.4,483.85,488.2000000000001,5796.0,2726.0,134,2815269.4000000004
2026-08-19 14:26:37.235489482+05:30,487.65,489.5,482.6,483.4500000000001,6571.0,2402.0,134,3200194.6499999985
2026-08-19 14:34:57.933572956+05:30,483.15,487.35,481.5,484.9500000000001,4763.0,2593.0,134,2308456.9000000004
2026-08-19 14:43:42.658949014+05:30,485.4500000000001,485.85,478.85,479.3,6174.0,3272.0,134,2976060.5999999996
2026-08-19 14:51:16.432232010+05:30,478.9,480.65,477.9500000000001,479.75,6989.0,2829.0,134,3349217.0499999993
2026-08-19 14:59:03.183053513+05:30,479.65,480.7000000000001,475.35,475.35,6132.0,3006.0,134,2934970.5000000005
2026-08-19 15:05:26.512034864+05:30,476.05,482.9,475.9500000000001,482.2000000000001,5480.0,2236.0,134,2628095.05
2026-08-19 15:11:24.220518231+05:30,482.5,484.15,479.65,483.1,5348.0,2450.0,134,2577998.45
2026-08-19 15:16:07.192586263+05:30,484.0,487.15,481.4500000000001,482.65,6001.0,2936.0,134,2903882.6999999997
2026-08-19 15:19:44.355832870+05:30,482.5,482.85,477.9,481.5,5088.0,2609.0,134,2442117.6
2026-08-19 15:22:43.654616511+05:30,481.2000000000001,481.2000000000001,475.65,479.05,5955.0,2349.0,134,2844912.5999999987
2026-08-19 15:25:55.625872768+05:30,478.9500000000001,482.3,477.1,481.1,7982.0,3521.0,134,3828027.8
2026-08-19 15:27:59.449259913+05:30,481.25,481.8,478.4,478.8,6515.0,2999.0,134,3126392.1000000006
2026-08-19 15:29:05.703459274+05:30,478.05,479.05,471.2000000000001,471.2000000000001,5508.0,2152.0,134,2616055.2500000005
2026-08-19 15:29:50.131653058+05:30,471.0,471.9,468.65,471.9,5895.0,2516.0,134,2772863.8000000007
2026-08-20 09:15:00.000977905+05:30,471.6,474.35,466.4,466.85,6331.0,2860.0,134,2982056.9499999997
2026-08-20 09:15:04.974855162+05:30,467.05,468.7000000000001,464.7000000000001,465.05,5734.0,2787.0,134,2678217.7000000007
2026-08-20 09:15:27.906439747+05:30,464.7000000000001,470.8,464.2000000000001,469.6,5793.0,2986.0,134,2713270.499999999
2026-08-20 09:16:03.357196889+05:30,469.65,471.4500000000001,466.35,467.9500000000001,6125.0,3045.0,134,2869555.2999999993
2026-08-20 09:16:59.176712119+05:30,467.9500000000001,471.05,465.05,469.55,5377.0,2724.0,134,2517457.9500000025
2026-08-20 09:18:18.203837475+05:30,469.75,469.9500000000001,464.6,467.9500000000001,4982.0,2571.0,134,2325973.0
2026-08-20 09:19:52.175687625+05:30,468.1,474.1,466.9,474.1,6649.0,3456.0,134,3123614.6
2026-08-20 09:22:02.453189769+05:30,474.05,483.75,474.05,483.4500000000001,6333.0,3634.0,134,3032402.4
2026-08-20 09:24:33.355406939+05:30,483.0,486.3,480.65,480.65,5936.0,2374.0,134,2872297.6
2026-08-20 09:27:50.757385973+05:30,480.55,481.85,477.35,478.05,5752.0,2795.0,134,2760896.849999999
2026-08-20 09:31:37.353845948+05:30,478.05,480.15,475.05,478.7000000000001,5352.0,2461.0,134,2558853.45
2026-08-20 09:35:57.773722823+05:30,478.4,478.4,471.1,471.65,6544.0,2836.0,134,3106654.6000000006
2026-08-20 09:40:26.596412157+05:30,471.2000000000001,473.35,467.25,468.55,7268.0,4276.0,134,3421877.75
2026-08-20 09:44:54.435494499+05:30,468.4,470.4500000000001,467.4,470.4500000000001,5609.0,2261.0,134,2629827.450000001
2026-08-20 09:50:36.856594319+05:30,469.75,474.5,469.25,471.5,5691.0,3000.0,134,2681734.200000001
2026-08-20 09:56:23.661760551+05:30,471.25,472.8,470.1,471.2000000000001,5629.0,2478.0,134,2654807.3499999996
2026-08-20 10:01:09.878221988+05:30,471.0,476.35,470.35,476.3,6601.0,3366.0,134,3124350.8
2026-08-20 10:07:23.167915679+05:30,476.9500000000001,478.25,471.35,477.55,5925.0,3492.0,134,2816534.599999999
2026-08-20 10:14:25.786584828+05:30,476.75,480.35,473.05,473.05,5049.0,2190.0,134,2406086.9499999997
2026-08-20 10:20:51.002802800+05:30,473.4500000000001,473.4500000000001,468.65,470.6,5466.0,2481.0,134,2571987.449999999
2026-08-20 10:27:44.242392239+05:30,470.4,473.6,468.4,468.8,5362.0,2675.0,134,2529391.7000000007
2026-08-20 10:35:39.535756894+05:30,468.8,468.8,459.6,464.85,6043.0,2369.0,134,2800997.199999999
2026-08-20 10:44:26.403073053+05:30,465.0,469.4,463.25,466.5,5152.0,2933.0,134,2403306.400000001
2026-08-20 10:52:19.514410734+05:30,466.75,476.9500000000001,465.4500000000001,476.4500000000001,6345.0,3861.0,134,2980823.05
2026-08-20 10:59:51.909755219+05:30,476.0,476.0,467.75,470.35,6917.0,2170.0,134,3259939.1000000006
2026-08-20 11:07:57.617185900+05:30,470.35,475.9,468.4500000000001,475.5,5345.0,2992.0,134,2516491.8
2026-08-20 11:16:06.976558859+05:30,475.6,487.9500000000001,475.6,482.6,5696.0,3075.0,134,2755644.5499999993
2026-08-20 11:25:06.048494496+05:30,483.05,484.9500000000001,479.4500000000001,483.6,5057.0,2696.0,134,2440163.1
2026-08-20 11:34:40.038039864+05:30,484.1,486.4,480.55,484.0,6756.0,3776.0,134,3269650.499999999
2026-08-20 11:43:31.568917975+05:30,485.05,495.55,484.85,494.25,5048.0,2712.0,134,2468179.2500000005
2026-08-20 11:53:07.363432757+05:30,494.6,503.85,491.4,503.3,4366.0,2444.0,134,2173225.1000000006
2026-08-20 12:02:55.806905411+05:30,504.1,507.5,501.4,506.8,4798.0,2312.0,134,2418490.900000001
2026-08-20 12:13:00.966161540+05:30,506.65,506.8,497.35,498.4,5861.0,2287.0,134,2947138.4500000007
2026-08-20 12:22:21.057892144+05:30,497.9,502.5,496.25,502.5,5823.0,2633.0,134,2903721.2500000014
2026-08-20 12:31:37.786672878+05:30,503.15,506.1,500.9,505.3,5502.0,3104.0,134,2767645.4000000004
2026-08-20 12:40:53.209684076+05:30,505.25,510.4,504.9500000000001,509.5,6039.0,2924.0,134,3066937.2
2026-08-20 12:49:55.130875421+05:30,509.35,516.45,509.35,514.8000000000001,5560.0,3473.0,134,2849273.4499999997
2026-08-20 13:01:23.984526947+05:30,514.6,523.9,514.6,523.15,6185.0,3656.0,134,3206958.85
2026-08-20 13:10:36.423569832+05:30,522.5500000000001,522.7,517.35,519.75,7635.0,2468.0,134,3967213.9500000016
2026-08-20 13:18:46.377273254+05:30,519.45,522.5,518.5500000000001,522.5,6216.0,3655.0,134,3237774.2
2026-08-20 13:28:19.593527207+05:30,522.6,522.6,517.15,518.8000000000001,6471.0,4221.0,134,3363127.8499999996
2026-08-20 13:37:02.296200312+05:30,518.85,522.4,517.1,522.4,7819.0,4116.0,134,4061344.9500000007
2026-08-20 13:45:24.171267899+05:30,522.0,524.8000000000001,521.35,522.0500000000001,5090.0,2628.0,134,2658869.45
2026-08-20 13:54:34.413104480+05:30,522.35,526.35,521.9,524.75,6231.0,2812.0,134,3265976.199999999
2026-08-20 14:02:34.292706201+05:30,525.15,531.6,524.85,531.35,6276.0,3580.0,134,3315789.400000001
2026-08-20 14:11:01.736277521+05:30,531.3000000000001,532.9,527.7,530.8000000000001,6324.0,2300.0,134,3355010.749999999
2026-08-20 14:17:36.407458180+05:30,531.2,535.8000000000001,529.1,533.75,5653.0,2774.0,134,3014514.4000000013
2026-08-20 14:25:16.114003004+05:30,534.2,536.35,532.15,534.75,5468.0,3101.0,134,2919085.6
2026-08-20 14:32:33.769087146+05:30,534.2,535.8000000000001,528.8000000000001,534.9,5652.0,2954.0,134,3009955.5999999996
2026-08-20 14:38:49.272330617+05:30,535.25,535.3000000000001,526.1,526.15,6342.0,2372.0,134,3373569.3500000006
2026-08-20 14:44:23.404308695+05:30,526.5500000000001,527.65,523.35,527.15,5623.0,3432.0,134,2955871.8
2026-08-20 14:50:00.376684933+05:30,526.75,528.7,520.6,523.95,6630.0,2825.0,134,3474204.2500000014
2026-08-20 14:55:12.812976631+05:30,523.75,528.95,522.25,524.85,6745.0,3241.0,134,3547199.6499999994
2026-08-20 15:00:40.121276428+05:30,525.0,527.7,523.0500000000001,526.0,6798.0,3681.0,134,3571768.55
2026-08-20 15:05:10.265816534+05:30,525.65,530.3000000000001,523.0,530.15,6639.0,3609.0,134,3504919.1499999985
2026-08-20 15:09:28.810600185+05:30,530.8000000000001,537.3000000000001,530.4,533.6,5662.0,3264.0,134,3020649.1500000004
2026-08-20 15:13:37.510747489+05:30,533.25,535.75,530.8000000000001,535.5,5501.0,2744.0,134,2933256.8
2026-08-20 15:17:15.880926456+05:30,535.9,537.35,532.0,533.1,5222.0,2398.0,134,2789080.799999999
2026-08-20 15:20:04.997789041+05:30,533.2,533.75,525.35,525.5500000000001,5206.0,2368.0,134,2756968.0499999993
2026-08-20 15:22:29.736786260+05:30,525.5500000000001,527.2,523.1,523.1,7014.0,2765.0,134,3683920.8000000003
2026-08-20 15:24:44.417003837+05:30,523.2,528.75,522.3000000000001,527.65,6459.0,3827.0,134,3392008.4
2026-08-20 15:26:18.613465093+05:30,527.85,528.15,522.5500000000001,528.0500000000001,6265.0,3248.0,134,3295182.0999999996
2026-08-20 15:27:46.853500865+05:30,527.9,529.0,521.6,521.6,6470.0,2463.0,134,3399606.050000001
2026-08-20 15:28:52.908495877+05:30,521.9,525.85,520.1,524.6,5797.0,3065.0,134,3034536.4
2026-08-20 15:29:32.849874533+05:30,524.8000000000001,528.5,522.5500000000001,524.15,6721.0,2918.0,134,3535970.4
2026-08-20 15:29:53.228053599+05:30,524.35,524.8000000000001,520.15,520.8000000000001,5001.0,2476.0,134,2609431.9999999977
2026-08-20 15:29:59.980791551+05:30,520.6,521.5500000000001,514.7,516.4,5094.0,2136.0,134,2637218.6000000006
2026-08-21 09:15:08.910424418+05:30,516.8000000000001,528.2,516.8000000000001,527.85,4800.0,3008.0,134,2511139.7999999993
2026-08-21 09:15:44.915696193+05:30,528.0500000000001,531.85,527.6,531.2,6356.0,3902.0,134,3364121.7500000005
2026-08-21 09:16:50.045880111+05:30,530.95,536.3000000000001,530.95,536.3000000000001,6934.0,4111.0,134,3706538.15
2026-08-21 09:18:36.198726581+05:30,535.95,536.3000000000001,529.85,534.0500000000001,5584.0,2327.0,134,2974094.6000000015
2026-08-21 09:20:54.408660498+05:30,533.6,536.4,526.6,530.1,7167.0,3121.0,134,3809983.799999999
2026-08-21 09:23:32.683539441+05:30,530.1,530.1,526.1,529.0500000000001,6425.0,3337.0,134,3392069.449999999
2026-08-21 09:27:36.181058692+05:30,529.35,529.35,524.5500000000001,525.9,5829.0,2814.0,134,3072448.2
2026-08-21 09:32:26.253138876+05:30,525.75,526.0,523.75,525.0,7095.0,3911.0,134,3723710.000000001
2026-08-21 09:38:17.591590589+05:30,525.6,527.15,517.85,518.0,5678.0,3054.0,134,2974748.999999999
2026-08-21 09:45:14.968836937+05:30,518.4,523.7,517.0500000000001,517.5500000000001,5351.0,2611.0,134,2786852.3499999996
2026-08-21 09:51:25.603884941+05:30,517.5500000000001,518.5,511.0,511.05,4600.0,1805.0,134,2373763.3000000017
2026-08-21 09:57:43.938439241+05:30,510.8,515.2,509.75,510.65,6844.0,2980.0,134,3506029.549999999
2026-08-21 10:07:17.414838467+05:30,510.4,514.7,508.25,513.65,4852.0,2427.0,134,2480182.4
2026-08-21 10:16:25.029299307+05:30,513.4,518.45,512.0500000000001,516.35,6481.0,3051.0,134,3339702.000000001
2026-08-21 10:25:10.101214683+05:30,517.0,517.0,510.5,514.25,6386.0,3345.0,134,3271568.1999999993
2026-08-21 10:35:02.098582740+05:30,514.0,514.95,507.4500000000001,507.9,5726.0,2612.0,134,2929409.949999999
2026-08-21 10:45:57.468459337+05:30,508.35,508.65,500.8,502.1,6619.0,2765.0,134,3343916.4499999997
2026-08-21 10:57:04.225692467+05:30,502.25,504.3,500.35,503.3,6814.0,3139.0,134,3419818.2499999995
2026-08-21 11:06:46.930287635+05:30,502.85,504.9,499.4500000000001,499.4500000000001,6444.0,3035.0,134,3241490.2499999995
2026-08-21 11:18:52.852825094+05:30,499.6,499.9500000000001,492.7000000000001,493.5,5125.0,1974.0,134,2536625.6000000006
2026-08-21 11:29:44.050843862+05:30,493.5,498.0,493.3,495.4,5211.0,3062.0,134,2586642.15
2026-08-21 11:42:35.948262484+05:30,495.05,496.65,491.7000000000001,492.3,5877.0,2891.0,134,2902616.7999999993
2026-08-21 11:55:17.465563457+05:30,492.0,494.7000000000001,490.15,493.0,4589.0,1988.0,134,2257820.249999999
2026-08-21 12:08:30.495961490+05:30,492.85,494.6,483.5,484.15,5918.0,1993.0,134,2898863.3000000017
2026-08-21 12:22:42.418206622+05:30,484.1,490.3,483.15,487.5,5873.0,2876.0,134,2857219.700000001
2026-08-21 12:35:11.638850554+05:30,487.15,487.3,478.75,479.5,4647.0,2214.0,134,2246895.9000000004
2026-08-21 12:49:00.966940168+05:30,480.0,481.85,477.9500000000001,478.1,6642.0,4222.0,134,3184895.400000001
2026-08-21 13:01:08.552825473+05:30,477.85,482.3,477.85,481.3,6130.0,3119.0,134,2945022.25
2026-08-21 13:13:50.662737387+05:30,481.35,485.85,480.0,484.4500000000001,6580.0,3394.0,134,3177322.2499999995
2026-08-21 13:26:20.767724966+05:30,484.8,484.8,479.6,481.25,5815.0,1993.0,134,2801069.1999999997
2026-08-21 13:37:35.954921096+05:30,480.9,482.6,475.75,477.4500000000001,5343.0,2524.0,134,2558261.3000000003
2026-08-21 13:47:47.563642094+05:30,477.6,477.6,472.75,473.55,5606.0,2935.0,134,2663943.4500000007
2026-08-21 13:58:50.471095582+05:30,473.25,474.05,468.55,468.9500000000001,5080.0,2268.0,134,2396158.1500000004
2026-08-21 14:09:22.965630730+05:30,468.55,471.1,466.25,468.4,5670.0,2569.0,134,2659275.0
2026-08-21 14:20:11.172587865+05:30,468.35,470.75,464.75,470.35,7073.0,3713.0,134,3312551.1999999993
2026-08-21 14:28:26.417517475+05:30,470.7000000000001,472.3,468.1,470.4500000000001,7542.0,3444.0,134,3549056.3499999996
2026-08-21 14:38:11.672662317+05:30,470.85,475.65,470.05,475.65,4741.0,3024.0,134,2239722.400000001
2026-08-21 14:46:19.761183523+05:30,475.0,481.05,474.3,481.0,6104.0,2626.0,134,2916500.4
2026-08-21 14:54:00.112945420+05:30,480.7000000000001,490.6,480.35,488.9500000000001,5671.0,3231.0,134,2753449.100000001
2026-08-21 15:00:24.449942115+05:30,488.75,490.55,485.2000000000001,486.0,5302.0,2262.0,134,2586681.349999999
2026-08-21 15:06:32.765845292+05:30,486.2000000000001,486.7000000000001,482.75,484.8,5462.0,2821.0,134,2647637.5499999993
2026-08-21 15:11:16.188883067+05:30,484.9,489.3,484.0,485.8,6718.0,3834.0,134,3266139.0000000014
2026-08-21 15:16:07.326810077+05:30,485.6,487.75,483.25,487.15,5872.0,2833.0,134,2849842.4500000007
2026-08-21 15:19:50.689102757+05:30,487.15,494.2000000000001,486.2000000000001,492.55,7083.0,3528.0,134,3472938.450000001
2026-08-21 15:23:27.592059105+05:30,492.5,494.35,491.2000000000001,493.75,6144.0,3210.0,134,3027982.75
2026-08-21 15:25:55.035540888+05:30,493.7000000000001,496.2000000000001,492.3,492.9500000000001,4720.0,2169.0,134,2329642.5
2026-08-21 15:27:45.701778699+05:30,492.65,492.65,484.6,485.65,6383.0,3186.0,134,3126635.4000000004
2026-08-21 15:29:02.993623283+05:30,485.4,487.35,483.3,485.5,6835.0,3977.0,134,3318027.6499999985
2026-08-21 15:29:47.102721437+05:30,485.85,487.7000000000001,484.15,485.1,6106.0,3020.0,134,2967402.2000000016
2026-08-21 15:29:59.848685420+05:30,485.3,490.05,482.7000000000001,489.85,5285.0,3602.0,134,2569221.4
