timestamp,open,high,low,close,volume,cum_buy_volume,cum_ticks,cum_dollar_value
2026-07-27 09:15:14.281360586+05:30,392.15,392.75,390.0,390.85,5942.0,2610.0,137,2326336.3999999994
2026-07-27 09:15:51.275123927+05:30,391.1,392.65,389.2000000000001,391.7000000000001,5941.0,3136.0,135,2322064.1500000004
2026-07-27 09:16:57.505716644+05:30,392.0,398.15,390.7000000000001,397.5,5924.0,3772.0,123,2334774.7500000005
2026-07-27 09:19:09.419761250+05:30,397.5,399.2000000000001,395.5,397.6,5946.0,2953.0,143,2362130.2000000007
2026-07-27 09:22:02.921038712+05:30,397.6,398.85,396.25,397.5,6000.0,2394.0,137,2384868.0999999996
2026-07-27 09:25:17.524502939+05:30,397.9500000000001,398.0,389.9,390.85,5998.0,2421.0,144,2354354.3499999996
2026-07-27 09:29:37.708338779+05:30,390.9500000000001,394.5,390.5,391.4500000000001,5938.0,3052.0,160,2330600.999999999
2026-07-27 09:34:11.162266606+05:30,391.05,391.15,383.9500000000001,384.5,5922.0,1870.0,135,2294732.200000001
2026-07-27 09:41:16.214860083+05:30,384.4500000000001,386.9500000000001,384.3,386.4,5929.0,3453.0,140,2288400.9500000016
2026-07-27 09:46:44.076594524+05:30,386.15,386.15,381.65,384.4,5951.0,3111.0,128,2283399.4500000007
2026-07-27 09:52:45.452175092+05:30,384.6,385.5,382.1,384.85,5927.0,2679.0,127,2274400.3
2026-07-27 09:59:56.030744001+05:30,384.4500000000001,386.1,382.55,384.6,5934.0,2683.0,113,2280198.6500000004
2026-07-27 10:06:47.082391210+05:30,384.9500000000001,385.75,379.7000000000001,381.5,5955.0,2359.0,110,2282009.6999999993
2026-07-27 10:15:29.329560225+05:30,381.35,382.05,378.3,379.35,5973.0,2785.0,141,2268125.05
2026-07-27 10:24:16.205588509+05:30,379.55,384.5,378.9500000000001,384.5,6078.0,3239.0,129,2315966.3000000003
2026-07-27 10:34:50.307272194+05:30,384.55,388.85,384.2000000000001,387.0,6205.0,3404.0,134,2400214.0500000007
2026-07-27 10:45:25.263587595+05:30,386.6,388.0,385.65,386.85,5945.0,2673.0,132,2299830.1500000004
2026-07-27 10:57:43.658684460+05:30,386.6,391.7000000000001,385.55,389.8,5950.0,3105.0,138,2311002.65
2026-07-27 11:08:36.260888296+05:30,389.9,389.9,384.85,385.3,5931.0,2231.0,118,2293464.5
2026-07-27 11:18:47.894611524+05:30,385.4500000000001,385.9500000000001,384.3,385.9,6085.0,2960.0,124,2344542.9999999995
2026-07-27 11:30:34.556511781+05:30,386.2000000000001,387.05,383.15,385.05,5926.0,3041.0,138,2284733.35
2026-07-27 11:43:12.369704221+05:30,385.0,389.25,384.85,388.75,5937.0,3236.0,136,2297452.0
2026-07-27 11:57:20.162307308+05:30,388.7000000000001,392.9,387.8,391.85,5995.0,2801.0,137,2339351.8000000003
2026-07-27 12:10:38.538744113+05:30,392.4,393.85,389.2000000000001,393.05,5932.0,2419.0,150,2324000.1500000004
2026-07-27 12:23:22.790977415+05:30,393.5,396.7000000000001,393.0,393.8,5919.0,3166.0,139,2336886.950000001
2026-07-27 12:32:00.252763901+05:30,394.15,398.8,394.15,397.75,6039.0,3428.0,114,2392883.3
2026-07-27 12:44:37.063310438+05:30,398.1,402.8,398.1,400.9500000000001,5912.0,2717.0,132,2368373.6
2026-07-27 12:54:32.791810206+05:30,400.7000000000001,403.3,400.05,400.5,5982.0,3341.0,127,2400420.5499999993
2026-07-27 13:07:07.569602686+05:30,400.4500000000001,403.0,398.9,400.3,5939.0,3662.0,141,2382144.9999999995
2026-07-27 13:21:31.020825829+05:30,400.6,405.9,397.7000000000001,405.9,5926.0,3610.0,150,2375947.000000001
2026-07-27 13:29:28.113281681+05:30,405.55,406.1,402.55,405.9,5962.0,3324.0,100,2410581.9499999997
2026-07-27 13:41:05.436993566+05:30,405.85,411.5,403.05,410.55,5952.0,2956.0,134,2418805.299999998
2026-07-27 13:52:46.153881140+05:30,410.5,412.0,407.6,407.6,5919.0,2598.0,137,2425414.45
2026-07-27 14:03:21.024066676+05:30,407.0,408.55,402.15,404.75,5935.0,3157.0,136,2405220.7000000007
2026-07-27 14:11:43.824514800+05:30,404.9,405.2000000000001,401.0,401.15,5942.0,3240.0,125,2393194.8999999994
2026-07-27 14:23:02.108145164+05:30,401.25,403.4500000000001,400.4,400.4,5937.0,2430.0,139,2382688.3999999994
2026-07-27 14:33:20.975659839+05:30,400.5,400.9500000000001,392.4500000000001,394.0,5980.0,3331.0,147,2375849.75
2026-07-27 14:39:27.554802547+05:30,393.5,396.2000000000001,391.35,395.9,5962.0,2759.0,125,2349177.7500000005
2026-07-27 14:46:50.930265133+05:30,395.9,395.9,389.6,392.55,6185.0,3070.0,136,2426168.75
2026-07-27 14:54:26.464275066+05:30,392.25,392.25,386.15,386.9500000000001,6188.0,2827.0,133,2407678.599999999
2026-07-27 15:00:19.612636061+05:30,386.6,388.7000000000001,385.2000000000001,387.8,6021.0,3315.0,137,2332737.8999999994
2026-07-27 15:05:53.739996138+05:30,387.55,391.9500000000001,386.65,391.75,5982.0,3063.0,125,2327405.1
2026-07-27 15:10:57.875001778+05:30,392.2000000000001,394.5,391.35,392.8,5934.0,3419.0,136,2328979.6500000004
2026-07-27 15:15:14.180797982+05:30,393.0,396.1,389.7000000000001,396.1,5922.0,2217.0,112,2319711.65
2026-07-27 15:19:48.998841914+05:30,396.4,400.4,395.9,397.2000000000001,5935.0,2505.0,157,2363158.1500000004
2026-07-27 15:23:16.615095816+05:30,397.4500000000001,403.75,397.4500000000001,403.75,5926.0,3354.0,138,2379430.5
2026-07-27 15:26:22.094541330+05:30,403.15,403.15,399.2000000000001,400.85,5923.0,2960.0,146,2375780.7999999993
2026-07-27 15:28:14.707601857+05:30,400.55,401.8,396.25,400.4,6009.0,3117.0,141,2399637.0999999996
2026-07-27 15:29:21.118847049+05:30,400.35,402.1,398.9500000000001,399.25,5921.0,2836.0,121,2370684.05
2026-07-27 15:29:50.600480554+05:30,399.15,400.1,396.55,398.35,5994.0,2425.0,127,2388812.7500000005
2026-07-28 09:15:00.019729895+05:30,398.6,401.3,396.2000000000001,397.1,5945.0,2351.0,139,2369950.4500000007
2026-07-28 09:15:13.863908757+05:30,397.2000000000001,403.2000000000001,397.15,402.15,5927.0,3401.0,145,2379236.5999999996
2026-07-28 09:15:45.663345983+05:30,402.15,402.5,397.05,398.3,5970.0,3054.0,111,2383381.7
2026-07-28 09:17:13.930831752+05:30,398.15,402.4500000000001,396.55,401.05,5913.0,2322.0,154,2363939.5999999996
2026-07-28 09:18:56.605431540+05:30,400.9500000000001,407.4,400.1,407.05,5980.0,3012.0,137,2413556.45
2026-07-28 09:20:51.630225754+05:30,407.2000000000001,411.05,406.9,407.85,5928.0,2771.0,106,2426860.050000001
2026-07-28 09:23:38.570374114+05:30,407.65,413.0,407.65,409.9,5938.0,2989.0,116,2436322.9999999986
2026-07-28 09:27:16.500860420+05:30,409.35,410.2000000000001,405.7000000000001,405.9500000000001,5919.0,3425.0,148,2416609.95
2026-07-28 09:32:40.719206835+05:30,405.75,412.85,405.7000000000001,411.4500000000001,5942.0,3654.0,156,2427969.700000001
2026-07-28 09:38:27.302307299+05:30,411.7000000000001,416.6,411.5,415.1,6027.0,3541.0,146,2499083.2500000014
2026-07-28 09:44:17.463073139+05:30,414.85,416.05,412.85,414.0,5923.0,2598.0,140,2455640.6999999993
2026-07-28 09:51:00.315788520+05:30,413.3,414.5,409.7000000000001,411.75,5949.0,2635.0,140,2452571.0000000005
2026-07-28 09:59:01.813944172+05:30,412.0,414.2000000000001,409.2000000000001,411.6,5936.0,2929.0,155,2440181.0000000005
2026-07-28 10:06:45.575977140+05:30,411.9500000000001,412.6,408.8,409.2000000000001,6167.0,3023.0,137,2531745.2999999993
2026-07-28 10:15:20.486828271+05:30,409.55,410.75,406.75,407.25,5921.0,2913.0,129,2421115.9499999997
2026-07-28 10:23:32.125993664+05:30,407.3,412.4500000000001,406.85,412.15,5913.0,4170.0,126,2419259.85
2026-07-28 10:30:58.874841829+05:30,411.7000000000001,412.2000000000001,404.3,405.35,5933.0,2430.0,118,2419982.9
2026-07-28 10:38:12.153289684+05:30,405.4500000000001,406.05,400.85,401.7000000000001,5943.0,2688.0,108,2389806.6
2026-07-28 10:49:10.726668239+05:30,401.65,404.8,401.25,403.4500000000001,5920.0,3861.0,126,2387032.649999999
2026-07-28 11:00:59.926984515+05:30,403.9,407.0,403.05,405.75,5929.0,2761.0,153,2400603.699999999
2026-07-28 11:12:30.948954117+05:30,406.0,408.85,404.05,404.1,5956.0,2659.0,123,2416431.650000001
2026-07-28 11:25:52.447408484+05:30,404.0,406.05,401.65,402.4,5960.0,2843.0,154,2407544.65
2026-07-28 11:38:53.415123696+05:30,402.65,403.15,398.5,399.1,5917.0,3432.0,145,2372355.05
2026-07-28 11:53:01.639713122+05:30,399.05,399.9,395.3,395.4,6185.0,2755.0,147,2462191.55
2026-07-28 12:04:40.941691693+05:30,395.6,398.3,394.35,395.7000000000001,5964.0,2749.0,138,2365264.95
2026-07-28 12:15:49.109163686+05:30,395.85,397.35,390.05,390.05,5944.0,2827.0,141,2350389.5
2026-07-28 12:28:58.245811272+05:30,389.9500000000001,392.4500000000001,388.35,388.35,6048.0,2766.0,133,2359029.350000001
2026-07-28 12:41:09.330816517+05:30,388.25,389.65,386.0,389.6,5980.0,3216.0,142,2320559.1499999994
2026-07-28 12:53:54.464276583+05:30,389.9500000000001,390.2000000000001,386.15,387.1,5918.0,2376.0,140,2295542.000000001
2026-07-28 13:06:27.599337848+05:30,387.05,388.85,386.2000000000001,387.4,5925.0,3568.0,142,2296099.5000000005
2026-07-28 13:21:58.097600875+05:30,387.55,387.85,382.4500000000001,384.85,6024.0,2571.0,163,2319528.85
2026-07-28 13:33:20.028727710+05:30,385.2000000000001,387.75,383.35,386.75,5974.0,3462.0,126,2304234.15
2026-07-28 13:45:49.897619980+05:30,386.7000000000001,391.9500000000001,386.65,391.8,6064.0,2685.0,146,2358605.3000000007
2026-07-28 13:56:17.897733798+05:30,392.1,396.9,391.5,391.6,5919.0,2385.0,130,2330677.3
2026-07-28 14:04:18.942090589+05:30,392.3,392.3,387.6,389.55,5931.0,2728.0,112,2309151.65
2026-07-28 14:15:30.100819054+05:30,389.9,393.15,389.9,392.65,6010.0,3303.0,143,2354375.3500000006
2026-07-28 14:25:35.193394636+05:30,393.05,394.25,391.05,392.75,5922.0,3068.0,151,2323781.85
2026-07-28 14:33:26.111359149+05:30,392.75,395.4,391.05,391.15,5933.0,2967.0,127,2333282.9
2026-07-28 14:43:50.833829204+05:30,391.05,391.05,385.35,386.1,5914.0,2745.0,152,2291628.1500000004
2026-07-28 14:52:27.626603526+05:30,385.8,387.75,382.4500000000001,385.35,5996.0,3326.0,169,2311714.2499999995
2026-07-28 15:00:35.069000025+05:30,385.35,388.4500000000001,384.35,386.15,5929.0,2811.0,143,2291681.750000001
2026-07-28 15:05:41.318309358+05:30,386.05,388.0,383.9500000000001,387.9,5926.0,3474.0,131,2287832.5
2026-07-28 15:10:09.032804855+05:30,387.9,388.85,382.15,382.25,5945.0,2922.0,115,2293617.400000001
2026-07-28 15:15:30.708955598+05:30,382.7000000000001,387.1,381.9,385.4,5926.0,2722.0,138,2281818.2499999995
2026-07-28 15:20:29.733577524+05:30,385.1,386.7000000000001,383.35,385.4,5969.0,3256.0,160,2298181.5500000017
2026-07-28 15:23:46.593736474+05:30,385.1,390.55,385.1,388.8,5920.0,3310.0,145,2297559.05
2026-07-28 15:25:27.716395652+05:30,389.05,392.6,388.35,392.5,6032.0,3931.0,105,2350693.6500000004
2026-07-28 15:27:03.477358247+05:30,392.7000000000001,393.6,389.25,389.7000000000001,5969.0,2644.0,112,2331903.55
2026-07-28 15:28:28.986625082+05:30,389.5,393.3,388.1,391.9500000000001,5925.0,3760.0,126,2315441.1999999997
2026-07-28 15:29:31.702331604+05:30,392.3,392.3,387.25,388.4500000000001,6187.0,3607.0,140,2408443.45
2026-07-28 15:29:56.256159093+05:30,388.7000000000001,391.55,388.25,390.85,5958.0,3112.0,134,2323751.1999999997
2026-07-29 09:15:02.138060523+05:30,390.9,392.0,384.4,385.65,5940.0,2934.0,144,2303357.9
2026-07-29 09:15:45.832145013+05:30,385.6,387.6,384.15,385.75,5935.0,2625.0,142,2288092.9
2026-07-29 09:17:50.976208593+05:30,386.2000000000001,392.35,385.85,392.15,5952.0,3442.0,143,2314916.8000000003
2026-07-29 09:20:09.622531740+05:30,392.5,393.35,390.1,390.3,5940.0,2708.0,100,2326805.6000000006
2026-07-29 09:26:05.629442183+05:30,390.4,390.8,383.4500000000001,383.4500000000001,5918.0,2288.0,167,2292592.7
2026-07-29 09:32:07.318754541+05:30,382.7000000000001,384.3,380.1,380.15,5913.0,2910.0,140,2258381.5500000017
2026-07-29 09:39:40.262564902+05:30,380.2000000000001,382.1,376.75,377.15,5925.0,3045.0,161,2253668.349999999
2026-07-29 09:46:22.806654689+05:30,377.15,379.0,375.05,377.7000000000001,5992.0,2343.0,113,2258653.8
2026-07-29 09:57:17.147495221+05:30,377.8,380.3,376.2000000000001,378.25,5919.0,3072.0,144,2240401.5500000007
2026-07-29 10:07:44.091410279+05:30,378.05,379.8,376.5,379.8,6060.0,3115.0,120,2290469.8000000007
2026-07-29 10:18:59.142149506+05:30,379.75,380.55,377.35,377.4500000000001,6055.0,2653.0,148,2293314.5500000003
2026-07-29 10:34:22.125393856+05:30,377.75,379.1,375.6,376.85,5916.0,3422.0,161,2233446.549999999
2026-07-29 10:47:39.196928796+05:30,376.4500000000001,379.2000000000001,375.65,375.9500000000001,5922.0,3680.0,118,2235639.1999999997
2026-07-29 11:05:56.894961590+05:30,376.1,377.0,372.75,375.35,5922.0,3062.0,147,2221275.250000001
2026-07-29 11:19:29.396608305+05:30,375.2000000000001,376.4,373.15,373.25,6117.0,2666.0,135,2292128.4499999993
2026-07-29 11:33:33.539783400+05:30,373.2000000000001,373.9,367.85,368.3,5929.0,2142.0,133,2199646.65
2026-07-29 11:50:09.351959142+05:30,368.65,370.6,366.75,369.0,6039.0,2843.0,127,2229306.3500000006
2026-07-29 12:08:23.286206840+05:30,369.35,374.5,369.25,371.85,5913.0,2926.0,135,2199998.55
2026-07-29 12:26:33.123075243+05:30,371.65,374.15,369.15,372.05,5912.0,2404.0,149,2194847.9499999993
2026-07-29 12:37:08.968508951+05:30,372.2000000000001,372.2000000000001,368.0,368.3,5995.0,3952.0,94,2212369.5999999996
2026-07-29 12:52:04.133564103+05:30,368.55,370.6,368.0,370.6,5969.0,2945.0,125,2203353.8499999996
2026-07-29 13:06:46.808345112+05:30,370.85,374.25,370.4500000000001,374.2000000000001,5958.0,3668.0,111,2214159.4000000004
2026-07-29 13:22:44.814536539+05:30,374.5,374.85,368.85,371.1,5943.0,2288.0,131,2209122.2
2026-07-29 13:37:51.253149313+05:30,371.25,372.4500000000001,368.75,370.3,6104.0,3185.0,136,2262895.7500000005
2026-07-29 13:57:16.119809144+05:30,369.9,373.85,369.3,372.4500000000001,5917.0,3220.0,169,2198455.8000000007
2026-07-29 14:10:31.889770008+05:30,372.25,373.35,369.9,371.8,5912.0,3187.0,130,2197936.4500000007
2026-07-29 14:22:50.901652058+05:30,371.6,373.8,370.1,373.4,5937.0,3338.0,131,2207079.95
2026-07-29 14:34:16.286692009+05:30,373.2000000000001,373.75,369.3,370.3,6087.0,3352.0,124,2263657.199999999
2026-07-29 14:43:55.933939587+05:30,370.2000000000001,371.6,368.15,368.6,5916.0,2022.0,123,2189033.0500000003
2026-07-29 14:55:05.496770687+05:30,368.65,372.75,367.8,372.7000000000001,5955.0,3011.0,122,2203178.350000001
2026-07-29 15:04:19.999953446+05:30,373.15,374.3,372.4500000000001,373.55,5942.0,2306.0,137,2217760.3
2026-07-29 15:10:16.965182948+05:30,373.75,379.0,373.4500000000001,375.7000000000001,5964.0,3108.0,126,2245646.9
2026-07-29 15:16:48.826756951+05:30,375.65,380.1,375.65,378.55,5924.0,3420.0,142,2244773.9500000007
2026-07-29 15:22:37.155406467+05:30,378.65,380.1,376.1,377.3,5923.0,3043.0,147,2239436.349999999
2026-07-29 15:26:49.641014733+05:30,377.35,378.0,372.15,372.85,6144.0,2809.0,157,2306015.7
2026-07-29 15:28:32.585685670+05:30,372.25,377.4,371.8,376.1,5922.0,4547.0,106,2216159.900000001
2026-07-29 15:29:33.725068755+05:30,376.35,379.5,376.15,377.05,5982.0,4394.0,88,2262179.75
2026-07-29 15:29:59.996475089+05:30,377.15,377.7000000000001,368.85,369.05,6070.0,2084.0,148,2264721.9
2026-07-30 09:15:12.270428072+05:30,369.4500000000001,370.25,364.0,369.55,5924.0,3893.0,127,2168250.4499999997
2026-07-30 09:16:15.366991818+05:30,369.85,372.85,369.1,370.6,5938.0,2875.0,149,2201917.35
2026-07-30 09:17:58.596680596+05:30,370.25,371.65,366.25,367.05,5940.0,1984.0,131,2189280.899999999
2026-07-30 09:21:39.778639750+05:30,367.2000000000001,372.3,366.85,370.15,5942.0,3217.0,146,2198581.0999999996
2026-07-30 09:25:39.655376597+05:30,370.5,375.1,370.2000000000001,375.1,6083.0,2826.0,139,2265432.9
2026-07-30 09:31:25.966539024+05:30,374.65,375.5,372.05,372.4500000000001,5928.0,2880.0,138,2214437.15
2026-07-30 09:39:21.630480660+05:30,372.4500000000001,375.5,371.35,374.5,5916.0,2640.0,141,2211195.7500000005
2026-07-30 09:48:15.600271328+05:30,374.5,379.65,373.5,378.3,5922.0,2958.0,154,2229119.7000000007
2026-07-30 09:57:16.202994176+05:30,378.0,380.9,377.15,378.1,5993.0,3451.0,139,2269408.5499999993
2026-07-30 10:07:16.156221055+05:30,378.25,379.9500000000001,377.55,378.5,5918.0,2503.0,132,2241654.8500000015
2026-07-30 10:19:37.072265712+05:30,378.4500000000001,379.4,375.75,376.15,5921.0,2722.0,136,2237569.5
2026-07-30 10:32:10.008525197+05:30,375.8,379.25,375.7000000000001,378.5,5919.0,3437.0,136,2233297.7499999995
2026-07-30 10:44:48.182227420+05:30,378.35,378.35,376.15,377.85,5929.0,3038.0,127,2238141.3000000003
2026-07-30 10:55:13.223307578+05:30,377.4500000000001,379.65,376.05,379.65,5927.0,3932.0,102,2238301.5000000005
2026-07-30 11:08:55.723429178+05:30,380.0,389.5,380.0,388.25,5942.0,3375.0,126,2290519.849999999
2026-07-30 11:22:39.361902723+05:30,388.15,390.1,387.75,388.25,6703.0,4169.0,138,2607316.1999999993
2026-07-30 11:37:21.761903538+05:30,388.4500000000001,389.15,384.8,386.15,5927.0,2697.0,123,2294858.499999999
2026-07-30 11:50:45.108763347+05:30,386.4,388.5,385.65,387.8,5931.0,4049.0,119,2297701.5
2026-07-30 12:03:56.114089583+05:30,387.85,388.7000000000001,385.7000000000001,387.2000000000001,6169.0,3696.0,124,2389245.000000001
2026-07-30 12:19:46.749827580+05:30,387.2000000000001,388.7000000000001,385.55,387.35,5933.0,2787.0,124,2296731.4
2026-07-30 12:33:30.748179155+05:30,387.0,395.85,386.9500000000001,395.5,5929.0,3032.0,119,2325417.2499999995
2026-07-30 12:49:02.124749701+05:30,395.4,396.9,392.4500000000001,396.25,5928.0,3172.0,148,2341625.3000000007
2026-07-30 13:06:19.920206792+05:30,396.05,396.75,394.15,394.9500000000001,5988.0,2761.0,146,2368857.0
2026-07-30 13:20:08.237147682+05:30,395.35,398.15,394.4500000000001,395.9500000000001,5916.0,2497.0,125,2345180.65
2026-07-30 13:34:43.835696783+05:30,396.0,396.75,392.2000000000001,392.55,6125.0,2993.0,132,2419254.249999999
2026-07-30 13:51:39.474606485+05:30,392.5,396.9500000000001,392.2000000000001,396.1,5918.0,2930.0,161,2335770.9499999993
2026-07-30 14:03:40.389319819+05:30,396.6,402.55,396.6,401.35,6151.0,2383.0,128,2459351.65
2026-07-30 14:15:46.613802070+05:30,401.55,403.7000000000001,399.05,401.65,5942.0,2772.0,124,2387271.85
2026-07-30 14:27:58.311928825+05:30,401.3,402.6,399.1,401.2000000000001,5914.0,2778.0,127,2372996.8999999994
2026-07-30 14:38:58.100726566+05:30,401.05,402.4,397.25,397.65,5963.0,3776.0,129,2388483.800000001
2026-07-30 14:50:34.877448489+05:30,397.65,399.35,394.4500000000001,395.7000000000001,5912.0,3202.0,148,2344250.0500000007
2026-07-30 15:01:02.135313659+05:30,395.4500000000001,397.3,394.65,396.4,6369.0,2844.0,145,2521675.55
2026-07-30 15:08:40.283101540+05:30,396.8,399.15,395.15,397.25,6383.0,2949.0,139,2536282.4499999997
2026-07-30 15:15:17.439463097+05:30,397.25,401.05,396.1,396.6,5915.0,3460.0,156,2355203.4500000007
2026-07-30 15:18:48.116627260+05:30,396.65,397.15,393.6,396.35,5973.0,2305.0,100,2362412.1499999994
2026-07-30 15:22:46.943359748+05:30,396.05,403.4500000000001,395.7000000000001,402.55,5917.0,2637.0,129,2368810.9999999986
2026-07-30 15:25:58.710425460+05:30,402.4,410.15,402.4,409.15,5959.0,3179.0,129,2420599.0499999993
2026-07-30 15:28:24.566157797+05:30,409.1,412.7000000000001,408.8,408.8,5914.0,2824.0,122,2426378.599999999
2026-07-30 15:29:38.346476641+05:30,408.6,418.5,408.2000000000001,418.0,5920.0,4055.0,127,2440274.0500000003
2026-07-30 15:29:59.927882570+05:30,418.05,418.75,413.25,413.3,5972.0,3089.0,134,2480375.3999999985
2026-07-31 09:15:05.502556538+05:30,412.8,416.9500000000001,410.4500000000001,411.75,6019.0,3547.0,131,2482854.5000000005
2026-07-31 09:15:32.703443104+05:30,412.0,414.85,410.2000000000001,414.55,5941.0,3585.0,133,2450452.15
2026-07-31 09:16:19.907214322+05:30,414.55,415.25,412.25,412.85,5930.0,2331.0,123,2452872.9
2026-07-31 09:17:33.488838245+05:30,412.7000000000001,413.65,409.65,413.0,6008.0,3112.0,122,2474872.8500000006
2026-07-31 09:19:33.762306318+05:30,413.35,417.7000000000001,409.55,409.55,6004.0,2971.0,139,2482993.4000000004
2026-07-31 09:21:44.304738112+05:30,409.75,415.0,409.75,415.0,5993.0,3816.0,135,2474331.650000001
2026-07-31 09:24:17.037756395+05:30,414.65,415.4500000000001,408.4500000000001,409.1,6024.0,3009.0,109,2475902.100000001
2026-07-31 09:27:16.847694326+05:30,408.9500000000001,411.35,408.0,408.9500000000001,5931.0,3049.0,116,2427911.6499999994
2026-07-31 09:30:40.863037232+05:30,409.05,411.4500000000001,407.4,409.15,5934.0,2916.0,141,2429729.749999999
2026-07-31 09:36:37.766423469+05:30,409.0,413.35,409.0,411.75,5923.0,3072.0,163,2437349.9499999993
2026-07-31 09:41:10.300716311+05:30,411.9500000000001,412.9,407.2000000000001,408.15,5922.0,2757.0,117,2429310.8999999994
2026-07-31 09:46:37.312024574+05:30,408.0,410.25,404.35,405.25,6008.0,2622.0,131,2450852.5999999987
2026-07-31 09:52:27.915916160+05:30,405.15,406.25,402.6,405.1,5922.0,2780.0,125,2397120.65
2026-07-31 09:57:45.297807480+05:30,405.2000000000001,406.4500000000001,404.05,404.75,5939.0,3411.0,107,2407207.5
2026-07-31 10:04:12.034588973+05:30,404.3,411.35,401.8,411.35,5989.0,2863.0,109,2427796.3500000006
2026-07-31 10:10:24.644004192+05:30,411.35,413.5,409.9,410.15,5954.0,3021.0,129,2451371.9000000013
2026-07-31 10:17:30.480100646+05:30,410.35,416.7000000000001,410.35,415.65,5941.0,3547.0,121,2460895.0500000007
2026-07-31 10:24:57.203666826+05:30,415.75,415.85,410.2000000000001,412.25,5949.0,2367.0,119,2458653.0000000014
2026-07-31 10:35:12.701541411+05:30,412.0,412.35,408.4,411.05,5931.0,3002.0,141,2435745.1500000004
2026-07-31 10:45:02.170648+05:30,410.9,415.4,409.9500000000001,412.2000000000001,5926.0,2583.0,129,2447048.0000000005
2026-07-31 10:52:08.656373186+05:30,412.25,416.5,409.7000000000001,416.5,5951.0,2915.0,104,2459660.1499999994
2026-07-31 11:03:44.507384919+05:30,416.3,416.65,412.7000000000001,414.05,5959.0,2976.0,140,2472041.5499999993
2026-07-31 11:14:11.455095347+05:30,413.85,415.15,411.1,413.4500000000001,5918.0,3191.0,113,2445844.600000001
2026-07-31 11:25:26.382250623+05:30,413.8,416.5,411.3,416.5,5920.0,3224.0,117,2447473.2500000005
2026-07-31 11:35:20.772593902+05:30,416.3,418.8,415.65,418.2000000000001,5940.0,2690.0,122,2478163.6
2026-07-31 11:47:45.865350759+05:30,418.1,424.4,418.1,423.85,5936.0,3446.0,126,2499888.799999999
2026-07-31 11:58:04.886366078+05:30,424.15,426.35,423.4500000000001,424.2000000000001,6111.0,3153.0,131,2596063.35
2026-07-31 12:09:25.265991831+05:30,423.85,425.1,420.3,420.3,5922.0,2336.0,125,2505680.0999999996
2026-07-31 12:18:55.177305892+05:30,420.1,420.25,416.7000000000001,418.85,5955.0,2161.0,107,2492616.9000000013
2026-07-31 12:34:12.596336194+05:30,419.0,423.05,418.0,422.25,6045.0,3754.0,170,2542368.850000001
2026-07-31 12:46:22.762529636+05:30,422.35,430.9,422.35,430.65,6002.0,4253.0,141,2563695.0999999996
2026-07-31 12:57:58.370587112+05:30,430.8,431.35,424.6,427.7000000000001,5985.0,2905.0,152,2561927.1
2026-07-31 13:06:38.649364728+05:30,427.55,427.85,424.2000000000001,425.65,5937.0,3348.0,104,2529673.0
2026-07-31 13:17:09.526164025+05:30,425.85,428.85,425.55,428.25,5929.0,2630.0,130,2533171.4000000004
2026-07-31 13:24:43.498696487+05:30,427.75,432.7000000000001,427.4500000000001,431.85,8852.0,2309.0,108,3817021.7500000005
2026-07-31 13:36:33.072806119+05:30,431.9500000000001,436.15,431.9500000000001,435.9,5937.0,2832.0,139,2577900.0499999993
2026-07-31 13:47:56.665142047+05:30,436.1,437.2000000000001,432.4500000000001,435.85,5969.0,3150.0,137,2596344.799999999
2026-07-31 13:57:06.991268239+05:30,435.55,439.9500000000001,432.25,439.25,6649.0,4165.0,116,2901981.5999999996
2026-07-31 14:06:07.444635656+05:30,439.9500000000001,439.9500000000001,435.3,438.7000000000001,5998.0,3775.0,113,2623742.5
2026-07-31 14:13:33.977650589+05:30,438.15,443.85,434.3,443.85,5912.0,3298.0,114,2584071.65
2026-07-31 14:23:51.671412628+05:30,443.75,447.9,443.35,447.0,5916.0,3283.0,131,2637425.5500000007
2026-07-31 14:30:25.681606600+05:30,446.7000000000001,447.85,444.4,445.05,5999.0,2517.0,111,2676691.9499999993
2026-07-31 14:38:56.720910174+05:30,445.0,446.9500000000001,442.15,444.4,5946.0,2658.0,120,2642120.6500000004
2026-07-31 14:45:31.398821770+05:30,444.9500000000001,447.2000000000001,443.4,444.9500000000001,5963.0,3239.0,122,2655525.349999999
2026-07-31 14:52:58.073305400+05:30,444.35,453.1,444.35,453.1,5923.0,3767.0,164,2653152.500000002
2026-07-31 14:59:48.336127385+05:30,453.5,461.55,451.9500000000001,461.3,5994.0,3881.0,139,2742318.049999999
2026-07-31 15:04:31.834769964+05:30,461.15,464.0,460.0,461.9,5912.0,3044.0,120,2729822.9000000004
2026-07-31 15:09:53.024442152+05:30,461.6,464.7000000000001,460.5,463.15,5999.0,2391.0,135,2773075.150000001
2026-07-31 15:14:23.335179101+05:30,463.6,464.25,461.2000000000001,463.05,5919.0,2490.0,135,2739564.15
2026-07-31 15:17:44.705764988+05:30,462.75,464.6,460.3,462.4500000000001,5974.0,3000.0,129,2761797.0000000014
2026-07-31 15:20:57.066914671+05:30,462.8,463.3,459.4500000000001,462.2000000000001,5913.0,3295.0,116,2728839.2500000005
2026-07-31 15:22:35.649749845+05:30,461.9500000000001,464.9,460.75,460.9500000000001,5961.0,2005.0,84,2754844.6499999994
2026-07-31 15:24:45.817124652+05:30,461.15,467.2000000000001,460.8,461.9,6379.0,4119.0,117,2956958.7499999986
2026-07-31 15:26:45.316710246+05:30,462.25,464.35,461.05,463.35,5914.0,2789.0,132,2735949.55
2026-07-31 15:28:31.045427631+05:30,462.9,467.7000000000001,462.9,465.35,6158.0,2357.0,143,2866322.2999999993
2026-07-31 15:29:28.951755666+05:30,465.15,465.55,460.8,464.4,6243.0,3538.0,136,2886749.0500000017
2026-07-31 15:29:54.536529296+05:30,464.35,467.1,463.4,464.4500000000001,5980.0,3173.0,132,2780238.8499999996
2026-08-03 09:15:00.922538969+05:30,464.2000000000001,465.1,458.7000000000001,458.7000000000001,5926.0,2685.0,132,2739251.900000001
2026-08-03 09:15:20.315619497+05:30,458.55,462.0,458.0,461.6,5918.0,2577.0,100,2718608.1999999997
2026-08-03 09:17:10.012956947+05:30,461.8,464.9,461.0,462.05,5920.0,3492.0,135,2742968.850000001
2026-08-03 09:19:33.886088394+05:30,462.2000000000001,462.2000000000001,455.85,457.35,5914.0,3347.0,96,2715815.4500000016
2026-08-03 09:24:04.563171600+05:30,457.75,459.55,454.8,459.4,5938.0,2388.0,119,2714679.15
2026-08-03 09:31:29.192329977+05:30,459.2000000000001,464.8,458.35,464.05,5943.0,3071.0,138,2737831.55
2026-08-03 09:37:13.584025470+05:30,463.8,465.15,460.85,462.1,6025.0,1927.0,101,2786849.0
2026-08-03 09:47:05.541169981+05:30,462.5,466.9500000000001,461.8,464.8,6009.0,3570.0,134,2788418.6999999993
2026-08-03 09:58:50.151954646+05:30,465.15,466.3,461.4500000000001,462.1,5961.0,2548.0,137,2765267.8500000006
2026-08-03 10:11:59.822209141+05:30,462.4,465.55,460.3,464.6,5949.0,3018.0,148,2752626.549999998
2026-08-03 10:27:17.369449975+05:30,464.3,470.1,463.4500000000001,468.4,5998.0,3508.0,145,2798690.1999999997
2026-08-03 10:41:43.153165146+05:30,468.9500000000001,475.25,468.75,473.0,6216.0,2810.0,103,2933167.7
2026-08-03 10:57:22.611860539+05:30,473.25,475.15,468.8,469.15,5918.0,2522.0,135,2794912.250000002
2026-08-03 11:20:55.219535466+05:30,469.4500000000001,469.85,464.4,464.4,5922.0,3515.0,163,2767464.999999999
2026-08-03 11:45:14.973691982+05:30,464.0,466.4500000000001,461.5,466.05,5921.0,2909.0,137,2747219.249999999
2026-08-03 12:01:48.955816101+05:30,466.05,466.9,462.9500000000001,463.8,5917.0,3332.0,117,2748494.1500000004
2026-08-03 12:18:17.275486183+05:30,464.35,467.15,462.8,466.25,5922.0,2745.0,119,2753186.9999999995
2026-08-03 12:43:05.990347198+05:30,466.4,467.25,461.8,463.9,6018.0,3520.0,135,2795167.0
2026-08-03 12:58:22.916072569+05:30,463.4500000000001,465.15,460.9500000000001,462.1,6639.0,3204.0,100,3071541.2
2026-08-03 13:22:09.895601101+05:30,462.05,462.05,452.9500000000001,453.55,6376.0,2537.0,142,2913196.3999999985
2026-08-03 13:40:17.999186694+05:30,453.4500000000001,453.55,448.0,448.4500000000001,6181.0,2606.0,120,2783584.2
2026-08-03 13:57:40.908865238+05:30,448.5,450.6,446.9,448.05,6137.0,3865.0,121,2754250.8500000015
2026-08-03 14:15:37.022028027+05:30,447.85,450.1,445.15,449.6,5921.0,2582.0,165,2649429.75
2026-08-03 14:29:47.848496320+05:30,449.6,458.2000000000001,449.6,455.9500000000001,6135.0,3872.0,136,2779213.700000001
2026-08-03 14:43:50.682315477+05:30,456.15,456.8,451.0,456.8,5922.0,2848.0,153,2688811.050000001
2026-08-03 14:53:31.440552091+05:30,456.2000000000001,459.5,454.9500000000001,457.35,5946.0,4048.0,115,2719248.5999999996
2026-08-03 15:02:44.612764378+05:30,456.7000000000001,462.6,456.7000000000001,461.6,6585.0,3786.0,114,3033547.8499999996
2026-08-03 15:11:56.928209407+05:30,461.7000000000001,461.7000000000001,459.4,461.0,6018.0,3409.0,131,2770805.2999999993
2026-08-03 15:20:13.684697063+05:30,461.05,463.7000000000001,459.75,461.65,5920.0,3293.0,156,2734188.250000001
2026-08-03 15:24:55.032645+05:30,461.55,461.7000000000001,454.5,454.9,5926.0,2390.0,130,2714510.6499999994
2026-08-03 15:28:33.606217201+05:30,455.8,457.4,454.15,454.55,6079.0,3259.0,156,2770846.0000000005
2026-08-03 15:29:51.609133996+05:30,454.55,455.7000000000001,451.85,452.2000000000001,5980.0,2953.0,136,2715525.050000001
2026-08-04 09:15:01.315209399+05:30,452.0,454.4,447.5,453.85,5970.0,3833.0,143,2696281.2999999993
2026-08-04 09:15:13.128738316+05:30,454.4,456.75,452.4,452.65,5915.0,3115.0,108,2685448.15
2026-08-04 09:15:44.576497958+05:30,452.4500000000001,452.85,449.9,450.85,6223.0,2245.0,119,2809244.6000000006
2026-08-04 09:16:40.245128693+05:30,451.4,453.4,448.4500000000001,451.4,5922.0,3557.0,120,2668885.0000000014
2026-08-04 09:17:48.524377694+05:30,451.75,453.3,449.5,451.05,5968.0,2420.0,121,2697392.8999999994
2026-08-04 09:19:41.197301962+05:30,451.15,454.7000000000001,447.2000000000001,447.7000000000001,5932.0,2939.0,133,2670944.4000000004
2026-08-04 09:22:44.881964294+05:30,447.75,448.15,437.35,440.6,5931.0,2754.0,153,2619704.0999999987
2026-08-04 09:26:45.904993668+05:30,440.5,443.65,439.75,441.25,6041.0,2745.0,142,2665650.1000000006
2026-08-04 09:30:41.734720531+05:30,441.65,441.65,439.0,439.4500000000001,6061.0,2553.0,143,2667189.300000001
2026-08-04 09:34:45.640145752+05:30,439.5,444.9,437.85,444.3,5929.0,2863.0,119,2622350.8499999996
2026-08-04 09:40:42.676138356+05:30,444.0,447.6,441.15,441.4,5954.0,2429.0,147,2645906.1500000004
2026-08-04 09:45:32.471160120+05:30,441.4,444.4500000000001,439.4500000000001,442.3,5954.0,2543.0,132,2632152.2500000005
2026-08-04 09:51:48.023757679+05:30,441.9,447.2000000000001,441.75,446.6,5928.0,2826.0,146,2635125.9499999997
2026-08-04 09:58:25.978216978+05:30,446.55,447.4500000000001,444.4,445.2000000000001,6036.0,2608.0,135,2691468.1999999997
2026-08-04 10:02:56.263838695+05:30,445.3,446.6,442.5,442.5,5937.0,1853.0,83,2643387.6000000015
2026-08-04 10:09:14.951563908+05:30,442.5,449.8,441.5,447.4,6023.0,3396.0,141,2690274.9999999995
2026-08-04 10:16:34.666759870+05:30,447.2000000000001,448.8,442.15,443.0,5917.0,2448.0,134,2640637.6999999997
2026-08-04 10:24:35.240035228+05:30,443.15,443.9500000000001,439.9500000000001,441.4500000000001,6243.0,3578.0,138,2758304.9999999995
2026-08-04 10:36:34.388302522+05:30,440.9500000000001,443.7000000000001,439.85,440.3,5997.0,2819.0,169,2648397.9500000007
2026-08-04 10:45:57.990284280+05:30,440.4,441.75,435.3,435.35,5954.0,2476.0,150,2611385.3
2026-08-04 10:52:33.200007141+05:30,435.15,440.4,435.05,438.25,5931.0,2352.0,105,2596653.5000000005
2026-08-04 11:02:20.883574279+05:30,438.2000000000001,442.5,435.0,442.5,5914.0,3040.0,138,2594696.3000000007
2026-08-04 11:12:55.578674033+05:30,442.1,449.6,442.1,449.4,6437.0,3373.0,138,2870030.7000000016
2026-08-04 11:24:02.069919683+05:30,449.3,453.55,448.65,451.75,5942.0,2834.0,137,2679641.4500000016
2026-08-04 11:34:43.396398328+05:30,452.15,456.0,450.75,454.8,5913.0,3923.0,132,2682965.25
2026-08-04 11:44:07.535743638+05:30,455.3,458.9500000000001,455.0,455.6,5948.0,3272.0,111,2717759.199999999
2026-08-04 11:52:13.668383715+05:30,455.75,457.9500000000001,451.85,457.9500000000001,5928.0,4242.0,106,2697942.6999999997
2026-08-04 11:57:29.953795354+05:30,457.9,458.35,455.8,456.05,5960.0,2468.0,79,2722084.4499999997
2026-08-04 12:09:05.702752591+05:30,455.8,461.4500000000001,455.6,461.0,5912.0,3688.0,150,2707888.600000001
2026-08-04 12:18:02.401091348+05:30,461.2000000000001,461.85,456.7000000000001,460.0,5914.0,3746.0,112,2715290.5499999993
2026-08-04 12:29:22.391691509+05:30,459.85,463.15,456.9500000000001,456.9500000000001,6115.0,2602.0,134,2816886.549999999
2026-08-04 12:40:14.502752736+05:30,456.3,456.9,453.4,455.75,5982.0,3168.0,146,2722251.8999999994
2026-08-04 12:50:23.182170351+05:30,455.8,462.1,454.8,462.1,5912.0,2918.0,119,2709330.95
2026-08-04 12:59:33.097632909+05:30,462.05,462.05,458.9,460.0,5926.0,2796.0,114,2726619.950000001
2026-08-04 13:11:28.384853331+05:30,459.85,461.7000000000001,451.5,453.85,6061.0,2219.0,156,2765486.7499999995
2026-08-04 13:21:48.320534065+05:30,453.75,458.2000000000001,453.35,454.1,5928.0,2502.0,125,2703561.3000000003
2026-08-04 13:30:57.260307199+05:30,454.55,458.35,452.75,458.3,5918.0,2986.0,120,2691385.65
2026-08-04 13:39:13.216998005+05:30,457.9,458.6,454.7000000000001,456.4500000000001,5949.0,2734.0,109,2718645.0
2026-08-04 13:46:08.855610981+05:30,456.6,459.75,454.55,459.7000000000001,5951.0,3485.0,106,2719870.0
2026-08-04 13:55:14.661609966+05:30,459.4500000000001,462.6,458.4,461.4,5943.0,3307.0,137,2732941.8000000007
2026-08-04 14:06:37.965304436+05:30,461.25,462.8,458.05,458.05,6022.0,2376.0,147,2771645.65
2026-08-04 14:15:22.280725593+05:30,458.1,461.85,457.3,458.65,5946.0,2813.0,124,2733118.5999999996
2026-08-04 14:25:27.841361588+05:30,458.55,462.25,456.6,461.7000000000001,5958.0,3719.0,158,2738055.550000001
2026-08-04 14:34:16.901756752+05:30,462.25,463.55,457.9500000000001,459.65,5999.0,2976.0,151,2761605.849999999
2026-08-04 14:43:08.096038076+05:30,459.5,463.8,458.6,462.1,5949.0,3197.0,135,2744427.6999999997
2026-08-04 14:48:23.609144082+05:30,461.6,464.4500000000001,460.35,463.4,5927.0,2875.0,128,2737677.700000001
2026-08-04 14:54:31.567909266+05:30,463.65,465.7000000000001,460.5,463.4500000000001,5939.0,3725.0,135,2752427.0000000005
2026-08-04 15:00:32.627566980+05:30,463.6,465.65,455.4500000000001,457.1,5915.0,2591.0,141,2729650.7499999986
2026-08-04 15:06:52.603706866+05:30,457.65,458.15,447.2000000000001,447.2000000000001,5958.0,2394.0,148,2696543.6500000004
2026-08-04 15:11:02.711350615+05:30,447.3,449.4,445.55,447.85,5922.0,3504.0,132,2649136.3999999985
2026-08-04 15:15:08.840593358+05:30,448.2000000000001,455.0,448.2000000000001,455.0,5913.0,3759.0,132,2668857.2999999984
2026-08-04 15:18:31.851675035+05:30,455.4500000000001,456.0,453.4500000000001,454.55,5914.0,2931.0,130,2688527.8500000006
2026-08-04 15:22:07.548026010+05:30,454.4500000000001,455.0,449.55,453.05,5923.0,2302.0,157,2679925.9499999997
2026-08-04 15:24:32.610469060+05:30,452.75,455.4,452.1,454.85,5975.0,3415.0,131,2711281.050000001
2026-08-04 15:26:38.297091704+05:30,455.15,457.2000000000001,452.15,454.4500000000001,5928.0,3122.0,143,2694241.6500000013
2026-08-04 15:28:08.818630426+05:30,454.6,455.4,451.4,452.55,6249.0,3550.0,129,2833443.0000000005
2026-08-04 15:29:11.252257263+05:30,452.35,452.9,449.9500000000001,450.4500000000001,5925.0,3015.0,140,2672793.850000001
2026-08-04 15:29:51.350685877+05:30,450.8,452.4500000000001,448.4500000000001,451.7000000000001,5937.0,3192.0,143,2676196.199999998
2026-08-05 09:15:00.181204555+05:30,451.5,455.9,451.35,454.0,5920.0,2976.0,136,2688968.850000001
2026-08-05 09:15:12.706248791+05:30,453.65,453.9500000000001,444.9,445.4500000000001,5927.0,2533.0,139,2666995.25
2026-08-05 09:15:44.521160861+05:30,445.4500000000001,450.55,445.35,449.55,5995.0,2985.0,134,2683982.3999999994
2026-08-05 09:16:20.471177336+05:30,450.15,457.15,450.15,456.15,6101.0,4236.0,86,2775994.3000000003
2026-08-05 09:17:29.747156240+05:30,456.6,458.75,454.8,456.75,6279.0,3076.0,114,2865966.3
2026-08-05 09:19:26.486542905+05:30,457.1,459.2000000000001,453.9,458.2000000000001,5981.0,2797.0,147,2728411.250000001
2026-08-05 09:22:13.572973043+05:30,458.75,462.75,457.9500000000001,461.0,5923.0,2541.0,118,2727769.9999999986
2026-08-05 09:25:16.882773748+05:30,461.15,462.8,459.4,461.9,6056.0,3715.0,130,2792256.999999999
2026-08-05 09:29:06.564453261+05:30,462.0,462.2000000000001,456.9500000000001,458.35,5937.0,2294.0,140,2724716.45
2026-08-05 09:34:18.599720761+05:30,458.05,465.0,458.05,463.6,5939.0,3980.0,139,2748102.3500000006
2026-08-05 09:39:15.187343389+05:30,463.2000000000001,465.3,460.4,461.05,6108.0,2822.0,132,2830818.449999999
2026-08-05 09:44:47.678364241+05:30,460.4500000000001,463.75,456.9500000000001,457.85,5998.0,2556.0,115,2761575.35
2026-08-05 09:51:41.590540505+05:30,457.9,464.8,456.8,464.55,5979.0,3146.0,137,2756716.000000001
2026-08-05 09:59:48.459886860+05:30,464.6,468.9500000000001,464.5,467.0,6133.0,3918.0,146,2861878.5500000007
2026-08-05 10:08:06.043498343+05:30,467.1,467.1,461.9500000000001,463.35,6092.0,2713.0,121,2826916.4499999997
2026-08-05 10:15:31.672671965+05:30,463.3,464.0,461.15,462.1,5930.0,3510.0,115,2744119.399999999
2026-08-05 10:22:12.912702730+05:30,461.65,461.65,456.4,461.3,6176.0,3622.0,99,2834850.199999999
2026-08-05 10:29:46.566791638+05:30,461.35,462.35,457.15,457.35,5916.0,2918.0,112,2721950.7500000005
2026-08-05 10:41:24.046034577+05:30,457.3,460.4,454.8,456.25,5934.0,2613.0,162,2719492.4999999995
2026-08-05 10:48:14.523524316+05:30,456.5,457.25,454.5,456.3,5949.0,3039.0,120,2711518.2000000007
2026-08-05 11:01:56.780253146+05:30,456.4500000000001,463.4,455.4500000000001,461.5,5921.0,2950.0,171,2719862.4000000004
2026-08-05 11:15:16.218727170+05:30,461.75,465.75,456.85,464.4,5941.0,3103.0,150,2740373.2500000014
2026-08-05 11:29:12.596299289+05:30,463.9,465.4500000000001,461.05,463.05,5955.0,2600.0,154,2757530.5500000003
2026-08-05 11:43:31.354930807+05:30,462.3,463.8,459.4,463.05,5979.0,3039.0,161,2757210.5
2026-08-05 11:58:34.871806075+05:30,462.85,470.6,462.85,468.8,5918.0,3083.0,163,2765774.6
2026-08-05 12:09:51.269471438+05:30,468.8,470.5,464.55,466.05,6079.0,2310.0,140,2842716.75
2026-08-05 12:22:32.916824480+05:30,465.75,465.8,456.9,457.9,5980.0,2294.0,137,2753641.75
2026-08-05 12:34:25.919803024+05:30,458.15,460.0,456.9500000000001,459.55,6091.0,2770.0,123,2795445.0
2026-08-05 12:47:30.285911171+05:30,459.35,461.65,457.7000000000001,460.9500000000001,5929.0,2982.0,136,2725589.0000000014
2026-08-05 12:58:26.188162655+05:30,461.3,467.35,459.4,461.3,5919.0,3617.0,135,2740771.1999999997
2026-08-05 13:13:04.337166935+05:30,461.35,462.7000000000001,457.9500000000001,462.4,5956.0,2812.0,166,2738157.099999999
2026-08-05 13:27:09.678873081+05:30,462.4500000000001,463.6,457.9500000000001,460.65,5924.0,2491.0,145,2731049.2000000007
2026-08-05 13:35:12.582827297+05:30,460.8,460.9500000000001,456.2000000000001,459.35,5921.0,3347.0,115,2715665.2499999995
2026-08-05 13:46:39.624274170+05:30,459.1,460.25,457.65,457.85,5912.0,3502.0,138,2713671.4
2026-08-05 13:58:48.970120909+05:30,458.25,462.3,458.25,460.2000000000001,5988.0,3041.0,139,2758338.9500000016
2026-08-05 14:10:19.709063962+05:30,460.05,462.15,457.9,461.1,5950.0,2377.0,143,2734072.999999999
2026-08-05 14:19:33.969685124+05:30,460.85,461.9,456.4,459.4500000000001,5937.0,3144.0,128,2725715.95
2026-08-05 14:28:19.148107807+05:30,459.4,460.05,452.05,455.1,5993.0,3061.0,140,2733544.4499999993
2026-08-05 14:37:13.066885154+05:30,455.65,458.4,454.5,454.85,5988.0,2928.0,156,2731509.5000000005
2026-08-05 14:43:47.087564458+05:30,454.65,454.9500000000001,448.0,450.65,6121.0,2954.0,123,2758610.15
2026-08-05 14:51:03.640560370+05:30,450.7000000000001,455.55,449.55,455.4,5929.0,3351.0,125,2680716.399999999
2026-08-05 14:56:38.256798774+05:30,456.7000000000001,459.15,454.75,455.25,5913.0,1930.0,113,2700398.1999999983
2026-08-05 15:02:46.902176979+05:30,454.7000000000001,454.85,446.75,448.55,5916.0,2855.0,128,2663263.35
2026-08-05 15:08:16.001112790+05:30,448.65,452.6,445.7000000000001,450.15,5986.0,2654.0,147,2685633.0999999978
2026-08-05 15:12:12.724099154+05:30,449.85,452.7000000000001,446.65,450.85,5915.0,3141.0,113,2665179.2500000005
2026-08-05 15:17:10.079389425+05:30,450.65,452.1,447.9500000000001,450.7000000000001,6064.0,2871.0,141,2732404.05
2026-08-05 15:20:54.821655922+05:30,450.7000000000001,454.9,449.85,454.3,5952.0,3404.0,140,2690346.9999999995
2026-08-05 15:23:49.426627882+05:30,454.5,454.5,450.5,452.5,5925.0,2624.0,142,2679269.5
2026-08-05 15:26:01.771172123+05:30,452.35,452.7000000000001,448.6,448.6,6057.0,2615.0,120,2728907.150000001
2026-08-05 15:27:28.335564688+05:30,448.6,451.2000000000001,448.1,451.2000000000001,6062.0,2998.0,109,2723492.9999999995
2026-08-05 15:28:49.899143068+05:30,451.85,453.9500000000001,451.05,451.9,6065.0,2842.0,134,2742648.3
2026-08-05 15:29:32.502313244+05:30,452.15,453.85,449.35,449.85,5924.0,1709.0,111,2672764.6499999994
2026-08-05 15:29:54.319889703+05:30,449.65,458.9,449.1,458.9,5942.0,3152.0,121,2696538.6999999997
2026-08-06 09:15:00.367075557+05:30,458.75,461.3,456.4,457.0,5969.0,3284.0,118,2741450.85
2026-08-06 09:15:18.123061766+05:30,456.9500000000001,458.65,451.4,451.6,5918.0,2587.0,157,2693955.9999999995
2026-08-06 09:16:00.152714538+05:30,451.3,453.4500000000001,450.3,451.4,5926.0,3492.0,133,2678609.6999999997
2026-08-06 09:16:58.329601433+05:30,450.9,453.05,449.55,451.3,6025.0,3180.0,145,2718532.8999999985
2026-08-06 09:18:25.125363214+05:30,451.55,455.4,451.0,453.0,5929.0,3203.0,146,2684745.2500000005
2026-08-06 09:20:33.175828677+05:30,452.65,462.5,451.55,462.05,6246.0,4120.0,146,2844791.550000001
2026-08-06 09:22:56.816454152+05:30,462.3,462.3,454.55,455.1,5924.0,2827.0,117,2712325.4500000007
2026-08-06 09:25:50.734021074+05:30,455.05,456.75,452.6,455.05,5919.0,2920.0,140,2690587.5000000005
2026-08-06 09:30:20.365711052+05:30,454.9500000000001,456.4,453.05,454.1,5928.0,3051.0,163,2695862.7000000007
2026-08-06 09:34:10.175773883+05:30,454.3,458.7000000000001,454.0,458.5,5916.0,3305.0,117,2700176.5499999993
2026-08-06 09:39:14.330648490+05:30,457.9,460.85,455.15,457.9500000000001,5973.0,3560.0,146,2733401.0500000003
2026-08-06 09:44:19.380499324+05:30,457.75,464.75,457.75,464.65,5998.0,3642.0,116,2772181.35
2026-08-06 09:50:15.823764258+05:30,464.8,468.8,464.15,468.8,5965.0,3560.0,120,2779052.9999999995
2026-08-06 09:57:22.069775285+05:30,468.6,469.05,464.35,468.25,5939.0,3004.0,153,2773219.4500000007
2026-08-06 10:03:51.107729638+05:30,468.35,469.2000000000001,464.5,468.15,5969.0,3848.0,144,2789135.0500000007
2026-08-06 10:10:35.314822430+05:30,468.1,470.9,467.7000000000001,468.65,5931.0,2520.0,119,2780666.35
2026-08-06 10:17:48.414926943+05:30,468.5,472.65,468.15,472.6,6423.0,3422.0,137,3021899.6499999994
2026-08-06 10:25:52.898649530+05:30,473.2000000000001,475.75,468.85,469.9,5984.0,2423.0,124,2826502.85
2026-08-06 10:35:24.481406828+05:30,469.7000000000001,470.7000000000001,463.5,464.8,5912.0,2358.0,137,2760705.650000001
2026-08-06 10:46:12.332782783+05:30,465.0,466.35,462.0,464.85,5933.0,3009.0,160,2752089.8000000003
2026-08-06 10:56:47.848639315+05:30,464.9500000000001,470.65,464.65,470.65,5923.0,3519.0,134,2766466.0
2026-08-06 11:07:25.688848960+05:30,470.4500000000001,470.4500000000001,465.9500000000001,467.4,6041.0,3251.0,161,2825003.1999999997
2026-08-06 11:16:20.142124132+05:30,467.0,469.5,466.85,467.55,6037.0,3459.0,139,2824898.850000001
2026-08-06 11:25:20.566392753+05:30,467.25,469.4500000000001,465.55,466.7000000000001,5915.0,2919.0,135,2766610.2499999995
2026-08-06 11:32:20.695304032+05:30,466.65,467.1,464.4500000000001,464.9,5941.0,2594.0,113,2767029.9999999986
2026-08-06 11:44:45.525331478+05:30,465.05,466.05,461.3,464.9,5927.0,3265.0,143,2745027.5500000003
2026-08-06 11:58:15.624431939+05:30,464.65,468.65,463.85,465.4,5977.0,2307.0,141,2786373.9499999993
2026-08-06 12:08:30.818115403+05:30,465.0,465.0,457.4,457.85,5924.0,2794.0,140,2736916.6999999997
2026-08-06 12:16:17.505697643+05:30,458.2000000000001,461.4,458.0,459.75,6092.0,4011.0,101,2800772.4500000007
2026-08-06 12:25:44.424867265+05:30,460.25,465.4500000000001,460.05,465.2000000000001,5922.0,1895.0,106,2734243.9499999997
2026-08-06 12:35:48.151675479+05:30,464.9,465.75,462.5,464.05,6494.0,2023.0,119,3014316.299999999
2026-08-06 12:44:45.827963561+05:30,464.15,465.6,457.8,457.8,5917.0,3423.0,132,2737572.0500000003
2026-08-06 12:54:38.507476452+05:30,458.0,458.4500000000001,448.65,448.85,5955.0,3131.0,148,2710642.1999999993
2026-08-06 13:02:38.566082990+05:30,448.65,452.4,446.65,451.6,6006.0,3814.0,112,2696586.2000000007
2026-08-06 13:12:35.153030790+05:30,451.9500000000001,452.75,449.1,450.85,5925.0,2717.0,141,2669562.6000000006
2026-08-06 13:20:42.773031955+05:30,450.9,451.6,445.4,446.75,5949.0,3391.0,109,2670145.4000000004
2026-08-06 13:32:18.752619005+05:30,446.5,449.35,444.4,445.3,5922.0,2504.0,154,2645150.5499999993
2026-08-06 13:41:39.051597212+05:30,445.0,446.7000000000001,443.75,446.25,5947.0,2828.0,121,2647273.2499999995
2026-08-06 13:54:06.282587705+05:30,446.05,451.1,444.65,446.8,6016.0,2867.0,148,2696696.05
2026-08-06 14:01:45.779062676+05:30,446.75,446.75,441.1,441.3,6030.0,3009.0,108,2674655.85
2026-08-06 14:11:09.303876209+05:30,441.25,442.0,436.85,441.65,5912.0,3275.0,131,2598623.2
2026-08-06 14:18:06.035513623+05:30,441.75,447.4,440.85,446.85,6110.0,3736.0,106,2713820.1999999997
2026-08-06 14:27:41.207388445+05:30,446.85,446.9,442.35,442.9500000000001,5917.0,3157.0,149,2627963.2
2026-08-06 14:36:27.557881626+05:30,443.1,445.1,441.65,445.1,5951.0,3083.0,133,2635002.1
2026-08-06 14:43:53.238707481+05:30,445.55,446.4500000000001,443.1,444.05,6005.0,2473.0,144,2669622.9000000004
2026-08-06 14:48:56.013873111+05:30,444.3,446.55,442.6,446.55,5968.0,3509.0,98,2654378.5499999993
2026-08-06 14:54:40.983651767+05:30,446.7000000000001,446.9,439.9500000000001,440.4,5941.0,1859.0,113,2632482.3000000007
2026-08-06 15:00:34.773265625+05:30,440.65,441.7000000000001,434.1,434.75,5930.0,3309.0,138,2591983.0500000017
2026-08-06 15:06:51.314816480+05:30,434.75,435.4500000000001,427.9500000000001,428.5,5917.0,2503.0,154,2552668.9500000007
2026-08-06 15:10:16.126392600+05:30,427.85,436.05,426.55,435.6,5918.0,3139.0,105,2548180.75
2026-08-06 15:15:45.046667152+05:30,435.65,436.1,429.4,430.65,5930.0,2915.0,165,2565067.250000001
2026-08-06 15:19:18.578835856+05:30,430.35,435.2000000000001,429.9500000000001,432.7000000000001,5951.0,3371.0,125,2571279.8500000006
2026-08-06 15:22:30.012950279+05:30,432.5,435.65,430.2000000000001,434.55,6005.0,2939.0,137,2599018.5999999996
2026-08-06 15:24:26.034579029+05:30,434.65,444.2000000000001,434.65,443.7000000000001,6064.0,4297.0,114,2673187.7999999993
2026-08-06 15:26:06.793136245+05:30,443.85,453.7000000000001,443.1,453.5,5935.0,4562.0,104,2656092.0499999984
2026-08-06 15:27:39.073435677+05:30,453.8,455.05,449.85,454.0,6007.0,2892.0,119,2718612.7000000007
2026-08-06 15:28:44.521835277+05:30,454.05,456.3,451.4500000000001,455.5,6021.0,3036.0,107,2732459.0499999993
2026-08-06 15:29:34.640480695+05:30,455.8,456.9,451.7000000000001,452.9,5928.0,2536.0,140,2694467.55
2026-08-06 15:29:55.243689858+05:30,452.75,454.75,451.55,454.05,5915.0,2611.0,129,2680496.2500000005
2026-08-07 09:15:00.213142655+05:30,454.05,454.4,448.9500000000001,449.4500000000001,5925.0,2574.0,138,2674448.9000000004
2026-08-07 09:15:07.472436868+05:30,449.6,453.9,449.2000000000001,453.75,5914.0,2412.0,116,2664215.4499999993
2026-08-07 09:15:33.978389017+05:30,453.8,453.9500000000001,447.65,448.1,6135.0,3267.0,150,2765219.450000001
2026-08-07 09:16:23.580068552+05:30,448.0,452.15,447.75,448.6,5965.0,3309.0,136,2682703.299999999
2026-08-07 09:17:33.328368530+05:30,448.6,451.05,444.35,449.55,5969.0,2826.0,131,2673633.6999999993
2026-08-07 09:18:43.284363651+05:30,449.6,449.6,443.65,443.9,5914.0,3041.0,113,2635974.95
2026-08-07 09:20:37.689253224+05:30,443.35,444.1,436.75,437.75,5976.0,2518.0,132,2632875.8000000003
2026-08-07 09:22:45.107120746+05:30,437.85,439.6,436.25,436.25,5920.0,2465.0,125,2593226.200000001
2026-08-07 09:25:05.944702198+05:30,436.8,441.0,436.8,438.25,5999.0,2546.0,114,2634141.8000000007
2026-08-07 09:27:36.562220661+05:30,438.35,440.25,436.3,438.3,5919.0,3032.0,106,2593326.6000000015
2026-08-07 09:31:32.594509674+05:30,438.4,439.3,435.55,439.3,5921.0,3032.0,149,2589594.5999999996
2026-08-07 09:34:34.131470074+05:30,439.7000000000001,440.1,434.55,434.9,5915.0,2802.0,108,2588628.6999999997
2026-08-07 09:40:02.459210934+05:30,434.85,440.55,434.15,434.4,6073.0,3413.0,156,2652050.400000001
2026-08-07 09:44:34.161474247+05:30,434.05,434.05,429.5,429.8,6014.0,2782.0,124,2595060.000000001
2026-08-07 09:49:17.339542784+05:30,429.7000000000001,429.7000000000001,423.85,423.85,6595.0,2507.0,118,2811259.4500000007
2026-08-07 09:56:00.350780721+05:30,423.8,427.05,423.25,425.9500000000001,5913.0,3013.0,161,2513497.699999999
2026-08-07 10:02:25.327339530+05:30,426.2000000000001,433.75,425.85,432.85,5954.0,3317.0,151,2557438.1499999994
2026-08-07 10:09:05.653811997+05:30,432.8,437.35,432.4,437.3,5923.0,2710.0,129,2580262.7500000005
2026-08-07 10:16:20.778846159+05:30,437.25,438.15,434.4,436.8,5913.0,2571.0,128,2580436.4000000004
2026-08-07 10:22:03.180380858+05:30,435.9500000000001,440.9500000000001,435.9,438.5,5939.0,3208.0,122,2608704.15
2026-08-07 10:30:44.907121066+05:30,438.4500000000001,439.1,427.65,427.65,5920.0,1867.0,157,2571943.0499999993
2026-08-07 10:36:49.298366346+05:30,427.55,431.25,427.1,428.9,5913.0,2716.0,111,2535905.9499999997
2026-08-07 10:47:58.506394270+05:30,429.15,429.15,425.0,426.7000000000001,5958.0,2514.0,152,2542799.1500000004
2026-08-07 10:54:48.871032370+05:30,427.0,430.4,426.85,428.9,5916.0,3526.0,112,2533254.25
2026-08-07 11:03:35.922508949+05:30,429.7000000000001,431.3,424.0,429.05,6182.0,3047.0,149,2648342.3999999994
2026-08-07 11:12:22.887585698+05:30,428.9500000000001,429.7000000000001,425.05,426.1,5918.0,3207.0,138,2527712.0000000005
2026-08-07 11:21:40.850036194+05:30,426.2000000000001,428.0,424.4,425.3,5919.0,3445.0,139,2521972.1999999997
2026-08-07 11:31:31.602119972+05:30,425.0,430.6,425.0,428.15,6024.0,2696.0,135,2578353.8
2026-08-07 11:43:11.078037483+05:30,428.15,429.75,425.8,427.75,5984.0,3012.0,159,2561135.3000000017
2026-08-07 11:53:30.689396056+05:30,428.4500000000001,432.6,427.8,431.75,5992.0,3710.0,133,2577076.3499999996
2026-08-07 12:03:14.865224318+05:30,431.8,432.05,423.35,423.35,5921.0,2231.0,144,2533093.299999999
2026-08-07 12:14:40.770237898+05:30,423.75,424.05,420.1,420.2000000000001,5989.0,3114.0,150,2527688.2500000005
2026-08-07 12:24:10.945970764+05:30,420.6,424.2000000000001,420.6,421.4500000000001,5913.0,3602.0,121,2496511.849999999
2026-08-07 12:34:52.926200040+05:30,421.6,421.6,414.8,415.55,5926.0,2024.0,136,2475941.05
2026-08-07 12:46:20.672571975+05:30,415.4,416.55,411.15,413.1,6054.0,2675.0,155,2506053.0500000017
2026-08-07 12:54:04.098218440+05:30,413.0,416.9,412.7000000000001,413.55,5971.0,2506.0,112,2478319.7
2026-08-07 13:02:30.056321423+05:30,413.9,413.9,410.9500000000001,413.35,5912.0,2718.0,111,2438638.9000000004
2026-08-07 13:11:35.991954857+05:30,412.6,412.9500000000001,407.15,409.85,6045.0,3368.0,134,2475863.4499999997
2026-08-07 13:23:53.290484471+05:30,409.85,413.6,406.85,412.6,5913.0,3325.0,159,2422166.3500000015
2026-08-07 13:33:28.962736291+05:30,412.7000000000001,413.9500000000001,408.35,408.4,5987.0,3452.0,136,2461701.8500000006
2026-08-07 13:40:13.657150477+05:30,408.55,412.65,407.8,409.4,6026.0,2517.0,123,2472400.4000000004
2026-08-07 13:48:04.917618655+05:30,409.05,410.85,406.55,407.2000000000001,5926.0,2842.0,133,2420396.8499999996
2026-08-07 13:56:24.089103885+05:30,407.75,408.15,399.3,401.1,6001.0,1964.0,118,2420874.200000002
2026-08-07 14:04:15.110364662+05:30,401.3,405.05,400.3,404.15,6104.0,3235.0,129,2455674.3000000003
2026-08-07 14:12:48.055591746+05:30,404.0,405.0,397.8,398.7000000000001,5975.0,2868.0,134,2394734.5999999996
2026-08-07 14:20:34.660835032+05:30,399.05,403.2000000000001,397.05,402.9,5913.0,3436.0,143,2362150.0499999993
2026-08-07 14:28:35.827695478+05:30,403.05,403.5,395.7000000000001,395.85,5935.0,2678.0,131,2365136.75
2026-08-07 14:35:13.684877254+05:30,396.0,397.05,392.85,392.85,6017.0,3474.0,126,2376965.650000001
2026-08-07 14:41:25.393266239+05:30,393.3,398.0,392.9500000000001,397.15,5972.0,3288.0,121,2361846.05
2026-08-07 14:47:45.855289118+05:30,397.1,397.9500000000001,394.35,394.8,5919.0,2830.0,143,2344957.3500000006
2026-08-07 14:54:31.896601074+05:30,394.75,395.7000000000001,392.2000000000001,394.5,5939.0,3574.0,151,2339098.55
2026-08-07 14:58:40.512943489+05:30,394.4,398.5,392.5,395.3,5926.0,3511.0,105,2343566.25
2026-08-07 15:03:15.667718810+05:30,395.7000000000001,399.0,394.6,394.75,5968.0,3036.0,131,2369221.2999999993
2026-08-07 15:07:24.293845761+05:30,394.5,395.85,391.8,392.85,5921.0,2643.0,139,2332189.100000001
2026-08-07 15:10:54.349057966+05:30,392.5,392.7000000000001,389.1,389.3,5976.0,2858.0,108,2334832.2
2026-08-07 15:14:12.714884453+05:30,388.9500000000001,391.4,385.7000000000001,391.2000000000001,5923.0,3525.0,131,2301469.15
2026-08-07 15:17:29.011933323+05:30,390.9,394.7000000000001,390.5,393.7000000000001,5972.0,2637.0,140,2346349.249999999
2026-08-07 15:20:34.383593878+05:30,393.75,398.65,393.3,398.4,6019.0,3296.0,147,2385417.9000000004
2026-08-07 15:23:14.463067779+05:30,397.85,399.6,394.5,396.6,5988.0,3235.0,128,2376917.600000001
2026-08-07 15:25:10.417881583+05:30,396.3,398.4,394.9500000000001,396.5,6504.0,3249.0,120,2579513.35
2026-08-07 15:26:46.302308669+05:30,396.55,398.75,396.25,396.7000000000001,6054.0,3237.0,113,2405499.5
2026-08-07 15:28:18.986261305+05:30,396.5,398.15,393.55,394.15,5972.0,2895.0,153,2362833.3500000006
2026-08-07 15:29:09.422992957+05:30,394.15,394.8,387.9500000000001,389.3,5912.0,2899.0,131,2311360.0000000005
2026-08-07 15:29:46.919701007+05:30,389.3,392.15,388.65,390.4500000000001,5980.0,3257.0,142,2335634.8000000003
2026-08-07 15:29:58.825072521+05:30,390.5,392.9,389.2000000000001,391.7000000000001,5978.0,3437.0,132,2341801.15
2026-08-10 09:15:16.340194601+05:30,391.35,399.65,390.2000000000001,399.25,5978.0,3616.0,155,2365408.1000000006
2026-08-10 09:17:05.816452968+05:30,399.4,401.1,398.0,399.3,6084.0,3286.0,141,2431580.1500000004
2026-08-10 09:20:31.101838795+05:30,399.85,404.3,399.4,403.6,5952.0,2992.0,134,2394265.5000000005
2026-08-10 09:26:04.137302660+05:30,403.65,405.9,402.25,403.35,5998.0,3188.0,130,2422443.9
2026-08-10 09:34:46.824005486+05:30,403.35,407.85,402.6,404.65,5923.0,2694.0,149,2401873.150000001
2026-08-10 09:43:54.931139654+05:30,405.1,408.0,404.25,407.2000000000001,5963.0,3036.0,131,2420710.849999999
2026-08-10 09:56:32.459584422+05:30,406.65,406.9,398.75,398.9500000000001,5956.0,2008.0,152,2399434.3
2026-08-10 10:11:11.974184807+05:30,399.05,404.3,398.0,402.3,5959.0,3686.0,146,2385093.25
2026-08-10 10:24:39.421328480+05:30,402.6,407.4500000000001,402.5,406.65,5960.0,2747.0,135,2416679.0
2026-08-10 10:42:42.677809287+05:30,406.6,408.65,404.4,404.4,5921.0,2361.0,141,2405853.2500000005
2026-08-10 10:52:15.673067833+05:30,404.2000000000001,411.05,404.2000000000001,409.8,5920.0,3396.0,89,2419536.050000001
2026-08-10 11:07:16.715270911+05:30,409.75,414.05,409.75,414.05,6255.0,2957.0,102,2574017.6999999993
2026-08-10 11:23:44.533292522+05:30,414.35,418.2000000000001,414.35,416.25,6180.0,3066.0,125,2571871.55
2026-08-10 11:44:29.187672703+05:30,415.9500000000001,418.85,414.9500000000001,415.55,6015.0,2718.0,141,2503726.8499999996
2026-08-10 12:06:53.005074268+05:30,415.65,416.6,409.9500000000001,411.65,5933.0,2379.0,151,2452877.5500000003
2026-08-10 12:27:21.820083047+05:30,411.8,413.65,410.75,412.9,5914.0,3826.0,128,2438571.9499999993
2026-08-10 12:49:38.795926875+05:30,412.4500000000001,418.15,412.4500000000001,416.25,5918.0,3106.0,127,2458944.8000000003
2026-08-10 13:09:17.024566210+05:30,416.55,421.8,416.55,420.8,5951.0,3332.0,114,2499678.3000000007
2026-08-10 13:31:50.127053466+05:30,420.8,428.6,420.8,428.6,5957.0,3668.0,131,2532048.000000001
2026-08-10 13:53:16.805793697+05:30,428.65,430.3,425.5,428.3,6015.0,2303.0,150,2573726.099999999
2026-08-10 14:12:38.098981243+05:30,428.25,428.55,426.1,426.1,6023.0,2883.0,155,2573624.3
2026-08-10 14:29:10.338211603+05:30,426.25,426.65,422.85,426.05,5945.0,3066.0,147,2524674.8499999996
2026-08-10 14:42:05.727492051+05:30,426.0,426.2000000000001,423.3,425.75,5932.0,2431.0,118,2520469.15
2026-08-10 14:51:58.466735903+05:30,426.0,429.15,424.1,429.15,5933.0,3295.0,115,2527640.15
2026-08-10 15:01:57.777274805+05:30,428.9500000000001,432.15,428.3,431.25,6091.0,2294.0,127,2623644.8500000006
2026-08-10 15:08:02.602747714+05:30,431.4,432.5,427.75,432.5,6057.0,2975.0,104,2607408.4499999997
2026-08-10 15:15:40.605423440+05:30,432.4500000000001,435.8,432.1,432.9,5935.0,3518.0,115,2573744.950000001
2026-08-10 15:21:41.117738874+05:30,432.9500000000001,436.3,432.15,436.0,6026.0,3603.0,122,2619717.2500000005
2026-08-10 15:25:56.118823007+05:30,435.7000000000001,437.0,433.4,434.1,5919.0,2335.0,128,2575676.550000001
2026-08-10 15:28:22.426596991+05:30,434.15,435.55,431.3,434.75,6132.0,2860.0,111,2656538.6
2026-08-10 15:29:39.652121289+05:30,434.75,437.55,432.5,434.6,6006.0,3261.0,126,2616325.8499999996
2026-08-10 15:29:59.989465546+05:30,435.1,438.8,435.0,438.7000000000001,5953.0,3612.0,104,2599786.1999999997
2026-08-11 09:15:14.206059412+05:30,438.75,438.8,430.15,433.75,5921.0,3698.0,158,2565418.85
2026-08-11 09:16:23.631339705+05:30,433.75,436.9,433.55,435.25,5912.0,2786.0,167,2573522.050000001
2026-08-11 09:17:52.810745416+05:30,435.2000000000001,437.25,432.15,433.05,5933.0,2807.0,126,2578095.1000000015
2026-08-11 09:19:21.505201840+05:30,432.8,435.6,430.4500000000001,431.25,6080.0,2921.0,113,2633286.200000001
2026-08-11 09:22:18.624228946+05:30,431.4500000000001,435.9500000000001,430.9500000000001,434.75,5952.0,3247.0,140,2580368.6500000004
2026-08-11 09:25:06.221148077+05:30,434.6,441.9,434.1,438.75,6071.0,2369.0,122,2659947.1499999994
2026-08-11 09:29:48.367606138+05:30,438.85,440.55,436.4500000000001,440.35,6176.0,2941.0,140,2708489.7
2026-08-11 09:34:39.820809102+05:30,439.85,447.5,439.7000000000001,445.4,5916.0,3650.0,133,2635262.149999999
2026-08-11 09:40:10.615454600+05:30,444.9500000000001,449.9,444.9,448.3,6175.0,3906.0,132,2764058.700000001
2026-08-11 09:45:09.533767286+05:30,448.3,451.0,444.9500000000001,446.5,5953.0,2971.0,118,2664335.750000001
2026-08-11 09:53:13.299578148+05:30,446.4,447.6,443.2000000000001,443.5,5934.0,2371.0,139,2644404.7500000005
2026-08-11 09:59:37.719856733+05:30,443.3,447.2000000000001,442.5,446.9500000000001,6007.0,3218.0,116,2671899.7500000005
2026-08-11 10:06:59.120405174+05:30,446.9500000000001,455.6,446.5,454.15,5918.0,3131.0,146,2675398.1500000004
2026-08-11 10:16:54.407955627+05:30,454.1,459.0,452.9,457.55,5993.0,2615.0,149,2732149.8499999996
2026-08-11 10:24:17.408676982+05:30,457.05,462.25,455.9500000000001,459.65,5958.0,2656.0,119,2734959.7500000014
2026-08-11 10:32:54.530187419+05:30,459.85,460.15,453.6,454.1,5932.0,3439.0,117,2702949.5500000003
2026-08-11 10:45:34.491880544+05:30,453.8,456.75,451.3,455.25,5920.0,2795.0,164,2687474.149999999
2026-08-11 10:56:27.502933545+05:30,455.9,457.55,452.15,453.75,5931.0,2689.0,132,2692376.5500000003
2026-08-11 11:06:05.254158457+05:30,453.75,454.9,449.75,449.75,5994.0,2830.0,126,2715557.400000001
2026-08-11 11:17:49.451010265+05:30,449.2000000000001,452.15,446.6,448.7000000000001,5970.0,2790.0,151,2681553.4999999995
2026-08-11 11:29:57.590609233+05:30,448.55,456.7000000000001,447.65,455.8,6245.0,3634.0,127,2820757.1499999994
2026-08-11 11:43:00.498556392+05:30,455.8,459.35,455.55,459.25,5994.0,2929.0,129,2743188.649999999
2026-08-11 11:56:42.198810097+05:30,459.4500000000001,459.85,454.6,454.7000000000001,5953.0,2113.0,151,2718612.0500000003
2026-08-11 12:06:32.548076703+05:30,454.5,456.9,451.6,452.65,5929.0,3152.0,122,2692572.5000000005
2026-08-11 12:19:48.909235731+05:30,452.9,459.4500000000001,452.8,456.5,5965.0,2710.0,145,2722666.4999999995
2026-08-11 12:31:49.541390883+05:30,456.15,464.05,456.15,462.9500000000001,6087.0,2729.0,128,2808029.650000001
2026-08-11 12:44:18.150935033+05:30,462.9,464.65,458.9,459.5,5920.0,2955.0,135,2733763.3500000006
2026-08-11 12:58:50.658724702+05:30,459.8,459.9,454.55,456.4,6078.0,3179.0,141,2774506.6000000006
2026-08-11 13:12:58.113612389+05:30,455.9,459.35,455.4500000000001,457.55,5948.0,3376.0,156,2719151.8000000007
2026-08-11 13:26:05.607529418+05:30,457.6,458.5,456.1,458.5,5981.0,3198.0,140,2734381.950000001
2026-08-11 13:41:47.679999753+05:30,458.3,460.9500000000001,457.5,458.4500000000001,6066.0,2868.0,136,2786959.8500000006
2026-08-11 13:51:56.514841939+05:30,458.65,462.8,457.85,458.6,5946.0,2653.0,131,2734020.2500000005
2026-08-11 14:05:13.249649171+05:30,458.9,458.9500000000001,453.4500000000001,454.05,6022.0,2789.0,145,2742424.4500000016
2026-08-11 14:12:44.546827746+05:30,453.8,453.9500000000001,448.8,450.15,5914.0,3022.0,98,2666348.9
2026-08-11 14:20:37.858066437+05:30,450.05,452.35,449.4500000000001,450.1,6052.0,2633.0,107,2726363.299999999
2026-08-11 14:27:39.931759337+05:30,450.0,450.5,447.9,448.9500000000001,5938.0,3145.0,120,2667716.7
2026-08-11 14:36:51.132498322+05:30,448.6,451.4500000000001,446.1,451.4500000000001,5968.0,2691.0,133,2678237.5500000007
2026-08-11 14:43:43.022291994+05:30,451.75,456.9,450.6,454.55,5926.0,3339.0,115,2689249.55
2026-08-11 14:50:24.112965528+05:30,454.3,458.75,452.4500000000001,458.75,5925.0,3086.0,113,2697154.3000000003
2026-08-11 14:58:20.662427768+05:30,459.4,460.75,456.5,459.7000000000001,6277.0,3076.0,154,2878813.0000000005
2026-08-11 15:03:39.762441169+05:30,459.9,463.85,459.5,462.9,6021.0,2644.0,126,2779489.8
2026-08-11 15:09:21.920286114+05:30,462.3,465.4500000000001,461.5,462.9500000000001,5940.0,3341.0,134,2752954.2499999986
2026-08-11 15:14:53.864342137+05:30,462.9500000000001,463.15,455.2000000000001,457.15,5942.0,2221.0,151,2723335.5000000014
2026-08-11 15:19:18.402271006+05:30,456.9,462.4500000000001,453.35,461.25,5975.0,3340.0,158,2731503.8499999996
2026-08-11 15:23:13.359118622+05:30,461.85,465.4,460.25,465.4,5912.0,3363.0,176,2733061.2500000014
2026-08-11 15:25:41.455947982+05:30,465.85,466.05,459.9500000000001,462.5,6093.0,3457.0,126,2817049.200000001
2026-08-11 15:27:11.195403975+05:30,462.9,466.65,461.4,461.85,5922.0,3161.0,94,2749807.0499999993
2026-08-11 15:28:25.692200657+05:30,462.05,463.05,457.35,458.5,5926.0,3453.0,129,2725880.1999999993
2026-08-11 15:29:25.936842267+05:30,458.05,463.2000000000001,457.2000000000001,463.05,5937.0,3099.0,129,2734236.2499999995
2026-08-11 15:29:52.959161911+05:30,462.75,472.25,462.75,471.6,5981.0,4010.0,119,2801287.05
2026-08-12 09:15:00.006560397+05:30,471.4500000000001,478.7000000000001,470.0,477.75,6034.0,1815.0,119,2854114.5
2026-08-12 09:15:07.583337523+05:30,477.5,479.6,473.25,475.7000000000001,6011.0,3085.0,122,2864642.7999999993
2026-08-12 09:15:36.951390035+05:30,475.4500000000001,477.75,471.3,471.85,5935.0,2009.0,121,2821877.2500000014
2026-08-12 09:16:18.879718522+05:30,471.85,475.2000000000001,471.05,474.0,5913.0,3205.0,105,2796722.45
2026-08-12 09:17:40.861343525+05:30,474.0,475.4500000000001,468.25,468.25,5932.0,1848.0,115,2804068.85
2026-08-12 09:19:56.067601431+05:30,468.25,477.1,466.4500000000001,475.25,5924.0,3445.0,156,2797233.35
2026-08-12 09:22:12.850957904+05:30,475.55,479.25,475.55,479.2000000000001,5984.0,3766.0,123,2859829.45
2026-08-12 09:24:56.175798809+05:30,479.5,486.6,479.5,485.6,5976.0,2384.0,124,2889522.050000001
2026-08-12 09:27:56.869697524+05:30,485.65,490.05,485.65,489.9,5966.0,3038.0,124,2914703.15
2026-08-12 09:30:56.058159637+05:30,490.25,494.9500000000001,490.1,494.7000000000001,6050.0,3934.0,87,2976091.449999999
2026-08-12 09:35:24.535215071+05:30,494.4500000000001,499.9,491.1,499.15,5940.0,2811.0,126,2935368.7500000014
2026-08-12 09:41:19.012535764+05:30,499.8,503.9,497.8,502.9,5912.0,3214.0,153,2965707.0
2026-08-12 09:48:44.603891580+05:30,502.9,508.4,502.25,504.6,5952.0,3223.0,152,3008437.1500000013
2026-08-12 09:55:41.546919756+05:30,503.75,512.6,503.75,510.6,5927.0,3579.0,143,3021891.4999999995
2026-08-12 10:03:47.129285352+05:30,510.1,512.6,508.15,510.6,5945.0,2686.0,140,3033511.6
2026-08-12 10:11:18.702149925+05:30,510.3,511.4,506.8,509.7000000000001,5961.0,2918.0,136,3037881.2500000014
2026-08-12 10:19:13.917373036+05:30,509.7000000000001,509.7000000000001,504.0,509.3,5913.0,3034.0,136,2992813.9999999986
2026-08-12 10:26:30.891912082+05:30,509.25,511.3,508.2000000000001,508.6,5927.0,3803.0,124,3020462.1499999994
2026-08-12 10:35:48.570318464+05:30,508.1,508.9500000000001,504.55,507.05,5963.0,2912.0,144,3022597.2500000005
2026-08-12 10:44:48.776090437+05:30,507.2000000000001,507.2000000000001,500.0,501.9500000000001,5947.0,2608.0,123,2984399.1499999994
2026-08-12 10:54:23.822557608+05:30,501.75,509.2000000000001,501.75,508.2000000000001,5960.0,3799.0,115,3012904.75
2026-08-12 11:06:12.502181721+05:30,509.0,510.55,507.0,509.65,6007.0,3610.0,166,3055226.249999999
2026-08-12 11:16:46.095334531+05:30,509.15,512.6,505.0,507.65,5920.0,2798.0,138,3013036.4500000007
2026-08-12 11:27:28.595872185+05:30,507.65,511.3,507.15,509.55,6268.0,2871.0,130,3191196.0
2026-08-12 11:40:28.260031557+05:30,509.5,512.8000000000001,507.8,509.4,6037.0,3265.0,164,3080089.2
2026-08-12 11:50:47.147504299+05:30,510.25,511.25,505.05,506.4500000000001,5943.0,3510.0,108,3016932.4999999995
2026-08-12 12:03:27.392800935+05:30,506.2000000000001,509.4,505.55,509.0,5923.0,3441.0,135,3005160.4000000013
2026-08-12 12:11:23.911351406+05:30,508.85,516.0,508.6,516.0,5966.0,3513.0,101,3050834.9499999983
2026-08-12 12:22:13.404899886+05:30,515.8000000000001,519.3000000000001,513.3000000000001,519.3000000000001,5936.0,3260.0,131,3066694.450000001
2026-08-12 12:35:37.276670495+05:30,519.7,522.6,516.0500000000001,519.0,5918.0,3214.0,155,3073697.4499999997
2026-08-12 12:46:55.113666933+05:30,519.45,520.1,515.7,516.45,5926.0,2702.0,133,3069378.899999999
2026-08-12 12:57:08.060710132+05:30,516.2,519.25,516.2,516.7,5925.0,3205.0,130,3067861.4999999995
2026-08-12 13:07:21.418813267+05:30,516.85,518.5,511.9500000000001,514.2,5912.0,3436.0,131,3043820.4499999993
2026-08-12 13:15:54.916949476+05:30,514.5,515.0500000000001,510.75,511.65,6056.0,1453.0,107,3104208.6999999997
2026-08-12 13:27:06.461279154+05:30,511.35,512.15,506.55,507.4500000000001,5929.0,3762.0,142,3019722.349999998
2026-08-12 13:36:37.371888925+05:30,508.05,510.7000000000001,507.4,507.6,5916.0,2935.0,132,3010460.5500000007
2026-08-12 13:48:28.230117121+05:30,507.0,507.9,502.35,505.8,5918.0,2425.0,165,2994209.9499999993
2026-08-12 13:58:04.772824570+05:30,505.4,508.5,504.0,504.0,5912.0,2443.0,116,2995033.2999999993
2026-08-12 14:06:54.489437921+05:30,504.35,508.9500000000001,504.35,506.4500000000001,5912.0,2895.0,131,2996899.399999999
2026-08-12 14:15:44.212369702+05:30,506.15,510.15,505.65,508.4500000000001,6210.0,2435.0,133,3155315.5999999996
2026-08-12 14:23:11.186336081+05:30,508.1,508.9500000000001,501.15,502.5,5986.0,1910.0,127,3030215.75
2026-08-12 14:30:35.221797176+05:30,502.25,506.05,500.75,500.75,5922.0,2729.0,127,2982389.8499999996
2026-08-12 14:38:04.699837409+05:30,500.6,500.6,492.25,494.4,6159.0,2754.0,129,3058129.0999999996
2026-08-12 14:45:43.114077003+05:30,494.25,498.2000000000001,492.55,493.5,5938.0,2992.0,134,2940293.6999999993
2026-08-12 14:51:48.327647004+05:30,493.85,495.1,486.35,488.25,6017.0,2700.0,122,2949761.55
2026-08-12 14:58:22.982023695+05:30,488.7000000000001,493.75,487.2000000000001,492.15,6028.0,3355.0,140,2961327.599999999
2026-08-12 15:05:53.671610247+05:30,491.65,494.55,488.35,492.2000000000001,6123.0,2672.0,163,3008546.6
2026-08-12 15:11:41.597657758+05:30,491.8,499.4,490.55,496.9500000000001,5994.0,3025.0,173,2963891.5999999996
2026-08-12 15:14:11.496158386+05:30,496.9500000000001,498.5,492.1,497.35,6027.0,3374.0,108,2982556.750000001
2026-08-12 15:17:46.234235604+05:30,497.6,500.6,495.8,497.1,6161.0,3961.0,122,3072009.7500000005
2026-08-12 15:21:24.143574156+05:30,496.9500000000001,497.7000000000001,492.2000000000001,495.1,5929.0,2837.0,137,2935901.000000001
2026-08-12 15:24:14.333268344+05:30,495.2000000000001,499.7000000000001,492.8,496.9,5957.0,3112.0,137,2953035.7499999995
2026-08-12 15:26:21.876359148+05:30,496.75,500.15,495.3,498.4500000000001,5943.0,2988.0,121,2959287.3000000017
2026-08-12 15:27:50.178024767+05:30,498.2000000000001,499.8,496.4,499.2000000000001,5919.0,2627.0,130,2949436.5
2026-08-12 15:29:10.489198579+05:30,498.8,501.9500000000001,497.8,500.1,5924.0,2975.0,146,2958992.1500000013
2026-08-12 15:29:51.265982459+05:30,500.75,505.55,498.15,504.35,6032.0,2792.0,157,3031637.2500000005
2026-08-12 15:29:59.630707204+05:30,504.0,508.4500000000001,502.35,508.0,6014.0,4308.0,97,3036378.7
2026-08-13 09:15:03.439901164+05:30,507.85,516.4,507.4,511.6,6153.0,3717.0,126,3148023.6000000006
2026-08-13 09:15:35.149564238+05:30,511.9,514.0,509.8,511.8,5928.0,3034.0,131,3033364.6999999997
2026-08-13 09:16:59.029324336+05:30,511.8,512.85,509.3,512.65,6087.0,3139.0,144,3112186.9499999993
2026-08-13 09:19:01.575926824+05:30,512.0500000000001,513.25,507.9500000000001,510.6,5951.0,2607.0,120,3039743.4000000004
2026-08-13 09:22:21.918396989+05:30,510.55,511.85,504.85,505.35,5918.0,2734.0,145,3011848.4999999986
2026-08-13 09:26:55.411941365+05:30,505.7000000000001,506.5,500.9500000000001,501.35,5985.0,2990.0,152,3013573.400000001
2026-08-13 09:31:08.242345331+05:30,501.4,504.7000000000001,499.85,501.4,6017.0,2971.0,99,3020419.2499999995
2026-08-13 09:36:12.894846001+05:30,501.4500000000001,508.15,500.9,506.15,5973.0,3140.0,103,3017339.8000000003
2026-08-13 09:43:27.817346633+05:30,505.8,508.9,504.65,508.25,6022.0,2723.0,129,3051525.8499999996
2026-08-13 09:52:30.604858546+05:30,508.25,512.6,505.35,508.85,6096.0,3236.0,112,3103594.0500000007
2026-08-13 10:00:55.961654104+05:30,508.65,510.6,505.85,509.3,5974.0,2506.0,127,3036217.100000001
2026-08-13 10:10:22.666075661+05:30,509.2000000000001,510.8,506.9500000000001,507.05,6086.0,3155.0,116,3094901.0500000007
2026-08-13 10:22:53.107770436+05:30,507.2000000000001,509.9,497.0,499.4,5927.0,2822.0,135,2995328.4999999995
2026-08-13 10:35:30.456149404+05:30,498.9,499.05,492.0,494.0,5945.0,2830.0,155,2942890.0499999993
2026-08-13 10:47:41.460616043+05:30,494.15,495.2000000000001,489.5,492.2000000000001,5967.0,2441.0,130,2939355.1500000004
2026-08-13 11:01:03.537975544+05:30,491.9500000000001,495.1,491.75,493.1,6070.0,3870.0,128,2992014.1500000013
2026-08-13 11:13:31.590128620+05:30,493.3,497.7000000000001,492.75,493.75,6013.0,3301.0,122,2976868.15
2026-08-13 11:31:02.950564386+05:30,493.9,503.55,493.9,503.35,5928.0,3494.0,143,2958043.5499999993
2026-08-13 11:43:53.710939103+05:30,502.5,507.9,502.4500000000001,506.35,6139.0,3293.0,115,3106252.000000001
2026-08-13 11:59:01.402766567+05:30,505.7000000000001,509.1,504.8,508.2000000000001,6015.0,3384.0,131,3047253.2999999993
2026-08-13 12:09:21.002154971+05:30,508.3,508.4,502.1,507.5,5922.0,2973.0,119,2997329.3000000003
2026-08-13 12:28:31.328367397+05:30,507.65,513.25,507.2000000000001,507.2000000000001,5916.0,3069.0,145,3015765.4500000007
2026-08-13 12:46:43.887046685+05:30,507.3,508.35,505.85,505.9,5950.0,2341.0,146,3017285.6999999993
2026-08-13 12:59:14.762380631+05:30,505.7000000000001,507.8,502.9,505.35,5924.0,2223.0,115,2992868.8000000003
2026-08-13 13:15:08.428908941+05:30,505.2000000000001,508.05,503.3,504.8,5936.0,3518.0,157,3001819.450000001
2026-08-13 13:31:09.356574342+05:30,504.7000000000001,512.5,504.0,512.5,5932.0,3059.0,163,3008021.649999999
2026-08-13 13:41:02.335483288+05:30,513.0,514.0,508.9500000000001,510.4500000000001,6050.0,3351.0,102,3089176.8000000007
2026-08-13 13:56:09.694784126+05:30,510.35,514.4,509.9500000000001,512.15,5923.0,3128.0,134,3035751.350000001
2026-08-13 14:08:57.399883667+05:30,512.6,514.95,509.8,512.45,5948.0,3280.0,134,3046767.100000001
2026-08-13 14:22:32.236743812+05:30,512.5500000000001,517.95,510.35,517.1,5922.0,2849.0,147,3040328.050000003
2026-08-13 14:29:52.204758190+05:30,517.2,517.35,508.5,509.75,5920.0,2387.0,101,3031343.3499999987
2026-08-13 14:39:55.689202532+05:30,510.2000000000001,517.65,508.55,516.9,5940.0,3200.0,139,3045232.4
2026-08-13 14:49:56.497648541+05:30,517.15,519.35,513.6,514.85,5942.0,2953.0,147,3064229.0500000007
2026-08-13 14:59:11.910123780+05:30,514.7,519.8000000000001,514.4,519.8000000000001,5965.0,2951.0,136,3087244.0499999993
2026-08-13 15:07:45.149144633+05:30,519.9,524.0,516.25,523.8000000000001,5924.0,3113.0,150,3081021.3499999996
2026-08-13 15:13:30.595917127+05:30,523.95,527.6,522.4,525.45,5983.0,2443.0,113,3139537.95
2026-08-13 15:19:34.875779743+05:30,525.95,529.2,523.2,526.15,5922.0,3261.0,162,3112938.9
2026-08-13 15:23:28.620928059+05:30,525.65,533.25,523.0,531.65,5948.0,3273.0,136,3145273.399999999
2026-08-13 15:26:44.226357894+05:30,531.6,534.6,529.2,533.5,5947.0,3168.0,149,3166103.7000000007
2026-08-13 15:28:15.688937177+05:30,533.75,540.85,533.65,540.85,5920.0,3370.0,109,3177313.4499999997
2026-08-13 15:29:37.400816196+05:30,540.75,543.75,536.4,537.65,5916.0,2685.0,149,3199612.55
2026-08-13 15:29:59.766305313+05:30,538.0,545.0500000000001,537.9,544.3000000000001,5917.0,3055.0,133,3202635.750000001
2026-08-14 09:15:21.369029320+05:30,544.5500000000001,546.95,540.75,542.45,6172.0,3006.0,164,3357776.0500000007
2026-08-14 09:16:33.978144227+05:30,542.0500000000001,543.6,539.0,542.0,5967.0,3591.0,138,3232047.4500000016
2026-08-14 09:19:08.639647035+05:30,541.8000000000001,546.4,538.85,544.45,5969.0,3085.0,152,3234902.95
2026-08-14 09:23:05.147326616+05:30,544.7,545.5500000000001,541.9,544.25,5965.0,3027.0,136,3243619.3499999987
2026-08-14 09:28:21.710558620+05:30,544.8000000000001,547.85,543.7,547.6,5942.0,2331.0,148,3242349.6499999985
2026-08-14 09:33:57.262672670+05:30,547.15,547.9,541.1,541.9,5978.0,3357.0,124,3258456.7000000007
2026-08-14 09:43:12.635651169+05:30,542.2,542.9,539.15,541.7,5929.0,2654.0,152,3211320.2500000014
2026-08-14 09:53:43.825875768+05:30,541.5,548.25,540.4,548.0,5938.0,2629.0,134,3230360.3
2026-08-14 10:01:13.950742789+05:30,548.2,549.0,541.9,541.9,5931.0,2188.0,110,3242369.4500000016
2026-08-14 10:11:54.738891379+05:30,541.9,545.7,538.9,538.9,5998.0,2490.0,136,3256396.549999999
2026-08-14 10:26:02.097301684+05:30,538.8000000000001,538.8000000000001,532.5,532.7,5981.0,2938.0,145,3200945.0500000003
2026-08-14 10:41:19.315044719+05:30,532.8000000000001,536.75,531.7,536.0500000000001,5920.0,3798.0,131,3168353.4000000004
2026-08-14 10:53:23.333674178+05:30,535.8000000000001,539.4,534.3000000000001,537.2,5930.0,2441.0,129,3183289.4
2026-08-14 11:05:10.285138356+05:30,537.95,541.35,533.65,535.75,5935.0,3587.0,127,3193929.0999999996
2026-08-14 11:23:25.956489674+05:30,536.0,539.85,532.65,539.85,6147.0,3826.0,140,3300324.2000000025
2026-08-14 11:39:16.264059129+05:30,539.75,543.15,537.5,541.65,5915.0,2495.0,136,3194992.000000001
2026-08-14 11:57:09.901504993+05:30,541.5500000000001,541.5500000000001,536.15,538.4,5943.0,2563.0,150,3200272.8500000006
2026-08-14 12:11:17.598098598+05:30,538.35,538.5500000000001,529.9,531.5,5919.0,3389.0,114,3153762.9000000013
2026-08-14 12:29:22.208958850+05:30,532.1,533.95,528.85,530.1,5967.0,2374.0,139,3169900.2999999993
2026-08-14 12:42:23.624801498+05:30,530.15,532.9,526.5500000000001,530.95,6122.0,2731.0,109,3244125.4500000007
2026-08-14 12:57:48.245966348+05:30,531.2,537.85,531.2,535.95,6160.0,3393.0,135,3292873.45
2026-08-14 13:13:58.413894972+05:30,536.8000000000001,538.1,532.35,533.0,5931.0,3205.0,135,3173052.3000000003
2026-08-14 13:29:29.896767825+05:30,532.75,542.7,532.7,542.15,5965.0,3060.0,135,3208993.6499999985
2026-08-14 13:44:12.712705555+05:30,542.7,544.5,540.35,543.5,5928.0,2624.0,130,3218928.2999999984
2026-08-14 13:57:18.436817178+05:30,543.1,544.4,535.0500000000001,536.4,5926.0,2902.0,131,3205432.100000001
2026-08-14 14:12:13.537318208+05:30,535.95,536.5,532.9,534.6,6008.0,2442.0,141,3211469.65
2026-08-14 14:25:31.734720759+05:30,534.3000000000001,537.45,532.45,533.15,5925.0,2572.0,141,3169818.5500000007
2026-08-14 14:37:35.298885567+05:30,532.85,537.3000000000001,530.25,535.9,5941.0,3187.0,153,3174018.749999998
2026-08-14 14:48:19.500263181+05:30,535.9,540.9,535.2,537.7,5916.0,2968.0,141,3180220.0999999996
2026-08-14 14:59:41.395399778+05:30,537.3000000000001,549.1,537.3000000000001,544.5500000000001,5927.0,2822.0,148,3220858.500000001
2026-08-14 15:08:14.065802963+05:30,544.5500000000001,545.5,539.5,541.75,5931.0,2811.0,141,3217123.050000003
2026-08-14 15:13:08.067143342+05:30,541.7,543.3000000000001,539.65,541.5,5923.0,2329.0,101,3208978.65
2026-08-14 15:18:10.555676858+05:30,541.5500000000001,548.9,541.5500000000001,547.25,5941.0,2868.0,124,3242172.8000000007
2026-08-14 15:22:50.993347524+05:30,546.85,549.85,545.9,546.0500000000001,5918.0,2949.0,129,3240674.2000000016
2026-08-14 15:25:38.014173645+05:30,545.85,546.1,538.1,538.9,5915.0,1578.0,95,3210422.3
2026-08-14 15:28:11.347338491+05:30,538.7,545.45,538.45,542.85,5918.0,3143.0,126,3205717.0
2026-08-14 15:29:38.101127650+05:30,542.9,545.6,540.45,541.8000000000001,5936.0,2977.0,136,3220345.4500000007
2026-08-14 15:29:59.846481010+05:30,541.65,549.3000000000001,539.5,547.0500000000001,5957.0,3454.0,130,3247287.050000001
2026-08-17 09:15:02.289024475+05:30,546.75,548.9,544.35,546.25,5947.0,4020.0,113,3249768.600000001
2026-08-17 09:15:18.133128827+05:30,546.4,550.4,541.75,545.6,6145.0,3540.0,141,3353536.9
2026-08-17 09:15:59.352954043+05:30,545.65,552.7,545.6,550.75,5986.0,3605.0,146,3283176.4500000007
2026-08-17 09:16:48.407303360+05:30,551.45,552.85,549.4,549.5500000000001,5941.0,2553.0,106,3274942.250000001
2026-08-17 09:18:04.919969673+05:30,549.35,550.25,543.65,546.15,5928.0,2851.0,121,3237718.6999999997
2026-08-17 09:19:48.545288821+05:30,546.3000000000001,549.7,542.5,545.65,5970.0,2972.0,140,3257990.7999999984
2026-08-17 09:21:43.542594780+05:30,545.35,549.0,543.75,544.65,6004.0,3034.0,141,3280994.6000000006
2026-08-17 09:23:59.491899267+05:30,544.7,549.7,544.7,547.45,5913.0,3323.0,124,3238870.449999999
2026-08-17 09:26:34.082500582+05:30,547.5,547.5500000000001,536.5500000000001,536.85,6104.0,2315.0,119,3303315.7
2026-08-17 09:30:29.904186619+05:30,537.1,540.25,533.85,537.65,6075.0,3225.0,159,3266330.5999999996
2026-08-17 09:33:58.948428857+05:30,537.3000000000001,537.85,530.2,531.4,5951.0,2869.0,136,3169620.3500000006
2026-08-17 09:39:40.448802500+05:30,531.45,532.9,528.45,529.4,5914.0,2051.0,150,3139091.9499999997
2026-08-17 09:44:29.398859096+05:30,529.25,533.25,526.9,529.3000000000001,5940.0,3195.0,119,3149251.45
2026-08-17 09:50:36.544718012+05:30,529.95,537.25,527.4,535.0500000000001,5916.0,2931.0,142,3152440.8499999987
2026-08-17 09:54:49.778747267+05:30,534.35,534.35,526.75,528.3000000000001,5932.0,3344.0,105,3138850.350000001
2026-08-17 10:00:11.636574619+05:30,528.65,533.65,527.3000000000001,532.0500000000001,6068.0,2850.0,128,3221074.7000000007
2026-08-17 10:05:42.445336787+05:30,532.0500000000001,534.9,530.4,533.9,5952.0,3144.0,122,3171535.3000000007
2026-08-17 10:14:27.258949627+05:30,533.5500000000001,537.5,531.65,535.6,6485.0,2578.0,159,3467141.05
2026-08-17 10:20:36.436784685+05:30,535.75,540.1,534.7,540.0500000000001,5918.0,2255.0,121,3183326.4
2026-08-17 10:28:19.990769056+05:30,539.7,543.15,537.5,537.8000000000001,5921.0,2951.0,157,3196230.600000001
2026-08-17 10:35:50.489905246+05:30,537.45,540.85,534.0,539.85,5916.0,2580.0,135,3176701.0500000003
2026-08-17 10:43:08.872136339+05:30,540.5,544.75,538.9,543.35,5953.0,3231.0,123,3226611.050000001
2026-08-17 10:52:20.026113813+05:30,543.7,545.2,541.0,542.25,5918.0,2532.0,133,3215678.300000001
2026-08-17 11:01:42.131908322+05:30,541.5,541.5,529.3000000000001,530.8000000000001,5946.0,2465.0,128,3176337.850000001
2026-08-17 11:11:13.892934133+05:30,530.6,532.75,526.95,530.7,5947.0,2779.0,139,3153692.3000000007
2026-08-17 11:17:47.138111735+05:30,530.95,538.0,529.85,537.8000000000001,5930.0,3783.0,121,3166553.8000000007
2026-08-17 11:25:46.945647658+05:30,537.9,539.15,535.7,537.5,6106.0,2904.0,105,3281457.9
2026-08-17 11:35:31.948184078+05:30,537.65,540.45,536.0,538.9,5942.0,2776.0,123,3202060.749999999
2026-08-17 11:46:19.610341748+05:30,539.0500000000001,540.4,532.85,533.5500000000001,5935.0,2576.0,133,3183815.0500000007
2026-08-17 11:55:50.313733036+05:30,533.75,536.5,532.5500000000001,533.1,6001.0,3048.0,116,3205528.200000001
2026-08-17 12:05:36.205533285+05:30,533.0500000000001,536.35,527.9,535.25,5913.0,3247.0,119,3141075.15
2026-08-17 12:18:05.667752462+05:30,535.25,538.0500000000001,533.1,536.0500000000001,5958.0,2712.0,145,3190913.849999999
2026-08-17 12:29:07.701835107+05:30,535.6,542.35,535.6,541.2,5926.0,3519.0,152,3197709.0000000005
2026-08-17 12:40:03.778587154+05:30,541.1,542.6,531.75,534.5,5956.0,3029.0,151,3195399.4500000016
2026-08-17 12:47:13.081033132+05:30,534.3000000000001,536.45,529.85,529.85,5941.0,2192.0,93,3166926.400000001
2026-08-17 12:56:33.824513372+05:30,529.8000000000001,530.1,523.65,524.25,5946.0,2456.0,133,3130295.2
2026-08-17 13:04:08.009319286+05:30,524.5500000000001,527.65,522.95,527.65,5997.0,3632.0,116,3146365.35
2026-08-17 13:12:51.572728552+05:30,527.8000000000001,531.85,524.0500000000001,524.0500000000001,5937.0,2348.0,140,3132737.349999999
2026-08-17 13:23:21.154245443+05:30,524.5500000000001,528.3000000000001,520.5,523.8000000000001,5912.0,2524.0,149,3102647.000000001
2026-08-17 13:30:51.977062241+05:30,523.45,528.3000000000001,522.6,526.7,5943.0,3014.0,106,3120838.9499999993
2026-08-17 13:39:24.737323936+05:30,527.0500000000001,527.45,522.1,522.1,5953.0,3216.0,151,3122266.0
2026-08-17 13:47:52.227453967+05:30,521.8000000000001,523.75,519.0500000000001,522.9,5936.0,3112.0,138,3090688.099999999
2026-08-17 13:55:56.171634278+05:30,522.75,522.85,517.9,522.25,5929.0,2566.0,121,3087000.4999999995
2026-08-17 14:04:42.787365944+05:30,522.25,523.45,518.7,522.45,6131.0,2547.0,150,3194083.3500000006
2026-08-17 14:13:11.348560169+05:30,521.9,523.6,519.1,521.1,5957.0,2514.0,134,3108163.4999999995
2026-08-17 14:21:06.092273497+05:30,521.35,521.35,513.45,515.35,5958.0,2562.0,138,3082287.8499999987
2026-08-17 14:25:26.572141434+05:30,514.85,514.9,511.6,514.6,5975.0,2778.0,84,3064365.4499999993
2026-08-17 14:31:19.917906460+05:30,515.0500000000001,517.5,511.75,513.75,5955.0,3110.0,116,3065989.8500000015
2026-08-17 14:37:44.600591545+05:30,513.95,516.6,511.75,513.95,5943.0,2747.0,119,3056293.5499999993
2026-08-17 14:45:36.697752972+05:30,513.9,522.6,513.35,521.0500000000001,5919.0,2740.0,154,3070576.15
2026-08-17 14:51:35.555465449+05:30,520.7,521.9,514.9,516.7,5925.0,2538.0,134,3067993.400000001
2026-08-17 14:56:45.361218905+05:30,517.1,519.35,511.25,513.1,6019.0,2218.0,129,3105109.3500000006
2026-08-17 15:02:54.509025809+05:30,512.8000000000001,515.3000000000001,509.9500000000001,515.1,5937.0,3066.0,142,3044455.5500000007
2026-08-17 15:06:30.456107759+05:30,515.0,515.8000000000001,511.25,511.25,5999.0,3157.0,108,3080543.6
2026-08-17 15:11:02.716093149+05:30,511.4500000000001,515.65,510.8,513.4,5957.0,3868.0,154,3057647.4499999993
2026-08-17 15:14:23.702858370+05:30,513.15,517.0500000000001,513.15,515.1,6109.0,3298.0,128,3146909.1500000022
2026-08-17 15:17:50.360397782+05:30,514.4,519.75,510.9,510.9,6000.0,2666.0,140,3095487.099999998
2026-08-17 15:21:37.157840203+05:30,510.4500000000001,512.45,504.7000000000001,504.9500000000001,5936.0,2895.0,180,3019375.1999999993
2026-08-17 15:24:17.451262985+05:30,505.25,505.25,493.6,495.65,5994.0,2349.0,147,2987028.2
2026-08-17 15:25:52.409466401+05:30,495.5,498.7000000000001,492.4500000000001,496.65,5916.0,2905.0,127,2933234.5500000007
2026-08-17 15:27:15.237478595+05:30,496.5,498.75,494.35,498.7000000000001,5931.0,3110.0,129,2942772.0999999996
2026-08-17 15:28:37.250788116+05:30,498.4500000000001,499.2000000000001,493.9,496.15,6089.0,2813.0,139,3022721.25
2026-08-17 15:29:40.226960854+05:30,496.4,503.65,493.6,502.4500000000001,5952.0,2699.0,180,2959502.7999999993
2026-08-17 15:29:55.991743209+05:30,502.3,505.2000000000001,498.25,502.7000000000001,5950.0,3067.0,132,2988799.6499999985
2026-08-18 09:15:00.465687302+05:30,502.6,512.15,500.9,510.9,5934.0,3432.0,143,2999306.4500000007
2026-08-18 09:15:18.921870523+05:30,511.0,514.75,509.1,513.0,5943.0,3017.0,124,3040595.699999999
2026-08-18 09:16:10.609732659+05:30,513.0500000000001,517.45,511.0,515.4,6016.0,2755.0,135,3091912.3999999994
2026-08-18 09:18:14.999394953+05:30,514.95,522.0,514.0500000000001,514.6,5955.0,3546.0,156,3090003.3
2026-08-18 09:21:07.361453423+05:30,514.4,517.25,512.0500000000001,516.0,5945.0,2960.0,131,3059997.100000002
2026-08-18 09:24:25.959360531+05:30,515.65,516.8000000000001,511.1,512.35,5939.0,3042.0,126,3057294.8500000006
2026-08-18 09:28:51.223912387+05:30,513.15,515.6,509.8,510.8,5994.0,2820.0,131,3073135.8500000006
2026-08-18 09:35:11.232412033+05:30,510.9,513.1,508.55,508.55,5972.0,2876.0,140,3053872.099999998
2026-08-18 09:41:16.083032949+05:30,508.65,512.15,507.9,509.75,6129.0,2731.0,134,3125535.2000000007
2026-08-18 09:48:00.449121409+05:30,510.05,516.2,506.65,514.75,6026.0,2635.0,136,3077390.749999999
2026-08-18 09:57:14.164846390+05:30,514.5500000000001,516.65,509.35,512.8000000000001,5933.0,2621.0,155,3040895.15
2026-08-18 10:07:15.625161166+05:30,512.35,513.45,508.05,509.05,5929.0,2574.0,127,3029626.900000001
2026-08-18 10:17:11.815591568+05:30,509.4,510.0,501.6,504.3,6011.0,1936.0,127,3034363.9999999995
2026-08-18 10:29:31.293500803+05:30,504.7000000000001,505.35,501.25,504.9,5977.0,2486.0,149,3010666.5999999978
2026-08-18 10:40:15.196256615+05:30,504.9500000000001,504.9500000000001,491.4,494.9,6008.0,2875.0,134,2987906.05
2026-08-18 10:57:22.119025067+05:30,495.15,497.65,493.25,495.4,6062.0,3760.0,175,3006340.1500000013
2026-08-18 11:08:59.039586425+05:30,495.75,499.2000000000001,493.35,499.2000000000001,5917.0,3404.0,131,2931517.7999999993
2026-08-18 11:22:12.196082595+05:30,499.0,499.15,491.35,491.35,5992.0,2021.0,149,2972960.8
2026-08-18 11:30:46.158082111+05:30,491.05,495.2000000000001,490.15,491.65,5988.0,2581.0,100,2949558.1499999994
2026-08-18 11:45:14.709130511+05:30,491.55,491.9,485.2000000000001,487.1,5925.0,3055.0,150,2889618.8000000003
2026-08-18 12:03:20.780320454+05:30,487.5,487.6,483.2000000000001,483.25,6065.0,2447.0,162,2942555.9999999995
2026-08-18 12:18:44.298467994+05:30,483.55,485.05,480.3,480.3,6147.0,2438.0,145,2969769.349999999
2026-08-18 12:32:05.471888781+05:30,480.15,482.5,477.55,481.05,5987.0,2834.0,125,2874957.0999999996
2026-08-18 12:44:47.012291031+05:30,480.85,481.0,477.15,477.3,6103.0,2146.0,121,2923228.8000000007
2026-08-18 12:58:37.162063501+05:30,476.85,480.55,475.65,476.8,5950.0,2093.0,134,2847252.1
2026-08-18 13:09:33.959552829+05:30,477.15,480.75,476.2000000000001,480.75,5966.0,3363.0,110,2850677.699999999
2026-08-18 13:26:03.163075138+05:30,480.6,482.55,477.1,477.65,6026.0,2193.0,141,2892056.55
2026-08-18 13:40:45.163684961+05:30,477.8,479.9,473.8,479.75,5979.0,2610.0,139,2853405.999999999
2026-08-18 13:56:37.135094519+05:30,480.1,480.1,470.2000000000001,470.65,5998.0,2623.0,141,2849044.9999999995
2026-08-18 14:07:43.770898296+05:30,471.0,471.2000000000001,466.4500000000001,467.6,6033.0,3961.0,134,2831710.5999999987
2026-08-18 14:18:00.388870235+05:30,467.2000000000001,473.8,467.05,473.8,5934.0,3086.0,135,2789985.249999999
2026-08-18 14:26:34.125607889+05:30,474.1,477.9,473.9,477.9,5968.0,3436.0,106,2836880.05
2026-08-18 14:36:58.950095286+05:30,477.4500000000001,478.9,473.9,475.7000000000001,5978.0,2731.0,126,2848871.6999999993
2026-08-18 14:45:28.928140260+05:30,474.7000000000001,479.75,471.9,479.75,5921.0,3367.0,142,2820074.3999999994
2026-08-18 14:53:28.692096824+05:30,479.6,486.3,479.05,484.85,5975.0,3383.0,142,2889768.5000000005
2026-08-18 15:01:18.863406157+05:30,485.05,487.9500000000001,482.55,487.9500000000001,6021.0,3013.0,123,2920517.1999999993
2026-08-18 15:10:12.447005290+05:30,488.2000000000001,488.85,481.0,484.05,5976.0,3354.0,162,2893658.25
2026-08-18 15:16:22.487667144+05:30,484.05,490.9,483.3,487.9500000000001,5916.0,3109.0,161,2884450.8500000015
2026-08-18 15:20:55.757142949+05:30,488.35,492.75,487.9500000000001,490.6,5932.0,2680.0,134,2911275.5499999993
2026-08-18 15:24:21.966314776+05:30,490.7000000000001,491.25,488.15,488.9500000000001,5952.0,2708.0,143,2913911.1999999993
2026-08-18 15:27:21.272148642+05:30,488.75,491.5,488.0,488.9,5914.0,3100.0,142,2894191.2000000007
2026-08-18 15:28:39.687284588+05:30,489.35,489.35,485.15,487.55,5914.0,2297.0,112,2882265.8500000006
2026-08-18 15:29:48.623634936+05:30,487.85,491.65,487.4,491.4500000000001,5918.0,3174.0,158,2897432.6
2026-08-19 09:15:00.282871243+05:30,491.6,492.9500000000001,486.15,486.65,6047.0,3371.0,129,2965883.2000000007
2026-08-19 09:15:09.313041681+05:30,486.4,488.25,482.4500000000001,482.9500000000001,5913.0,3210.0,108,2873661.4
2026-08-19 09:15:36.870929587+05:30,483.0,487.65,481.25,486.4500000000001,6015.0,2462.0,114,2914487.1500000004
2026-08-19 09:16:26.503263005+05:30,486.3,489.05,485.1,486.85,5948.0,2736.0,134,2894920.5000000005
2026-08-19 09:17:47.654030663+05:30,486.8,491.8,485.4500000000001,486.2000000000001,5941.0,3038.0,130,2903596.95
2026-08-19 09:19:26.617794942+05:30,485.9,486.3,480.15,485.5,5951.0,2972.0,135,2877767.3
2026-08-19 09:21:21.030306099+05:30,485.65,488.7000000000001,484.5,488.15,5936.0,3943.0,114,2890828.75
2026-08-19 09:23:35.915359995+05:30,488.55,492.9500000000001,484.9500000000001,492.9500000000001,6401.0,3522.0,120,3131864.95
2026-08-19 09:26:33.257359807+05:30,492.85,499.9,492.85,498.1,5922.0,3219.0,128,2943750.0000000014
2026-08-19 09:30:34.686611087+05:30,497.65,499.25,488.75,489.15,5950.0,2487.0,133,2927155.250000001
2026-08-19 09:35:09.287158367+05:30,489.3,490.15,480.05,480.75,5989.0,2673.0,148,2895930.650000001
2026-08-19 09:40:07.459445668+05:30,481.1,482.6,478.9,481.8,6042.0,2905.0,135,2905212.05
2026-08-19 09:45:10.403797910+05:30,482.15,482.15,477.4,478.25,5928.0,2764.0,137,2842642.9000000004
2026-08-19 09:49:17.927098254+05:30,478.15,480.35,477.15,479.1,5918.0,3403.0,117,2833430.85
2026-08-19 09:56:23.332233919+05:30,479.05,480.25,471.5,471.55,5934.0,2618.0,155,2817843.2
2026-08-19 10:01:42.663026986+05:30,471.4,471.85,467.55,471.3,6135.0,3662.0,135,2880826.4499999993
2026-08-19 10:09:21.185568766+05:30,471.5,479.0,470.5,478.6,5919.0,2662.0,156,2801668.5999999996
2026-08-19 10:15:45.146658999+05:30,479.05,479.3,473.3,476.4500000000001,5942.0,2948.0,112,2825900.8
2026-08-19 10:23:34.652571905+05:30,476.4500000000001,479.2000000000001,474.9,479.05,6048.0,3455.0,133,2884842.6999999993
2026-08-19 10:32:01.555323835+05:30,479.25,483.9,478.75,482.15,6165.0,3423.0,133,2970407.85
2026-08-19 10:41:11.133615670+05:30,482.5,490.7000000000001,482.05,490.1,5918.0,2965.0,154,2874208.2
2026-08-19 10:47:00.490895247+05:30,489.85,494.15,489.35,492.8,5949.0,3513.0,102,2925271.55
2026-08-19 10:55:45.307897213+05:30,493.3,500.2000000000001,493.05,499.3,5947.0,3079.0,149,2954106.500000001
2026-08-19 11:04:54.962811914+05:30,498.9500000000001,507.75,498.8,507.4,6006.0,2530.0,116,3022767.0000000005
2026-08-19 11:13:30.819322360+05:30,507.0,508.9500000000001,505.0,506.4500000000001,5924.0,3220.0,116,3001855.8000000003
2026-08-19 11:26:27.646078760+05:30,506.4,508.1,503.55,504.3,5933.0,2586.0,168,3001832.6
2026-08-19 11:35:31.093289542+05:30,504.4500000000001,508.65,503.5,504.8,5923.0,3040.0,101,2996176.4
2026-08-19 11:44:51.903603342+05:30,504.6,506.65,501.55,503.8,5916.0,2922.0,122,2981251.55
2026-08-19 11:52:25.810651897+05:30,503.05,505.2000000000001,500.25,500.8,6128.0,1447.0,103,3079807.9499999993
2026-08-19 12:00:51.726029141+05:30,501.2000000000001,503.4,498.85,502.15,5963.0,3316.0,117,2989046.5500000007
2026-08-19 12:12:05.026232826+05:30,502.2000000000001,504.25,497.05,497.9500000000001,6368.0,3235.0,146,3181775.9000000004
2026-08-19 12:21:54.480925680+05:30,498.05,508.0,497.5,505.85,6118.0,3027.0,159,3078087.100000001
2026-08-19 12:31:04.952169237+05:30,505.7000000000001,509.5,504.9,507.5,5920.0,2920.0,128,3002997.8000000003
2026-08-19 12:39:27.598961125+05:30,507.8,510.8,505.05,509.6,5916.0,2597.0,107,3006329.1
2026-08-19 12:49:10.454237547+05:30,509.6,510.1,503.9500000000001,505.25,5919.0,1900.0,125,2998577.3499999996
2026-08-19 12:56:52.778736488+05:30,504.8,507.65,502.4,502.85,5938.0,3029.0,116,2999375.3000000007
2026-08-19 13:07:12.370708662+05:30,502.65,504.35,498.6,501.05,6025.0,3487.0,126,3021371.0500000003
2026-08-19 13:17:59.917057080+05:30,500.9,503.2000000000001,497.6,499.9,5979.0,2817.0,135,2991068.7999999993
2026-08-19 13:24:56.908608005+05:30,500.2000000000001,506.9500000000001,499.25,505.75,6545.0,2817.0,104,3290342.700000001
2026-08-19 13:36:01.924262515+05:30,505.75,506.6,500.25,500.25,5931.0,2769.0,149,2990866.2000000025
2026-08-19 13:45:56.858861592+05:30,499.85,500.4500000000001,494.15,498.85,5913.0,2809.0,125,2940927.7499999995
2026-08-19 13:53:37.646867031+05:30,498.85,502.7000000000001,497.05,502.7000000000001,5928.0,3372.0,129,2963576.45
2026-08-19 14:01:32.854417827+05:30,502.9,509.4,500.5,509.35,5930.0,3517.0,122,2991602.3999999994
2026-08-19 14:10:41.372200782+05:30,509.1,509.5,504.25,504.7000000000001,5960.0,2536.0,134,3016786.5999999996
2026-08-19 14:17:39.927553546+05:30,504.75,506.4500000000001,501.15,502.9500000000001,5936.0,2822.0,105,2990405.5999999996
2026-08-19 14:23:18.636825183+05:30,502.9,504.55,499.7000000000001,502.15,5915.0,2925.0,90,2970015.0000000005
2026-08-19 14:29:38.206768013+05:30,502.4500000000001,502.4500000000001,497.55,500.4,5914.0,2797.0,125,2957302.45
2026-08-19 14:36:11.733053535+05:30,500.6,501.15,498.65,499.2000000000001,5932.0,3582.0,113,2966121.600000001
2026-08-19 14:44:07.927217383+05:30,498.9,498.9,494.15,495.9,5950.0,2621.0,139,2952169.649999998
2026-08-19 14:49:51.901716908+05:30,495.75,500.05,495.75,496.9500000000001,6009.0,2570.0,134,2990596.2499999986
2026-08-19 14:53:33.317946914+05:30,497.15,498.9,495.7000000000001,496.8,6146.0,2076.0,107,3054525.5000000005
2026-08-19 14:58:19.665746745+05:30,497.3,501.5,497.3,500.4500000000001,6167.0,3428.0,114,3083109.0500000007
2026-08-19 15:03:06.822320622+05:30,500.35,502.75,498.35,502.75,5956.0,3428.0,114,2975752.1999999993
2026-08-19 15:07:56.123153883+05:30,503.05,503.75,495.9500000000001,498.2000000000001,5921.0,2776.0,145,2956803.9999999995
2026-08-19 15:12:39.544697519+05:30,498.0,504.3,498.0,498.5,5956.0,2544.0,130,2982815.1500000004
2026-08-19 15:16:01.512430551+05:30,498.9500000000001,502.8,497.75,502.05,5923.0,3290.0,126,2965587.2000000016
2026-08-19 15:20:20.508207596+05:30,502.3,502.3,495.0,497.85,6164.0,2494.0,161,3068971.3000000026
2026-08-19 15:22:43.357254560+05:30,497.6,504.3,496.8,503.75,5978.0,2967.0,124,2990094.25
2026-08-19 15:24:23.211632067+05:30,503.8,504.35,500.2000000000001,503.1,5947.0,3578.0,118,2983368.900000002
2026-08-19 15:26:21.428599836+05:30,503.55,510.1,502.6,508.2000000000001,5980.0,2603.0,152,3031942.9999999995
2026-08-19 15:27:52.346702347+05:30,508.2000000000001,513.45,506.2000000000001,513.35,5912.0,3636.0,142,3015881.7
2026-08-19 15:29:01.545400723+05:30,513.75,514.5,505.9,507.8,5923.0,2843.0,141,3016490.0999999996
2026-08-19 15:29:37.693368728+05:30,508.1,509.4500000000001,505.25,505.6,6617.0,3174.0,127,3353397.9000000004
2026-08-19 15:29:58.369240700+05:30,504.55,507.4,503.5,504.3,5939.0,3202.0,152,3001490.650000002
2026-08-20 09:15:02.196137470+05:30,505.25,513.2,505.25,513.0,5971.0,3176.0,107,3035969.65
2026-08-20 09:15:49.041343652+05:30,513.15,514.0500000000001,500.05,500.35,5914.0,2584.0,122,3008168.0999999996
2026-08-20 09:17:54.147755584+05:30,499.9,500.15,494.35,496.25,6057.0,2663.0,130,3005497.6999999997
2026-08-20 09:22:04.287512433+05:30,496.65,500.1,495.05,495.25,5971.0,2804.0,135,2970327.8999999994
2026-08-20 09:27:23.336498812+05:30,494.65,498.35,493.0,498.2000000000001,5939.0,3045.0,135,2944261.25
2026-08-20 09:36:12.448234572+05:30,498.25,498.9,491.05,491.1,5937.0,3146.0,143,2942684.0000000014
2026-08-20 09:44:39.662646783+05:30,491.15,492.65,486.5,492.65,5914.0,2869.0,116,2894552.8
2026-08-20 09:54:16.072761228+05:30,492.35,495.85,490.9,494.4,5934.0,3245.0,119,2927415.8000000003
2026-08-20 10:02:44.971076105+05:30,494.25,499.05,493.4,498.4,5997.0,3722.0,102,2975189.7000000007
2026-08-20 10:13:48.893527562+05:30,498.25,500.25,495.85,498.4,5935.0,3185.0,123,2954746.3000000007
2026-08-20 10:30:25.685059010+05:30,498.7000000000001,502.65,498.2000000000001,501.6,5987.0,2483.0,156,2997111.65
2026-08-20 10:43:43.244611256+05:30,500.65,502.65,499.05,499.05,5938.0,3635.0,108,2976650.250000001
2026-08-20 11:05:51.823647815+05:30,499.4,503.5,493.2000000000001,493.85,5933.0,3064.0,168,2953343.750000001
2026-08-20 11:23:02.429456108+05:30,493.6,495.1,490.2000000000001,493.2000000000001,5942.0,2999.0,120,2928895.4
2026-08-20 11:40:54.276565382+05:30,493.4500000000001,494.5,488.25,491.85,6001.0,2217.0,124,2951478.0999999996
2026-08-20 11:58:09.147661461+05:30,491.9,498.7000000000001,490.3,498.5,6072.0,3219.0,131,2994935.9500000007
2026-08-20 12:14:11.937397962+05:30,498.55,500.9500000000001,496.8,497.05,5912.0,2603.0,118,2949170.8500000024
2026-08-20 12:33:02.449307724+05:30,497.15,497.9500000000001,491.4,494.25,5927.0,2360.0,124,2929232.2499999977
2026-08-20 13:00:34.323847347+05:30,493.6,500.6,488.9500000000001,500.6,5967.0,3043.0,175,2939659.600000001
2026-08-20 13:21:19.401523548+05:30,500.7000000000001,504.5,499.2000000000001,503.85,6051.0,3585.0,161,3034320.3999999994
2026-08-20 13:40:05.359949956+05:30,503.8,503.8,494.85,496.7000000000001,5925.0,2746.0,136,2953834.25
2026-08-20 13:53:31.397786019+05:30,496.65,500.05,495.0,499.1,5914.0,3216.0,114,2942590.400000001
2026-08-20 14:12:57.731066071+05:30,499.15,501.65,495.75,500.55,5932.0,3358.0,141,2961735.1
2026-08-20 14:27:18.280077305+05:30,500.75,501.25,493.7000000000001,494.5,5977.0,2957.0,117,2977846.9499999997
2026-08-20 14:40:51.193530667+05:30,494.85,505.8,494.35,502.75,5917.0,3842.0,139,2963232.599999998
2026-08-20 14:52:41.479052709+05:30,502.65,504.9500000000001,497.9500000000001,499.85,5936.0,3386.0,133,2977990.7499999995
2026-08-20 15:05:25.086626374+05:30,500.05,500.85,493.3,493.4,5951.0,2391.0,165,2959758.5000000005
2026-08-20 15:11:56.428428403+05:30,493.2000000000001,497.5,492.6,495.9500000000001,6037.0,3271.0,119,2988342.500000001
2026-08-20 15:18:28.843042696+05:30,494.55,497.8,490.6,493.0,5956.0,3123.0,107,2944156.5500000003
2026-08-20 15:23:25.775091881+05:30,492.6,492.6,486.25,489.2000000000001,5977.0,2629.0,129,2921305.749999999
2026-08-20 15:26:50.676151146+05:30,489.05,489.9500000000001,485.65,488.75,5941.0,3463.0,115,2896581.250000001
2026-08-20 15:29:20.181519271+05:30,488.75,490.55,487.15,489.9500000000001,6030.0,2759.0,167,2947115.4499999993
2026-08-21 09:15:00.086582549+05:30,489.55,496.85,489.55,495.5,5925.0,3081.0,165,2923875.1500000013
2026-08-21 09:15:04.639456413+05:30,495.5,497.5,494.05,494.85,5947.0,3309.0,101,2947686.7000000007
2026-08-21 09:15:23.799333078+05:30,494.5,494.5,486.8,488.1,5919.0,3282.0,105,2903630.65
2026-08-21 09:16:11.011043510+05:30,488.5,490.0,486.75,488.15,5983.0,2751.0,140,2921694.2
2026-08-21 09:17:23.041098124+05:30,487.65,487.65,482.9500000000001,483.65,5944.0,2822.0,131,2882599.4999999986
2026-08-21 09:19:22.038217270+05:30,484.0,484.0,476.85,477.3,5934.0,2419.0,146,2844262.05
2026-08-21 09:21:12.249946966+05:30,477.25,481.2000000000001,475.05,481.2000000000001,5917.0,2971.0,136,2825323.1999999997
2026-08-21 09:23:51.030203489+05:30,481.6,482.2000000000001,476.1,476.65,6104.0,2762.0,116,2923526.8000000007
2026-08-21 09:27:27.726800554+05:30,476.7000000000001,480.2000000000001,476.1,477.75,6014.0,3058.0,158,2877439.65
2026-08-21 09:31:23.106502760+05:30,478.15,478.8,472.4500000000001,472.7000000000001,5953.0,2868.0,151,2830592.400000001
2026-08-21 09:35:17.956176852+05:30,472.4500000000001,473.85,467.9500000000001,468.4500000000001,5932.0,2899.0,129,2795556.0000000005
2026-08-21 09:39:10.449472445+05:30,467.55,468.1,461.2000000000001,462.65,5925.0,3126.0,132,2754713.3000000007
2026-08-21 09:43:00.952249960+05:30,463.0,463.05,458.7000000000001,462.5,5916.0,2791.0,106,2724458.8499999996
2026-08-21 09:47:31.797441568+05:30,462.6,465.3,461.7000000000001,463.05,5921.0,2888.0,113,2742763.3500000015
2026-08-21 09:53:48.489138555+05:30,462.9500000000001,466.0,462.2000000000001,465.9,5991.0,3551.0,143,2779661.0000000005
2026-08-21 10:00:45.768140932+05:30,465.9500000000001,469.7000000000001,463.4500000000001,463.55,6405.0,2940.0,143,2991333.6
2026-08-21 10:08:09.016074519+05:30,463.8,466.65,461.35,464.55,5926.0,2512.0,159,2751089.3500000006
2026-08-21 10:15:24.190902908+05:30,464.55,464.8,461.55,462.15,5997.0,2789.0,125,2776867.450000001
2026-08-21 10:23:19.111072815+05:30,461.9500000000001,464.35,460.5,461.4,5950.0,3240.0,131,2748365.9999999995
2026-08-21 10:30:04.575724555+05:30,461.65,463.3,459.4,463.3,6022.0,2469.0,104,2775791.85
2026-08-21 10:37:38.949265981+05:30,463.85,464.5,459.6,461.5,6204.0,2184.0,123,2866797.1000000015
2026-08-21 10:44:47.997637578+05:30,460.7000000000001,464.05,458.9500000000001,459.85,5916.0,2639.0,134,2728471.549999999
2026-08-21 10:53:16.137570944+05:30,459.75,464.35,457.9500000000001,464.35,5915.0,3279.0,131,2722464.0
2026-08-21 11:01:36.214264772+05:30,465.0,470.5,464.9,469.6,5993.0,3264.0,120,2805383.7500000005
2026-08-21 11:09:20.832533732+05:30,469.1,469.55,465.8,467.9,5923.0,3022.0,132,2771525.150000001
2026-08-21 11:17:16.930628635+05:30,468.0,468.75,463.7000000000001,465.55,5932.0,3160.0,120,2766724.2500000005
2026-08-21 11:23:31.799903411+05:30,464.55,465.4,460.65,461.55,6165.0,3322.0,94,2852094.5
2026-08-21 11:33:37.040439127+05:30,461.25,462.3,458.35,462.05,6076.0,3306.0,134,2796901.0500000003
2026-08-21 11:44:56.008930353+05:30,462.3,463.5,458.15,458.15,6036.0,3257.0,143,2778926.9999999995
2026-08-21 11:55:52.266875668+05:30,458.0,459.4,454.1,458.4500000000001,5924.0,2992.0,128,2708542.05
2026-08-21 12:05:23.701118405+05:30,458.05,464.85,457.6,463.05,6274.0,2822.0,126,2894464.7500000005
2026-08-21 12:16:27.769648779+05:30,462.85,465.8,462.05,463.65,6082.0,2544.0,146,2822565.200000002
2026-08-21 12:28:04.459131120+05:30,462.9,465.1,460.65,461.5,5914.0,2610.0,137,2733768.6999999993
2026-08-21 12:39:30.009166856+05:30,460.85,463.5,460.8,461.7000000000001,6000.0,2710.0,150,2771808.1
2026-08-21 12:49:45.625469159+05:30,462.4500000000001,462.4500000000001,455.7000000000001,459.9500000000001,5943.0,2761.0,144,2725467.500000002
2026-08-21 12:57:56.878174105+05:30,460.0,460.0,451.1,452.65,5947.0,1988.0,106,2706860.499999999
2026-08-21 13:06:59.493041438+05:30,452.75,453.8,448.9500000000001,450.85,5954.0,2667.0,119,2686115.3500000006
2026-08-21 13:15:02.022309309+05:30,450.9,453.65,450.15,453.65,5970.0,2287.0,115,2696592.2499999995
2026-08-21 13:24:16.072833155+05:30,453.35,455.05,450.5,451.0,6002.0,4352.0,120,2718134.8
2026-08-21 13:34:11.055688418+05:30,450.4,450.4,446.1,448.9,5913.0,3326.0,134,2649561.3499999987
2026-08-21 13:43:19.333449810+05:30,448.5,451.4500000000001,448.5,450.3,5937.0,2523.0,136,2673034.100000001
2026-08-21 13:52:41.945440802+05:30,450.3,450.3,439.85,440.2000000000001,5956.0,2076.0,155,2655165.4499999997
2026-08-21 14:02:01.091788844+05:30,440.15,447.7000000000001,438.9500000000001,446.35,5920.0,3271.0,156,2626011.7499999995
2026-08-21 14:10:18.023883460+05:30,446.25,446.75,439.5,439.75,5938.0,2613.0,123,2635392.500000001
2026-08-21 14:19:06.469438355+05:30,439.35,439.35,433.35,433.35,5935.0,2589.0,141,2588683.3000000003
2026-08-21 14:26:19.641115594+05:30,433.75,437.05,432.4500000000001,437.05,5912.0,3100.0,127,2569781.7999999993
2026-08-21 14:32:30.305372301+05:30,437.0,442.2000000000001,437.0,441.6,5919.0,3141.0,127,2608602.75
2026-08-21 14:41:42.940546646+05:30,441.85,442.4500000000001,439.05,441.2000000000001,5944.0,3126.0,149,2620643.4
2026-08-21 14:48:37.275805141+05:30,441.1,452.05,440.0,452.05,6522.0,4704.0,146,2913720.75
2026-08-21 14:53:56.729388730+05:30,451.65,451.65,445.35,447.0,5942.0,2430.0,141,2661742.799999999
2026-08-21 15:00:35.766212696+05:30,446.6,447.9500000000001,444.65,447.9,6058.0,3105.0,145,2702417.85
2026-08-21 15:06:58.493540031+05:30,448.05,451.05,446.4500000000001,450.2000000000001,5968.0,3330.0,148,2681452.55
2026-08-21 15:12:20.524074307+05:30,450.6,455.7000000000001,449.35,455.2000000000001,5933.0,3222.0,155,2681613.400000001
2026-08-21 15:15:39.660850869+05:30,454.75,455.05,449.3,451.75,6046.0,3027.0,133,2734432.8000000003
2026-08-21 15:19:13.000429158+05:30,451.5,453.65,450.3,452.2000000000001,5923.0,2896.0,131,2678363.1999999993
2026-08-21 15:21:50.863024499+05:30,452.4,454.9,447.35,449.3,5982.0,2379.0,132,2701639.4499999993
2026-08-21 15:24:08.600210703+05:30,449.6,454.55,449.4,454.55,5941.0,2933.0,123,2683469.6999999997
2026-08-21 15:26:19.375263484+05:30,454.85,461.85,454.75,458.6,5973.0,2774.0,150,2741114.6999999983
2026-08-21 15:27:53.449852477+05:30,458.65,460.7000000000001,457.6,459.15,5927.0,3269.0,128,2720733.7499999995
2026-08-21 15:29:13.559113256+05:30,459.4,463.1,456.9500000000001,463.05,5975.0,3659.0,159,2742324.35
2026-08-21 15:29:43.881265863+05:30,463.15,465.3,459.85,463.25,6056.0,3293.0,119,2799794.1
2026-08-21 15:29:58.346527734+05:30,463.4500000000001,463.9500000000001,458.5,459.8,6056.0,2429.0,137,2786991.0999999996
